L11575671,AM,AM-SU,,38.8658815,46.1970051,Agarak city park / Ագարակ,2023-05-20 19:45,15,3
L4778624,AM,AM-KT,,40.5060576,44.7489882,Aghbyurak/Hrazdan (Աղբյուրակ/Հրազդան) Reservoir,2026-09-03 10:30,57,15
L4810268,AM,AM-SH,,40.6691617,43.7498438,Akhurian Reservoir (Ախուրյանի ջրամբար),2026-09-13 15:52,63,8
L4794188,AM,AM-AG,,40.4730658,44.1826129,Aragats Alpine State Sanctuary (Արագածի ալպյան արգելավայր),2026-09-26 11:15,118,137
L11572962,AM,AM-SU,,38.9017297,46.2859252,Araksashen / Արաքսաշեն Farmland,2026-05-10 17:46,16,2
L4781357,AM,AM-AR,,39.8100525,44.7333241,Ararat (Արարատ) Ponds,2026-08-25 12:43,125,20
L4811917,AM,AM-SH,,41.0767869,43.7226248,Ardenis (Արդենիս),2026-09-13 13:03,87,14
L22317006,AM,AM-VD,,39.7315465,45.2031574,Areni-1 Cave Area / Արենիի քարանձավ,2026-06-14 10:36,71,31
L4793919,AM,AM-SU,,38.9942391,46.2580633,Arevik NP (Արևիկ ազգային պարկ),2019-09-18 07:15,52,13
L4793940,AM,AM-SU,,38.9723554,46.2269068,Arevik NP (Արևիկ ազգային պարկ)--Below 2000m,2026-07-01 08:51,51,4
L61920688,AM,AM-AR,,39.7518846,44.80393,Armash Birding FREE ACCESS,2026-06-20 05:29,52,5
L7618981,AM,AM-VD,,39.7204081,45.1533902,Arpa River near Areni (Արենի),2025-08-03 08:41,64,4
L25852925,AM,AM-GR,,40.4679753,45.3095214,Artanish Peninsula / Արտանիշ Թերակղզի,2026-05-28 14:04,96,19
L11589845,AM,AM-SU,,39.2664642,46.4705607,Artsvanik / Արծվանիկ,2019-05-10 11:15,2,1
L19034790,AM,AM-KT,,40.4392491,44.5858693,Arzakan / Արզական,2026-07-15 10:15,61,6
L7155500,AM,AM-KT,,40.5227621,44.6967173,Arzakan-Meghradzor Sanctuary (Արզական-Մեղրաձորի արգելավայր),2026-07-08 07:48,37,2
L27180128,AM,AM-LO,,40.8694859,44.4394515,Bazum / Բազում Fields,2024-03-12 07:38,30,6
L5371309,AM,AM-AR,,39.949424,44.88718,Caucasus Wildlife Refuge,2026-06-14 17:15,98,22
L22370445,AM,AM-ER,,40.173145,44.637003,Charent's Arch / Չարենցի Կամար,2026-09-05 09:06,32,11
L29801819,AM,AM-LO,,40.827485,44.461045,Chemical Lake Trail,2025-03-06 07:23,77,21
L10282788,AM,AM-LO,,41.0234259,44.6285768,Debed (Դեբետ) Gorge,2026-05-25 10:31,73,23
L22898637,AM,AM-TV,,40.7383379,44.860162,Dilijan City Park / Դիլիջանի քաղաքային այգի,2026-09-13 11:32,117,380
L37300880,AM,AM-TV,,40.7540621,44.8067991,Dilijan NP (Դիլիջան ազգային պարկ)--Jukhtakvank and Matosavank Monasteries (Մաթոսավանք և Ջուխտակ վանք),2026-08-09 16:30,49,8
L25554078,AM,AM-TV,,40.7388032,44.8745155,Drunken Forest,2026-08-24 13:27,55,45
L26432130,AM,AM-TV,,40.7583265,44.8495594,Ecokayan / Էկոկայան,2026-09-13 17:01,111,85
L10194329,AM,AM-ER,,40.1751882,44.5073195,English & Children's Parks (Անգլիական այգի մանկական այգի),2026-09-04 00:00,63,117
L7155419,AM,AM-ER,,40.1451045,44.6258426,Erebuni State Reserve (Էրեբունի արգելոց),2026-05-26 11:08,67,13
L11853545,AM,AM-AV,,40.1630956,44.292993,Etchmiadzin (Էջմիածին) / Vagharshapat (Վաղարշապատ) (City),2026-07-17 15:22,45,21
L9170089,AM,AM-SU,,38.9070908,46.2550306,Gesi Dzor,2025-07-22 07:01,56,10
L7155577,AM,AM-GR,,40.7045988,45.2532649,Getik State Sanctuary (Գետիկի արգելավայր),2025-10-15 13:55,41,4
L7715743,AM,AM-VD,,39.6573151,45.2970171,Gnishik (Գնիշիկ) (Village),2026-05-21 18:20,104,15
L7155511,AM,AM-AR,,39.8938408,44.7254384,Goravan Sands State Sanctuary (Գոռավանի ավազուտներ արգելավայր),2026-09-27 12:32,60,24
L11566592,AM,AM-SU,,39.6860707,45.7631893,Gorayk / Գորայք (Village),2026-09-18 09:42,50,11
L15098463,AM,AM-AR,,39.8173841,44.8387943,Gorge east of Surenavan (Սուրենավան),2025-08-24 06:17,68,13
L11566645,AM,AM-SU,,39.5121605,46.3388729,Goris / Գորիս (Town),2025-11-04 09:57,55,10
L7155598,AM,AM-SU,,39.4571617,46.39359,Goris Sanctuary (Գորիսի արգելավայր),2026-08-12 11:03,56,3
L16539283,AM,AM-TV,,40.7297304,44.9973392,Goshavank / Գոշավանք,2026-07-20 16:18,67,35
L11575781,AM,AM-SU,,38.9099936,46.2733571,Graviget Gorge,2026-05-14 06:01,34,8
L27062955,AM,AM-LO,,40.7971854,44.5313822,Griboedovi 3 / Գրիբոյեդովի 3,2025-04-25 10:20,68,150
L7155606,AM,AM-LO,,40.9277026,44.437471,Gyulagarak State Sanctuary (Գյուլագարակի արգելավայր),2024-04-07 17:34,25,5
L7290455,AM,AM-LO,,41.093729,44.7119737,Haghpat Monastery (Հաղպատավանք),2026-07-09 12:05,68,37
L24526603,AM,AM-SU,,39.2186323,46.3536558,Halidzor Fortress,2023-05-21 12:48,10,1
L7155663,AM,AM-KT,,40.6660755,44.4513971,Hankavan Hydrological Sanctuary(Հանքավանի ջրաբանական արգելավայր),2019-05-13 06:30,5,1
L7452459,AM,AM-VD,,39.7804545,45.5789065,Herher Open Woodland Sanctuary (Հերհերի նոսրանտառային արգելավայ),2025-06-18 13:59,55,4
L22477004,AM,AM-GR,,40.552132,44.985772,Hrazdan Source / Հրազդան աղբյուրը,2026-07-03 13:26,85,23
L7155553,AM,AM-TV,,40.867142,45.1378119,Ijevan Dendropark (Իջևանի դենդրոպարկ),2026-08-31 11:00,29,6
L6296968,AM,AM-TV,,40.9045069,45.0646448,Ijevan State Sanctuary (Իջևանի արգելավայր)--Lastiver Gorge,2025-06-01 15:49,43,7
L11598332,AM,AM-VD,,39.7128217,45.5741897,Jermuk (Ջերմուկ) Gorge,2026-09-07 09:40,72,15
L7155363,AM,AM-ER,,40.1784383,44.6149206,Jrvezh Forest Park (Ջրվեժի անտառը),2026-09-20 15:51,85,65
L9978517,AM,AM-SU,,39.5517727,46.0286808,"Karahunj (Քարահունջ, զորաց քարեր)",2026-09-18 11:14,59,11
L26806681,AM,AM-LO,,41.019958,44.687268,Karinj / Քարինջ Mountains,2023-04-09 12:00,1,1
L10495741,AM,AM-AR,,39.8783248,44.5759964,Khor Virab (Խոր Վիրապ),2026-09-09 10:30,115,82
L3954133,AM,AM-AR,,39.8931016,44.5739794,Khor Virap Sanctuary (Խոր Վիրապ արգելավայր),2026-08-11 11:00,78,24
L7155029,AM,AM-AR,,40.0369891,44.9168274,Khosrov Forest State Reserve (Խոսրովի անտառ արգելոց),2025-06-15 08:44,73,13
L4781043,AM,AM-SH,,41.0594208,43.6203575,Lake Arpi NP (Արփի լճի ազգային պարկ)--Lake Arpi (Արփի լճի),2026-09-13 10:21,138,55
L11337661,AM,AM-GR,,40.2982448,45.2193313,Lake Sevan (Սևանա լիճ)--Shoreline Cliffs on Road M10,2026-07-10 09:40,77,21
L25876526,AM,AM-LO,,41.003083,44.4297862,Lori Berd/Լոռի Բերդ,2025-05-30 14:46,21,2
L23208815,AM,AM-ER,,40.191336,44.5069134,Lovers' Park / Սիրահարների այգի,2026-06-24 10:03,23,12
L26939821,AM,AM-LO,,41.0345399,44.3596018,M3 Lakes between Getavan and Stepanavan / Լճեր Գետավան և Ստեփանավանի միջև,2026-09-12 08:19,50,13
L27510867,AM,AM-AR,,40.0520733,44.375915,Masis / Մասիս--Farmland,2026-08-27 07:35,62,12
L6295709,AM,AM-AR,,40.0443062,44.3799019,Masis / Մասիս--Fish Ponds,2026-09-20 13:19,124,37
L4793950,AM,AM-SU,,38.8979135,46.2675691,Meghri (Մեղրի) Gorge,2026-05-11 06:52,123,25
L9169968,AM,AM-SU,,38.8925619,46.2647313,Meghri (Մեղրի) Pond,2026-05-11 06:30,57,24
L9777931,AM,AM-VD,,39.8248439,45.1480616,Mount Gndasar (Գնդասարի),2026-09-08 09:02,133,142
L17107070,AM,AM-SH,,40.5212358,44.1941787,Mt Aragats (Արագած) (Please use more specific location if possible),2025-05-07 00:00,90,7
L4674108,AM,AM-AG,,40.3916481,44.2521572,Mt Aragats (Արագած) Summit Road,2026-09-26 09:57,156,222
L23057908,AM,AM-ER,,40.211016,44.499052,Nor Arabkir Park / Նոր Արաբկիր այգի,2026-06-20 16:13,22,14
L4673588,AM,AM-GR,,40.5013173,45.0431728,Norashen (Նորաշեն) Reserve,2026-09-19 10:06,217,254
L1030517,AM,AM-VD,,39.6849966,45.2348328,Noravank Monastery (Նորավանք),2026-09-19 09:17,134,244
L17107295,AM,AM-AR,,39.7906417,44.8975006,Oorts Mountains (General area - please use more specific location if possible),2025-08-10 13:27,39,1
L9778203,AM,AM-AR,,39.7947218,44.8386931,Oorts gorge,2026-09-06 12:26,139,156
L26529406,AM,AM-GR,,40.5114083,44.9567083,Pond South of Sevan NP / Սևան ազգային պարկ,2026-07-03 13:02,97,57
L31635351,AM,AM-AR,,39.920815,44.7507031,Pond beside Hotel Restaurant Oazis,2026-05-23 17:26,53,10
L64212597,AM,AM-ER,,40.171534,44.5029861,Red Bridge (Կարմիր Կամուրջ) & Meridian Exhibition Center,2026-09-25 11:29,34,58
L11337416,AM,AM-VD,,39.8982505,45.2506647,Road M10 from Getap (Գետափ) to Selim Pass (Վարդենյաց լեռնանցք),2026-05-22 14:12,30,2
L5471600,AM,AM-AG,,40.3810909,44.3958485,Saghmosavank Monastery (Սաղմոսավանք),2026-06-10 11:49,47,8
L26939963,AM,AM-LO,,41.0619746,44.3075803,Saratovka Lakes / Սարատովկա Լճեր,2026-09-12 09:50,93,15
L9777367,AM,AM-GR,,40.0379007,45.2471201,Selim/Vardenyats Pass (Վարդենյաց լեռնանցք)--North,2026-09-09 11:18,147,157
L7452576,AM,AM-SU,,39.5988888,46.2352109,Sev Lake Sanctuary (Սև լիճ արգելավայր)
L4793909,AM,AM-GR,,40.3902796,45.2739716,Sevan NP (Սևան ազգային պարկ),2025-10-31 10:00,138,17
L38889502,AM,AM-GR,,40.4260739,45.1079882,Sevan NP (Սևան ազգային պարկ)--Hayravank (Հայրավանք) Bay,2026-09-17 10:46,86,35
L17390966,AM,AM-GR,,40.5187916,44.9549678,Sevan NP (Սևան ազգային պարկ)--Lchashen (Լճաշեն) Bay,2026-06-27 16:49,94,41
L11602434,AM,AM-GR,,40.1743237,45.2500955,Sevan NP (Սևան ազգային պարկ)--Lichk (Լիճք),2026-08-01 08:08,159,63
L17390893,AM,AM-GR,,40.2168955,45.6322046,Sevan NP (Սևան ազգային պարկ)--Masrik (Մասրիկ) Delta,2026-04-28 09:42,32,4
L5723890,AM,AM-GR,,40.5645391,45.0112653,Sevanavank Monastery (Սևանավանք),2026-09-12 14:15,110,74
L9978509,AM,AM-SU,,39.552269,45.9938335,Shaki Waterfall (Շաքիի ջրվեժ),2026-05-18 13:45,30,6
L7155036,AM,AM-SU,,39.0165407,46.4643145,Shikahogh State Reserve (Շիկահողի արգելոց),2024-08-28 09:50,81,5
L12049349,AM,AM-SU,,39.4372072,46.3162309,Shinuhayr (Շինուհայր) (Village),2024-04-16 14:04,21,3
L7291163,AM,AM-SU,,39.657434,45.8205843,Spandarian Reservoir (Սպանդարյանի ջրամբար),2026-06-27 13:00,85,36
L7155616,AM,AM-LO,,40.9369237,44.4789433,Stepanavan Dendropark (Ստեփանավանի դենդրոպարկ),2026-01-14 12:17,58,15
L29203197,AM,AM-AR,,40.1155203,44.7415112,Symphony of Stones / Քարերի սիմֆոնիա,2026-09-09 16:15,86,81
L21623904,AM,AM-ER,,40.1918482,44.4793618,TUMO Park / ԹՈՒՄՈ Պուրակ,2025-07-18 06:55,25,6
L5470763,AM,AM-SU,,39.3794673,46.2500435,Tatev Monastery (Տաթեւի վանք),2026-07-05 08:52,86,35
L28844715,AM,AM-KT,,40.5348406,44.6856535,Tsahkadzor Ropeway / Ծաղկաձորի ճոպանուղի,2026-07-19 13:06,25,7
L10249962,AM,AM-ER,,40.1867344,44.4894562,Tsitsernakaberd Memorial Park (Ցեղասպանության զոհերի հուշարձան),2026-09-12 08:10,103,100
L17598980,AM,AM-GR,,40.6205507,44.9503435,Tsovagyugh / Ծովագյուղ,2026-05-21 17:52,39,23
L5566244,AM,AM-AR,,39.9236847,44.8231244,Urtsadzor (Ուրցաձոր),2026-06-13 16:04,81,17
L27609784,AM,AM-LO,,40.7923155,44.4873962,Vanadzor Botanical Garden / Վանաձոր Բուսաբանական այգի,2025-11-29 13:00,50,44
L7626518,AM,AM-VD,,39.8994111,45.4869175,Vardahovit (Վարդահովիտ) (Village),2023-10-20 16:25,64,4
L4810332,AM,AM-SH,,40.6613273,43.9054441,Vardakar Reservoir (Վարդաքար ջրամբար),2026-09-13 07:59,98,41
L4793995,AM,AM-AR,,39.8327955,45.0377226,Vardashat Gorge (Վարդաշատ կիրճ),2016-07-13 06:00,30,0
L4783715,AM,AM-AR,,39.9415528,44.707945,Vedi (Վեդի) Springs,2026-09-20 09:17,135,213
L4794016,AM,AM-AR,,39.9286947,44.7168016,Vedi Gorge (Վեդի կիրճ),2026-06-15 11:30,156,90
L4673884,AM,AM-AR,,39.9410795,44.7426581,Vedi Hills (Վեդի լեռներ),2026-09-20 07:37,136,165
L3670710,AM,AM-ER,,40.19518,44.52457,Victory Park (Հաղթանակ զբոսայգի),2026-09-25 11:49,72,59
L7452584,AM,AM-AV,,40.0616299,44.1359639,Vordan Karmir State Sanctuary (Որդան կարմիր արգելավայր)
L26848710,AM,AM-AG,,40.2956609,44.4421522,Yeghvardi / Եղվարդ Plains,2026-09-26 07:34,85,97
L10793464,AM,AM-ER,,40.195609,44.5507051,Yerevan Zoo (Երևանի կենդանաբանական այգի),2024-11-05 10:46,12,2
L22342419,AM,AM-ER,,40.160791,44.4771696,Yerevanyan Lake / Երևանյան լիճ,2026-09-26 16:28,125,191
L26450636,AM,AM-VD,,39.7080974,45.4263306,Zedea / Զեդեա Area,2026-05-28 07:04,69,18
L11853550,AM,AM-AV,,40.1602467,44.3363357,Zvartnots Cathedral (Զվարթնոց տաճար),2026-09-22 10:06,43,28
L31997682,AM,AM-AG,,40.3334852,44.2607223,Ամբերդ Կիրճ / Amberd Gorge,2026-05-08 12:45,34,7
L4780419,AM,AM-AG,,40.3892533,44.2261237,Ամբերդ ամրոց / Amberd Fortress,2026-09-26 13:52,90,49
L30614566,AM,AM-SH,,40.827848,43.833473,Անի թաղամաս և դաշտեր / Ani District and Fields,2026-09-14 16:15,83,628
L49432829,AM,AM-AG,,40.3674888,44.2520895,Անտարոտից Ամբերդ ամրոց տանող արահետ / Trail between Antarot and Amberd Fortress,2026-06-14 14:08,44,5
L50703838,AM,AM-AG,,40.5011349,44.1811359,Արագած Հարավային գագաթ / Mt Aragats South Peak,2025-07-08 11:03,3,0
L44719207,AM,AM-AG,,40.3860063,44.2886147,Արագածի անտառ / Aragats Forest,2026-05-26 16:53,45,3
L35947610,AM,AM-AR,,39.8130853,45.0144196,Արածոի Կիրճ / Hells Canyon,2026-05-11 16:03,50,7
L4673947,AM,AM-AR,,39.7685266,44.7595882,Արմաշ Ձկնաբուծարաններ / Armash Fishponds (restricted access),2026-09-19 16:10,254,477
L7734524,AM,AM-AV,,40.1140301,44.1770521,Արտաշար Ձկնաբուծարաններ / Artashar Fishponds
L9941845,AM,AM-AG,,40.3303846,44.2733574,Բյուրականի աստղադիտարան / Byurakan Observatory,2025-07-10 07:10,49,11
L32675913,AM,AM-LO,,40.7899285,44.5457806,Բուսիչ բլուրներ / Busich Hills,2025-04-24 13:56,96,62
L9930859,AM,AM-KT,,40.1104813,44.7310343,Գառնու տաճար / Garni Temple and Gorge,2026-09-09 17:00,113,113
L12052432,AM,AM-AR,,40.1404996,44.8184681,Գեղարդի վանք / Geghard Monastery,2026-09-21 10:02,96,56
L30614621,AM,AM-SH,,40.7850907,43.8354492,Գյումրիի կենտրոնական զբոսայգի/Gyumri Central Park,2026-09-03 15:49,65,223
L4671052,AM,AM-TV,,40.7888499,44.865024,Դիլիջան ազգային պարկ / Dilijan NP,2026-09-22 18:01,104,36
L31474957,AM,AM-TV,,40.7980221,44.9105188,Դիլիջան ազգային պարկ / Dilijan NP--Old Mill,2026-06-12 14:58,61,60
L9919442,AM,AM-TV,,40.8024514,44.8914557,Դիլիջան ազգային պարկ / Dilijan NP--Հաղարծին վանական համալիր / Haghartsin Monastery Complex,2026-09-14 12:00,80,78
L9114551,AM,AM-TV,,40.7526283,44.9614247,Դիլիջան ազգային պարկ / Dilijan NP--Պարզ Լիճ / Parz Lich,2026-09-23 14:25,93,87
L48212686,AM,AM-AV,,40.0798307,44.158405,Եղեգնուտ / Yeghegnut,2025-06-22 13:46,17,3
L7619221,AM,AM-AR,,39.7426891,44.8350414,Երասխ / Yeraskh,2025-07-20 10:38,43,2
L7155518,AM,AM-ER,,40.2119879,44.5561588,Երևանի բուսաբանական այգի / Yerevan Botanical Garden,2026-07-10 14:49,95,162
L76184120,AM,AM-SU,,39.5070924,46.4343594,Խնձորեսկ և Խնձորեսկի ճոճվող կամուրջ / Khndzoresk Old Village and Swinging Bridge,2026-06-26 11:00,23,1
L50446232,AM,AM-SU,,39.0662185,46.2738867,Կալեր / Kaler,2025-07-25 10:09,7,2
L73140558,AM,AM-SH,,40.7685863,43.9623599,Կառնուտի ջրամբար / Karnut Reservoir,2026-07-11 10:21,15,2
L25709142,AM,AM-VD,,39.8098333,45.6597708,Կեչուտի ջրամբար / Kechut Reservoir,2026-06-18 09:00,37,4
L48205565,AM,AM-AV,,40.1075883,43.7616913,Կողբավան / Koghbavan Plains,2025-06-22 07:16,22,3
L22363604,AM,AM-AG,,40.4085783,44.3804312,Հայոց այբուբենի հուշարձան / Armenian Alphabet Monument,2026-09-26 08:28,45,21
L38624856,AM,AM-SH,,40.6082691,43.9990737,Հառիճավանք / Harichavank,2026-09-05 12:19,26,13
L32188920,AM,AM-VD,,39.8785817,45.4310524,Հերմոն / Hermon,2026-05-09 08:17,40,15
L6295259,AM,AM-AG,,40.3432951,44.392004,Հովհաննավանք / Hovhannavank and Kasakh gorge,2026-07-04 16:57,53,9
L73142623,AM,AM-SH,,40.8244244,43.7829675,Ճլեի լիճ / Lake Chle and Fields,2026-07-11 12:52,20,2
L22321369,AM,AM-ER,,40.1829535,44.4964699,Մանկական երկաթուղի / Children's Railway,2026-08-21 16:18,80,69
L30231557,AM,AM-SH,,40.843165,43.755988,Մարմաշեն / Marmashen Monastery Area,2026-09-12 12:21,46,12
L8166840,AM,AM-TV,,41.1351326,44.9867891,Նոյեմբերյան Անտառ / Noyemberyan Forest,2018-11-18 11:00,24,2
L51670025,AM,AM-GR,,40.4138463,45.1453147,Նորատուս Լճակ / Noratus Pond,2026-07-12 13:11,58,15
L50342718,AM,AM-SU,,38.914007,46.4477528,Նռնաձոր / Nrnadzor,2025-07-23 09:34,17,6
L4810251,AM,AM-AR,,39.8683463,44.9083221,Շաղափ հովտում / Shaghap Valley,2026-07-30 11:53,77,20
L57091636,AM,AM-SH,,40.7507832,43.8532105,Շիրակ միջազգային օդանավակայան / Shirak International Airport,2026-01-24 13:01,26,5
L51668718,AM,AM-GR,,40.3834523,45.1952831,Շոռգոլի վանք / Shor Gol Chapel,2026-09-04 00:00,19,3
L25631856,AM,AM-VD,,39.8362771,45.6686164,Ջերմուկի ջրվեժ / Jermuk Waterfall and Road to Heaven,2026-05-25 11:28,31,6
L27685299,AM,AM-VD,,39.841855,45.6715401,Ջերմուկի քաղաքային այգի / Jermuk City Park,2026-05-12 13:19,64,29
L74454301,AM,AM-SH,,40.9099506,43.7545032,Ջրաձոր / Jradzor,2026-07-26 10:44,21,2
L27444928,AM,AM-LO,,40.8041382,44.4919817,Սայաթ Նովայի Անվան Քաղաքային Զբոսայգի/ Sayat Nova Park,2026-05-14 08:09,68,132
L46954938,AM,AM-LO,,41.0873301,44.6660918,Սանահին/Sanahin Monastery,2026-07-10 15:23,28,5
L35559531,AM,AM-ER,,40.1774693,44.501317,Սուրբ Սարգիս Առաջնորդանիստ եկեղեցի / St Sarkis Cathedral and Riparian Area,2026-09-10 16:41,57,118
L24523703,AM,AM-SU,,39.2179696,46.3328288,Վահանվանք / Vaganavank Monastery,2023-05-21 10:44,8,1
L6295816,AM,AM-GR,,39.9504991,45.2337456,Վարդենյաց լեռնանցք / Selim/Vardenyats Pass,2026-09-09 09:39,154,89
L48210391,AM,AM-AV,,40.0658071,44.0863662,Տանձուտ / Tandzut,2025-06-22 12:35,22,3
L4811940,AM,AM-AR,,39.96269,44.86134,Տափի բերդ (Tapi Berd Gorge),2026-06-20 16:30,75,16
