L37849458,AZ,AZ-BA,,40.241297,50.366086,Absheron National Park—main buildings,2026-09-16 09:00,133,23
L37849451,AZ,AZ-BA,,40.254988,50.362841,Absheron National Park—old concrete foundations,2026-06-07 16:28,108,19
L2609415,AZ,AZ-BA,,40.3068983,50.3468773,Absheron Park--General Area,2026-06-24 09:10,243,123
L6254179,AZ,AZ-QAX,,41.0211727,46.9061708,Acinohur Golu--General Area,2026-04-27 16:21,151,17
L7095390,AZ,AZ-BEY,,39.9844862,47.6942253,Agh Gol National Park,2024-10-22 09:05,231,27
L7102428,AZ,AZ-AGU,,40.6019498,48.4363768,Agsu serpentine road,2026-05-01 12:24,18,0
L7119123,AZ,AZ-BA,,39.9491941,49.4213548,Alat bay,2026-05-15 08:01,107,7
L7102980,AZ,AZ-SMX,,41.0232568,46.6510391,Alazan delta,2018-04-20 00:00,78,3
L2570272,AZ,AZ-XIZ,,40.8780957,49.0239924,Altiaghaj NP--General Area,2026-04-28 10:30,131,22
L7119134,AZ,AZ-XIZ,,40.9216685,49.0294297,Arpachay River Valley--General Area,2023-01-22 12:11,48,5
L7119127,AZ,AZ-SAK,,41.1916053,46.9823041,Babaratma reservoir,2026-06-03 09:19,100,8
L7103854,AZ,AZ-IMI,,39.7421853,47.9824777,Bahramtepe,2011-11-04 00:00,55,1
L7119116,AZ,AZ-BA,,40.3573695,49.8486199,Baku bay,2026-08-24 14:45,64,19
L6002245,AZ,AZ-BA,,40.3707682,49.836444,Baku city,2026-05-15 12:29,82,82
L7456838,AZ,AZ-BA,,40.3750918,49.834557,Baku--General Area,2026-08-23 10:21,39,12
L2306627,AZ,AZ-BA,,40.3699106,49.8501401,Baku--Seaside Boulevard,2026-07-09 16:59,110,141
L2296577,AZ,AZ-BA,,40.3567241,49.8138239,Baku-Botanical Gardens,2026-05-10 16:59,45,15
L7119195,AZ,AZ-NX,,39.540423,45.7856798,Batabat,2026-05-05 08:30,117,21
L6494205,AZ,AZ-SIY,,41.0047949,49.2190397,Besh Barmag bottleneck,2026-09-14 09:00,336,1472
L7127428,AZ,AZ-SIY,,40.9574607,49.2321401,Besh Barmag mountain,2026-06-18 15:48,142,101
L7102457,AZ,AZ-BIL,,39.4314918,48.5487721,Bilasuvar,2025-04-26 09:25,66,5
L7127911,AZ,AZ-GOR,,40.8182242,46.7054558,Bozdag,2025-02-02 15:31,80,4
L6818716,AZ,AZ-SIY,,40.878284,49.199697,Candy Cane Mountains--General Area,2026-06-23 16:29,147,59
L7119286,AZ,AZ-XIZ,,40.7848362,49.5302031,Cape Gilazi,2026-05-06 11:57,193,35
L6254045,AZ,AZ-ABS,,40.4040675,49.3510151,Central Gobustan,2026-04-27 16:00,82,15
L4875983,AZ,AZ-NX,,39.001411,45.6790638,Dari Dagh,2026-06-14 15:20,42,8
L7119265,AZ,AZ-NX,,39.0009562,45.6791481,Daridagh,2025-05-23 14:55,56,14
L7102433,AZ,AZ-DAV,,41.2929093,49.0712399,Deveci Liman--General Area,2025-12-18 13:35,173,17
L7127493,AZ,AZ-SMX,,41.1842719,46.2139034,Eldar Sham reserve,2004-06-04 00:00,9,0
L7871754,AZ,AZ-HAC,,40.137446,48.6567614,Garasu Wetland and Lake Complex,2016-09-20 09:00,31,1
L7103906,AZ,AZ-QAZ,,41.3000929,45.2258205,Garayazi reserve,2024-09-12 01:00,68,1
L7119173,AZ,AZ-KUR,,40.0357253,48.2185507,Garisu Wetland and Lake Complex--Lake A,2020-09-07 11:36,64,2
L7127526,AZ,AZ-QAB,,41.0167238,47.8939104,Gebele,2026-03-14 07:26,67,8
L6253992,AZ,AZ-ISM,,40.6813334,47.7587271,Goychay State Reserve,2025-05-17 18:07,23,1
L6818685,AZ,AZ-HAC,,40.052803,48.858879,Hajiqabul Fishponds,2024-08-15 14:45,109,8
L2685842,AZ,AZ-HAC,,39.9974444,48.9282833,Hajiqabul Reservoir,2025-07-07 15:32,122,12
L7113000,AZ,AZ-AST,,38.4590665,48.7136807,Hirkan NP,2025-10-12 08:04,78,9
L7119235,AZ,AZ-NX,,39.1034254,45.7024956,Ilandag--General Region,2026-05-04 15:00,114,20
L7127480,AZ,AZ-SMX,,41.1001788,46.3648796,Iori valley,2007-04-28 00:00,114,3
L7127288,AZ,AZ-ISM,,40.9571915,48.0609798,Ismayilli Reserve,2026-04-19 12:30,85,4
L7103140,AZ,AZ-ISM,,40.8275576,48.1499863,Ismayilli forest,2022-12-17 15:00,48,3
L7102374,AZ,AZ-TOV,,41.0566054,46.0733968,Jeyranchol--General Area,2024-02-04 16:30,89,3
L8293713,AZ,AZ-QBA,,41.1930423,48.1358457,Khinaliq,2026-05-04 14:06,75,16
L10109262,AZ,AZ-QBA,,41.1781153,48.1224517,Khinaliq--The village and surroundings,2026-05-14 14:20,72,38
L7102965,AZ,AZ-XIZ,,40.9104726,49.0777345,Khizi Village--General Area,2026-04-28 12:05,57,6
L7103813,AZ,AZ-LAN,,38.8694469,48.8754487,Kizil Agach coast,2026-04-25 11:00,197,50
L7127909,AZ,AZ-NEF,,39.3687304,49.3408442,Kura delta,2025-06-24 11:22,183,13
L6818613,AZ,AZ-SAL,,39.811299,49.152472,Kursengi Lake,2026-05-09 13:46,99,13
L6689898,AZ,AZ-QUS,,41.2859807,48.1092067,Laza--General Area,2026-06-23 10:23,132,96
L7102437,AZ,AZ-LER,,38.7403298,48.6113559,"Lenkoran forest, Täbässüm resort",2025-04-25 16:27,68,26
L7119145,AZ,AZ-LAN,,38.6446525,48.8243816,"Lenkoran, Moscow Forest",2008-07-16 00:00,32,0
L7140552,AZ,AZ-LER,,38.7820161,48.4303179,Lerik,2026-06-16 06:12,96,30
L7102454,AZ,AZ-LER,,38.7210492,48.4257338,Lerik canyon,2026-05-13 08:47,105,34
L7102348,AZ,AZ-LAN,,38.8757906,48.829515,Little Kizil Agach Bay,2026-06-21 05:37,241,138
L6818664,AZ,AZ-BIL,,39.495,48.709,Mahmudchala Lake,2026-06-19 13:48,175,82
L8080110,AZ,AZ-BA,,40.5219028,50.1371588,Mardakan Beach,2024-11-16 14:51,44,6
L7102368,AZ,AZ-MAS,,39.0216777,48.6978521,Masalli Olympia Center,2026-06-15 16:15,87,38
L7127211,AZ,AZ-MAS,,38.9673867,48.5461675,"Masalli forest, Istisu",2015-05-07 00:00,74,5
L7127238,AZ,AZ-YEV,,40.7891957,47.1664853,Mingechevir reservoir eastern dam,2011-11-04 00:00,43,2
L7102469,AZ,AZ-BIL,,39.620215,48.662221,Mugan steppe,2022-03-03 10:35,91,6
L7102946,AZ,AZ-NX,,39.2042957,45.4091549,Nakhchivan city,2026-06-13 19:00,95,21
L4873114,AZ,AZ-NX,,39.0561858,45.5375618,Negrem Mountains,2026-05-03 07:30,65,8
L5844805,AZ,AZ-NX,,39.05466,45.5357122,Nehram Mountains,2026-05-03 08:00,67,28
L7102925,AZ,AZ-ABS,,40.4960198,49.317627,Northern Gobustan,2025-08-03 09:25,34,2
L4875975,AZ,AZ-NX,,38.8880846,46.0468849,Ordubad - Old bridge,2016-05-06 00:00,12,1
L9705621,AZ,AZ-SAK,,41.2044495,47.1971043,Palace of the Seki Khans,2026-05-02 06:07,38,7
L7102463,AZ,AZ-BA,,40.4099572,50.3523574,Pirallahi island,2025-04-18 18:49,97,10
L7102923,AZ,AZ-SMI,,40.7809119,48.5115023,Pirqulu Reserve,2011-05-30 00:00,54,2
L7127299,AZ,AZ-QAX,,41.4460827,46.9935894,Qakh,2025-02-07 20:33,43,2
L2296537,AZ,AZ-BA,,40.3681363,49.8002198,Qanli Gol Reservoir,2026-07-09 17:50,64,6
L3222391,AZ,AZ-QBA,,41.2036801,48.1324568,"Qizilgaya southern flank, Khinaliq",2026-06-22 11:53,111,47
L6038692,AZ,AZ-BA,,40.1122446,49.3782154,Qobustan Nature Museum,2026-09-15 16:00,161,179
L7102954,AZ,AZ-QBA,,41.3445892,48.4414029,Quba forest,2026-06-22 17:54,94,36
L7103015,AZ,AZ-QBA,,41.3741572,48.330574,Qusarchay River Valley--General Area,2025-04-03 10:00,87,8
L2348285,AZ,AZ-BA,,40.3118726,49.7599827,Red Lake,2026-08-13 18:10,129,27
L7103173,AZ,AZ-SAL,,39.6306598,49.0079713,Salyan fishponds,2026-06-19 12:21,117,15
L7132046,AZ,AZ-SAL,,39.619804,48.9967225,Salyan--General Area,2025-04-14 20:13,90,7
L2688306,AZ,AZ-XAC,,41.7925243,48.6179151,Samur-Yalama NP,2023-03-24 12:45,98,6
L7127494,AZ,AZ-XAC,,41.6672035,48.790369,Samur-Yalama coast,2026-05-03 16:47,57,1
L2477826,AZ,AZ-BA,,40.1857759,49.4985463,Sangachal--Caspian Shore,2025-03-07 15:52,69,14
L7103143,AZ,AZ-KUR,,40.0313851,48.2387624,Sarisu Lake,2021-10-10 09:26,35,0
L7103801,AZ,AZ-SM,,40.9354777,46.1701269,Semkir Reservoir,2007-04-14 00:00,81,1
L7103201,AZ,AZ-NX,,39.4369107,45.6174445,Shahbuz,2026-06-12 09:29,104,13
L4876338,AZ,AZ-NX,,39.5319556,45.6134319,Shahbuz NR--Kükü,2025-07-03 06:58,56,7
L7102312,AZ,AZ-SMI,,40.6125472,48.6668386,Shamakhi--General Area,2026-04-19 10:00,84,7
L7119329,AZ,AZ-SAL,,39.6638291,49.3451521,Shirvan NP coast,2025-05-11 14:37,145,27
L3223119,AZ,AZ-SAL,,39.6707443,49.1823256,Shirvan NP--General Area,2026-09-15 09:00,303,385
L7103968,AZ,AZ-SAL,,39.8412118,49.2160864,Shirvan fishponds,2025-05-18 18:00,114,13
L8112853,AZ,AZ-XIZ,,40.821048,49.5132481,Suraabad Beach,2024-03-28 08:19,90,5
L6253969,AZ,AZ-QAB,,40.7422943,47.5689554,Turian-Chay State Reserve--General Area,2023-07-15 19:51,114,4
L7102447,AZ,AZ-YEV,,40.720277,47.0684667,Varvara wetland,2022-11-14 08:27,158,11
L8084902,AZ,AZ-BA,,40.3732511,49.8668935,White City Boulevard Seawall,2026-05-01 05:42,56,25
L7119302,AZ,AZ-SMX,,40.9242896,46.2838025,Yenikend reservoir,2025-02-04 16:59,93,4
L7713188,AZ,AZ-YEV,,40.6814191,47.2187662,Yevlakh to Yukhari Salamabad--M5 Corridor,2018-07-07 00:00,28,0
L7112971,AZ,AZ-BAL,,41.7769051,46.5594549,Zagatala Reserve,2025-04-17 09:48,85,3
L37771905,AZ,AZ-SIY,,40.953353,49.283797,Zarat Guesthouse,2025-11-01 16:04,25,5
L7102336,AZ,AZ-LER,,38.6844288,48.3761573,Zuvand--General Area,2026-05-01 11:31,170,72
L7140947,AZ,AZ-QBA,,41.2007665,48.2321677,road to Khinaliq,2026-06-22 16:27,113,57
L7119335,AZ,AZ-NX,,39.0490578,45.617182,the wadi,2026-06-14 14:00,75,20
