L5141899,BB,BB-06,,13.2074009,-59.517982,Andromeda Botanical Gardens,2026-03-27 12:07,30,67
L6260482,BB,BB-04,,13.2146288,-59.6105933,Apes Hill Polo Field,2026-09-26 06:46,23,37
L13367634,BB,BB-03,,13.1645237,-59.5469618,BB - Barbados general,2026-09-10 14:58,99,45
L13367854,BB,BB-10,,13.1058968,-59.4447423,BB - The Crane Resort,2026-04-14 16:17,35,34
L10978268,BB,BB-02,,13.238224,-59.5936801,Barbados,2026-09-21 07:57,53,13
L2058055,BB,BB-08,,13.0795619,-59.6113873,Barbados Hilton at Needhams Point,2026-09-13 16:14,49,194
L2290488,BB,BB-09,,13.2676294,-59.5931482,Barbados Wildlife Reserve,2026-06-27 12:27,44,49
L1363154,BB,BB-02,,13.2354102,-59.5437417,Barclays Park,2026-06-14 15:19,41,92
L1365333,BB,BB-06,,13.2137805,-59.5216418,Bathsheba Beach,2026-09-20 15:39,34,49
L22951808,BB,BB-06,,13.2119545,-59.5178409,Bathsheba Beach Park,2026-09-20 15:46,18,10
L1043716,BB,BB-10,,13.166923,-59.4525281,Bayfield Pond,2026-04-08 14:43,48,258
L6510618,BB,BB-08,,13.0987133,-59.6028471,Belleville Parrot Roost,2011-12-29 00:00,17,1
L1888747,BB,BB-07,,13.3243832,-59.6195808,Bright Hall,2026-03-28 06:28,89,147
L1285178,BB,BB-07,,13.3208704,-59.6188974,Bright Hall Turf Farm,2026-09-19 06:55,48,47
L993486,BB,BB-08,,13.0964493,-59.6153569,Caribbean Martin roost (abandoned),2026-07-25 12:46,46,32
L1251034,BB,BB-08,,13.090681,-59.6100569,Carlisle Bay,2026-08-28 13:49,54,130
L1133560,BB,BB-01,,13.062519,-59.5002097,Chancery Lane Swamp,2026-09-16 16:02,102,656
L1363667,BB,BB-05,,13.1747181,-59.4756765,Codrington College,2026-09-20 14:24,32,54
L1888700,BB,BB-10,,13.1246355,-59.4605848,Congo Road Private Impoundment,2026-09-25 12:31,101,950
L43174714,BB,BB-10,,13.1628498,-59.4284503,"Deeble Point, BB (13.163, -59.428)",2026-09-27 09:07,39,108
L1291622,BB,BB-11,,13.1934194,-59.5668626,Flower Forest Botanical Gardens,2026-05-09 10:15,28,41
L16275261,BB,BB-04,,13.1914026,-59.6400637,Folkestone Marine Park,2026-07-28 07:47,37,58
L4025466,BB,BB-07,,13.29504,-59.6341324,Fosters Private Wetland,2026-09-23 05:30,114,520
L1274178,BB,BB-08,,13.0801471,-59.6036625,Garrison Savannah,2026-04-08 07:49,29,28
L1888743,BB,BB-10,,13.1570762,-59.4484719,Golden Grove Swamp,2026-09-09 14:03,69,50
L875849,BB,BB-01,,13.072492,-59.5780957,Graeme Hall Nature Sanctuary (https://graemehall.com/visit/),2026-09-11 13:08,92,236
L5165334,BB,BB-01,,13.0702503,-59.576878,Graeme Hall Swamp - East Side (Public),2026-07-26 11:15,86,326
L19304610,BB,BB-01,,13.0800635,-59.4877052,Grantley Adams International Airport,2026-09-11 06:10,39,118
L54313825,BB,BB-02,,13.267343,-59.56325,Green Pond (St. Andrew),2026-09-01 12:27,35,3
L2298968,BB,BB-02,,13.25522,-59.579908,Greenland Irrigation Pond,2023-02-03 12:22,54,67
L16275245,BB,BB-02,,13.2669174,-59.5922039,Grenade Hall Forest Trail,2026-06-18 15:55,17,9
L58824814,BB,BB-03,,13.1432775,-59.5574752,Gun Hill Signal Station,2026-02-17 13:10,4,1
L2720991,BB,BB-07,,13.3004524,-59.615609,Half Acre Pond,2026-01-03 06:13,39,27
L2376171,BB,BB-07,,13.3063781,-59.6492922,Harrison Point,2026-09-26 05:56,84,208
L1365318,BB,BB-11,,13.184783,-59.5741799,Harrison's Cave,2026-06-15 13:04,27,35
L8960058,BB,BB-01,,13.0739311,-59.5949248,Hastings Boardwalk,2026-09-10 05:46,43,63
L6459179,BB,BB-06,,13.1934877,-59.5511341,Hunte's Gardens,2026-06-18 13:02,23,27
L1243342,BB,BB-01,,13.0520128,-59.5044422,Inch Marlowe Point,2026-09-16 17:36,67,363
L3904787,BB,BB-01,,13.0546202,-59.5030046,Long Beach,2026-09-13 07:18,59,106
L1840532,BB,BB-02,,13.2512187,-59.5563718,Long Pond,2026-09-23 07:36,79,257
L1251486,BB,BB-07,,13.3341056,-59.612377,"North Point, St. Lucy",2026-08-16 06:09,91,349
L3904759,BB,BB-01,,13.0622023,-59.5423365,Oistins,2026-09-25 16:31,69,411
L16275274,BB,BB-06,,13.1978712,-59.5318687,PEG Farm and Nature Reserve,2026-07-12 09:44,16,4
L12730004,BB,BB-08,,13.1264704,-59.6338735,Pile Bay,2026-03-14 07:07,41,106
L3090403,BB,BB-07,,13.3224193,-59.5958894,River Bay,2026-09-10 12:55,48,49
L7323961,BB,BB-01,,13.0736754,-59.5879469,Rockley Beach,2026-08-02 13:30,44,43
L2354300,BB,BB-09,,13.268092,-59.6450603,Six Mens Bay,2026-07-14 10:14,35,57
L1363663,BB,BB-05,,13.1850948,-59.4978568,St John Parish Church,2026-03-17 11:01,26,25
L1274124,BB,BB-09,,13.2775398,-59.5898008,St. Nicholas Abbey,2026-03-08 09:40,34,40
L1365402,BB,BB-10,,13.1263458,-59.4827244,Sunbury Plantation House,2026-02-17 11:45,24,32
L8905807,BB,BB-02,,13.221954,-59.5866556,"Turners Hall Saint Andrew, BB (13.222, -59.587)",2026-07-09 10:04,26,31
L3844856,BB,BB-02,,13.2544646,-59.5665959,Walkers Reserve,2026-09-20 16:44,70,162
L1369484,BB,BB-11,,13.186963,-59.5806219,Welchman Hall Gully,2026-01-29 13:00,22,26
L1133547,BB,BB-01,,13.1017811,-59.4990295,Woodbourne Shorebird Refuge,2026-09-27 09:05,102,1160
