L16630107,BN,BN-BE,,4.6397118,114.5266833,Andulau Forest Reserve,2026-02-21 07:28,51,3
L6135133,BN,BN-BM,,4.945458,114.933254,Brunei International Airport ,2026-08-23 18:07,69,52
L3624665,BN,BN-BE,,4.5161903,114.4748354,Luagan Lalak,2026-09-24 09:21,204,37
L50932044,BN,BN-BM,,5.080326,115.052653,Pelong Rocks,2025-08-03 09:00,7,1
L3791252,BN,BN-TE,,4.5884866,115.1146919,Sembiling Eco-Village,2026-09-26 06:21,86,21
L26015815,BN,BN-BM,,4.9013612,114.9447371,Tasek Lama,2026-09-18 06:24,62,14
L51401945,BN,BN-BM,,4.901419,114.9436758,Tasek Lama Recreational Park,2026-09-23 07:01,93,48
L14731918,BN,BN-TE,,4.4546094,115.2083641,Ulu Temburong NP (general area),2026-08-10 06:00,208,34
L3110400,BN,BN-TE,,4.5547787,115.154357,Ulu Ulu National Park Resort,2026-04-13 00:00,171,45
L21355114,BN,BN-BM,,4.7654606,114.8002683,Wasan Rice Fields,2026-06-03 08:24,50,7
L23878592,BN,BN-BM,,4.7964483,114.8188418,Wasan Rice field area,2026-09-27 14:21,110,90
