L2999599,CC,CC-,,-12.14948,96.82468,Bechet Besar (West Island),2026-01-24 06:11,42,154
L5115789,CC,CC-,,-12.1080455,96.8889213,Cemetery (Home Island),2025-01-16 10:27,8,4
L1934139,CC,CC-,,-12.185278,96.829444,Cocos (Keeling) Islands Airport,2026-09-14 17:59,84,150
L6485504,CC,CC-,,-12.0888146,96.8843079,Direction Island,2026-09-12 14:16,20,33
L22187909,CC,CC-,,-12.2060781,96.844111,Elephant's Graveyard,2025-12-16 08:30,22,21
L2999603,CC,CC-,,-12.11855,96.89666,Home Island,2026-09-11 13:15,56,142
L3951754,CC,CC-,,-12.0770082,96.8405557,Horsburgh Island,2026-03-24 09:14,27,25
L6485528,CC,CC-,,-12.1786539,96.8264794,Inner Lagoon viewing area (West Island),2026-03-25 13:45,57,127
L947676,CC,CC-,,-11.8324063,96.8280029,North Keeling Island,2025-02-26 06:10,42,56
L5111983,CC,CC-,,-12.1205679,96.8945985,Oceania House (Home Island),2026-01-07 15:42,47,71
L5113799,CC,CC-,,-12.17268,96.82073,Old Quarantine Station (West Island),2026-02-13 08:45,26,48
L3951766,CC,CC-,,-12.2012602,96.8789756,Pulu Blan Madar,2025-10-01 11:34,12,4
L6485526,CC,CC-,,-12.1567081,96.8280941,Rumah Baru (West Island),2026-01-24 16:50,18,28
L5113816,CC,CC-,,-12.19845,96.86332,Scout Park (West Island),2026-08-30 08:25,12,20
L2999606,CC,CC-,,-12.19792,96.90268,South Island,2026-02-10 06:00,50,104
L4479114,CC,CC-,,-12.1939921,96.855104,South Lagoon (West Island),2026-07-27 10:50,21,17
L5115793,CC,CC-,,-12.1235992,96.9047463,Southern tip (Home Island),2024-11-22 09:45,19,25
L22157711,CC,CC-,,-12.1427007,96.8224852,The Farm,2025-12-19 07:15,18,22
L7907268,CC,CC-,,-12.1831548,96.8208826,The Old Bottle Tip (West Island),2026-01-08 15:52,33,42
L5113794,CC,CC-,,-12.1418346,96.8178991,Trannies Beach (West Island),2026-05-13 09:15,21,49
L5115784,CC,CC-,,-12.1118066,96.8924223,Transfer Station (Home Island),2026-01-21 17:04,20,16
L5111972,CC,CC-,,-12.18132,96.82278,Transfer Station (West Island),2026-03-25 16:00,34,55
L947678,CC,CC-,,-12.1640305,96.8221664,West Island,2026-07-21 10:30,100,332
