L2329222,CK,CK-,,-18.8465126,-159.7854996,Aitutaki,2026-08-30 14:52,27,41
L1931589,CK,CK-,,-18.8915074,-159.7906494,Aitutaki (South) - Mangere,2025-12-23 11:39,19,5
L1307441,CK,CK-,,-18.8738033,-159.7618103,Aitutaki Lagoon,2026-04-07 00:00,19,16
L7526221,CK,CK-,,-18.850158,-159.755744,Aitutaki Lagoon Resort,2025-12-01 20:46,12,4
L1931571,CK,CK-,,-18.8322156,-159.7767448,Aitutaki North--Seaside Lodges,2026-07-26 15:00,18,13
L7526240,CK,CK-,,-18.865387,-159.798323,Aitutaki--Arutanga,2026-08-11 07:20,16,16
L74519171,CK,CK-,,-18.91339,-159.82814,Aitutaki--Honeymoon Island,2026-08-10 10:31,1,2
L4536405,CK,CK-,,-18.9148935,-159.8347235,Aitutaki--Maina Island,2026-08-10 11:29,16,9
L9147145,CK,CK-,,-18.83804,-159.7805307,Aitutaki--Maungapu,2026-08-10 07:17,15,11
L2329226,CK,CK-,,-18.9377892,-159.7347736,Aitutaki--One Foot Island,2026-08-10 13:49,18,22
L1931572,CK,CK-,,-19.9991605,-158.1375504,Atiu (West),2026-09-20 09:15,22,6
L5942605,CK,CK-,,-19.996996,-158.11396,Atiu Island,2024-01-31 08:00,27,67
L8851475,CK,CK-,,-20.0072762,-158.1089258,Atiu Villas,2026-09-26 13:00,17,11
L17289367,CK,CK-,,-20.0003,-158.0911,Atiu--Anatakitaki (Kopeka) Cave,2026-09-26 14:00,11,5
L1931581,CK,CK-,,-19.9994831,-158.115921,Atiu--Areora,2026-09-21 08:15,13,24
L1931575,CK,CK-,,-21.9163728,-157.8970528,Mangaia--Ivirua Village,2010-02-14 08:30,16,3
L1931580,CK,CK-,,-21.9511658,-157.9293251,Mangaia--Lake Tiriara,2026-09-25 15:00,17,6
L1931577,CK,CK-,,-21.9250519,-157.954731,Mangaia--Oneroa Village,2026-09-25 12:00,17,19
L9146852,CK,CK-,,-21.9285282,-157.9291818,Mangaia--interior (general),2026-09-23 10:40,16,7
L9632442,CK,CK-,,-18.053888,-163.1897641,Palmerston Atoll,2025-10-07 07:05,21,14
L9621897,CK,CK-,,-21.2024166,-159.807083,Rarotonga International Airport,2026-08-09 16:43,14,10
L8501687,CK,CK-,,-21.2437019,-159.7239756,Rarotonga--Avana Harbour & seawatching,2026-07-16 10:30,26,17
L8501636,CK,CK-,,-21.2505019,-159.7448006,Rarotonga--Avana Valley,2026-09-22 13:00,18,29
L2329216,CK,CK-,,-21.2071387,-159.7803497,Rarotonga--Avarua vicinity,2026-09-26 07:30,26,56
L9621944,CK,CK-,,-21.2180048,-159.7348166,Rarotonga--CI National Soccer Field,2024-10-02 11:03,12,2
L5947338,CK,CK-,,-21.22715,-159.780652,Rarotonga--Maungatea Bluff,2025-10-13 14:00,14,5
L1307427,CK,CK-,,-21.254324,-159.7278214,Rarotonga--Muri Beach/Lagoon,2026-08-12 15:30,28,44
L8501830,CK,CK-,,-21.2311042,-159.8128539,Rarotonga--Raemaru Track,2026-08-11 11:00,16,13
L2525717,CK,CK-,,-21.2619424,-159.7667965,Rarotonga--Takitumu Conservation Area,2026-09-22 08:40,26,78
L8501776,CK,CK-,,-21.2392433,-159.7916575,Rarotonga--Te Rua Manga (Needle) Track,2026-09-18 06:30,24,39
L8501850,CK,CK-,,-21.2116445,-159.8058549,Rarotonga--Tereora Hill Track,2025-11-21 08:00,15,2
L9615679,CK,CK-,,-21.2733501,-159.757901,Rarotonga--Titikaveka Coastline & village area,2026-08-09 07:34,30,34
L8501702,CK,CK-,,-21.2388326,-159.7413349,Rarotonga--Turangi Valley,2026-09-04 11:33,9,3
L2329367,CK,CK-,,-21.2543418,-159.7905636,Rarotonga--Wigmore Watefall area,2026-09-22 09:49,19,32
