L5497222,CW,CW-,,12.2119876,-69.0845445,Beach Daaibooi,2026-09-07 12:45,39,32
L9260543,CW,CW-,,12.3518998,-69.151429,"Beach Grote Knip (12.352, -69.151)",2026-09-24 11:06,59,56
L22181756,CW,CW-,,12.2281042,-69.0921164,Beach Playa Cas Abou/Bon Bini Beach,2026-09-23 09:29,31,14
L6126231,CW,CW-,,12.3696194,-69.1536677,Beach Playa Piskadó/Playa Grandi,2026-09-21 10:45,70,117
L12697392,CW,CW-,,12.2189817,-69.0863174,Beach Playa Porto Marie,2026-06-04 09:15,41,10
L26679816,CW,CW-,,12.3058893,-69.145267,Beach Playa Santa Cruz,2026-09-25 15:07,45,23
L3284349,CW,CW-,,12.269012,-69.127798,Beach/Entrance Santa Martha Bay,2026-06-16 16:31,48,25
L4620202,CW,CW-,,12.078285,-68.8381447,Birdwatch - Santa Barbara Plantation,2026-08-01 07:33,110,511
L4601307,CW,CW-,,12.1390333,-68.9822195,Blue Bay Curaçao Golf & Beach Resort,2026-09-07 11:32,160,1620
L3284922,CW,CW-,,12.147754,-68.998281,Boca Sint Michiel,2026-09-21 11:08,86,195
L3194162,CW,CW-,,12.0692025,-68.8564682,Caracas bay peninsula,2026-08-05 13:14,77,133
L1809387,CW,CW-,,12.3504663,-69.1067082,Christoffel NP main entrance trails and driving loop,2026-09-27 12:02,77,126
L3195526,CW,CW-,,12.3277598,-69.1026735,Christoffel National Park,2026-04-12 06:55,71,106
L56428651,CW,CW-,,12.166113,-68.9269239,"Dam Fortuna Abou, Willemstad, CW",2026-04-27 16:45,61,54
L11312623,CW,CW-,,12.1601241,-68.9762891,Dam Groot Sint Michiel,2024-11-27 11:35,54,20
L28103029,CW,CW-,,12.2178245,-69.0510123,"Dam Jan Kok Lodges, Curaçao, CW (12.218, -69.051)",2026-01-05 11:24,61,70
L28663531,CW,CW-,,12.1491749,-68.9634168,Dam Julianadorp,2025-03-09 08:15,65,116
L5112383,CW,CW-,,12.1659358,-68.9316988,Dam Kura Piedra,2026-03-08 17:10,98,351
L5001076,CW,CW-,,12.1586187,-68.9191246,Dam Muizenberg,2026-07-16 06:28,129,643
L5497179,CW,CW-,,12.3788762,-69.1560173,Dam Westpunt,2026-04-12 09:55,88,104
L22639547,CW,CW-,,12.1328096,-68.8750523,Dam Zapateer,2025-09-02 11:56,76,49
L6115323,CW,CW-,,12.1217047,-68.9065075,Groot Davelaar,2026-08-15 10:45,70,98
L3291237,CW,CW-,,12.201207,-68.985986,Hato Plains,2026-08-03 17:44,78,124
L11797659,CW,CW-,,12.3054477,-69.1353803,Hofi Mango,2026-09-25 12:49,65,108
L1773664,CW,CW-,,12.1349983,-68.8917446,Kabouterbos Public Park,2026-03-21 12:15,86,188
L6126066,CW,CW-,,11.9909652,-68.6430502,Klein Curaçao,2026-09-23 08:25,142,677
L3285853,CW,CW-,,12.1434157,-68.9673346,Klein Hofje (Wastewater Treatment Plant),2026-07-05 09:25,134,664
L4615317,CW,CW-,,12.117825,-68.88831,LVV area,2026-08-06 05:50,132,875
L3287472,CW,CW-,,12.1686,-68.997383,Malpais,2026-08-06 09:30,114,237
L5760695,CW,CW-,,12.140879,-68.9682841,Mangrove Forest Bay Piscaderabaai North Side,2025-05-08 09:42,95,218
L2619213,CW,CW-,,12.1068231,-68.9431357,Mangrove Forest Park (close by cruise ship docks),2026-09-24 07:44,109,638
L5703684,CW,CW-,,12.3063829,-69.1403049,Mangrove and Manchineel Forest Santa Cruz,2025-04-21 18:15,38,16
L4648631,CW,CW-,,12.1234996,-68.9124352,Mangrove forest Dokweg 2 Powerstation,2022-12-22 12:30,48,22
L3295672,CW,CW-,,12.099051,-68.882583,Parke Publiko Sorsaka - jan Thiel,2026-05-27 07:30,75,134
L1761191,CW,CW-,,12.1755571,-68.8647724,Playa Canoa,2026-07-28 16:27,90,245
L4597520,CW,CW-,,12.2723423,-69.0540129,"Playa Choromba, Boka Ascencion",2026-09-18 10:00,78,89
L36470327,CW,CW-,,12.2148002,-69.0791273,Saliña Abou (Daaibooi),2026-01-01 06:50,86,80
L3974984,CW,CW-,,12.0877277,-68.8840842,Saliña Jan Thiel (saltpans-zoutpannen),2026-09-23 08:31,117,501
L3284569,CW,CW-,,12.213644,-69.054006,Saliña Sint Marie,2026-09-25 12:19,106,599
L3285023,CW,CW-,,12.156663,-68.987525,Saliña Sint Michiel,2026-09-24 12:10,108,883
L3192373,CW,CW-,,12.0747211,-68.8392806,Santa Barbara Birdwatch Trail,2025-10-24 14:31,62,12
L3284288,CW,CW-,,12.275573,-69.121747,Santa Martha Bay,2026-05-31 09:36,67,46
L3220376,CW,CW-,,12.3670148,-69.1162348,Shete Boka Park,2026-09-26 12:11,63,76
L5986401,CW,CW-,,12.2597508,-69.0946162,Water Hole Pos San Juan/Green Lagun,2026-09-02 20:05,35,23
L3293452,CW,CW-,,12.16482,-68.97607,Wechi Dam,2026-01-24 14:21,78,52
L3293567,CW,CW-,,12.159313,-68.971715,Wechi woods,2026-07-04 11:12,56,34
L3030113,CW,CW-,,12.374644,-69.1564465,"Westpunt, Curacao",2026-07-20 15:37,82,68
L6341556,CW,CW-,,12.13575,-68.9634401,Wetlands Bay Piscaderabaai North-East Side,2026-09-15 14:17,101,303
L7805278,CW,CW-,,12.1881662,-68.934542,Wetlands East To Curacao Airport (Shoot/Shut),2026-09-22 14:40,121,288
