L8213464,GA,GA-8,,-2.226198,9.6798402,Akaka Forest,2025-10-06 05:30,87,20
L8213481,GA,GA-8,,-2.1180901,9.6216459,Akaka Lodge to Iguela Lodge,2026-06-05 06:32,177,22
L38620773,GA,GA-1,,0.6007151,9.5804037,Akanda PN - Ile aux oiseaux,2025-10-25 09:00,47,1
L22048925,GA,GA-2,,-1.1699847,13.8768855,Akiéni (Ville),2025-09-23 07:30,32,2
L6364454,GA,GA-8,,-0.9465836,8.8555384,Akori--domaine général,2025-04-14 13:54,74,1
L6364576,GA,GA-8,,-0.9871757,8.6962581,Anguille Oil Field Area/Anguille Zone de pétrole,2007-10-25 07:00,14,0
L21759026,GA,GA-1,,0.5589259,9.3166396,Arboretum Raponda Walker - route,2026-03-09 09:08,55,7
L13709259,GA,GA-2,,-1.6565003,13.431167,Aéroport de Franceville,2023-05-07 18:00,4,0
L14512031,GA,GA-7,,-0.8267459,12.7452839,Aéroport de Lastoursville,2021-04-18 10:00,2,0
L63313702,GA,GA-7,,-0.735431,12.972157,Bambidie,2026-09-01 17:00,52,1
L63163633,GA,GA-5,,-3.6490919,10.9374583,Banio Lagoon,2026-04-11 15:00,20,2
L63164021,GA,GA-5,,-3.7279039,11.0320532,Banio camp,2026-04-07 12:00,24,3
L63179495,GA,GA-5,,-3.3878061,10.6620114,Banio estuary,2026-04-13 08:00,20,1
L21354803,GA,GA-7,,-0.7478794,13.1474761,Baposso,2022-02-18 08:53,2,0
L54077328,GA,GA-1,,0.3871107,10.2449741,Barrage de Kingélé Aval,2026-09-04 09:00,46,6
L54077233,GA,GA-1,,0.3738758,10.2024364,Base vie SINOHYDRO - MAKORA,2026-09-05 07:30,75,10
L13791600,GA,GA-7,,-0.8150676,12.8115958,Bassera (Ancien village),2021-03-07 15:00,15,1
L38347913,GA,GA-6,,0.8064385,13.4348202,Batouala,2025-03-26 07:00,3,0
L43048100,GA,GA-6,,0.9450869,13.6720769,Baï de Bengoué,2025-04-04 17:00,10,0
L13711547,GA,GA-7,,-0.9345846,12.8040445,Bembicani,2022-11-09 10:00,5,0
L946692,GA,GA-6,,0.8231767,13.6784191,Bokaboka--hike to caves,1997-08-28 05:30,50,3
L60824252,GA,GA-1,,0.6083531,9.3597007,Bolokouboué,2026-03-22 07:00,49,1
L36717166,GA,GA-2,,-1.6119469,13.9064707,Bongoville Forest,2025-09-22 06:58,122,22
L39694413,GA,GA-6,,-0.0902899,11.9460009,Booué
L39697439,GA,GA-6,,-0.1067057,11.9554726,Booué,2024-08-14 00:00,21,3
L14433421,GA,GA-7,,-0.8027406,12.5822537,Boundji (Ville),2024-08-29 12:24,13,2
L1082602,GA,GA-6,,0.7723698,13.2256036,Bélinga Road--south end,2026-06-14 08:55,176,7
L5418364,GA,GA-6,,-0.3692847,11.7681521,Camp de Mikongo,2026-06-08 06:56,231,30
L14729319,GA,GA-7,,-0.4837909,12.7570329,Campement écogardes ANPN Lassio,2025-09-26 00:00,57,1
L30045847,GA,GA-1,,0.5357023,9.4372019,Cap Caravane,2026-05-10 09:00,68,9
L30046778,GA,GA-1,,0.618727,9.324797,Cap Esterias,2026-04-05 10:00,71,8
L36717772,GA,GA-8,,-0.6205396,8.7089554,Cap Lopez,2025-08-13 10:00,35,4
L36168765,GA,GA-8,,-0.6498102,8.734045,Cap Lopez--La Baie Des Coquillages,2024-08-12 16:00,15,0
L51196498,GA,GA-8,,-0.7138023,8.7245788,Cap Lopez--Lagune de l'ouest,2025-08-08 11:00,21,1
L51343250,GA,GA-8,,-0.6734043,8.7530679,Cap Lopez--Le lagon blanc,2025-08-10 11:00,15,1
L6364446,GA,GA-8,,-0.6734121,8.732028,Cap Lopez--Marais et mangroves de l'est,2025-08-13 23:00,104,1
L6364467,GA,GA-8,,-0.6328168,8.7040472,Cap Lopez--Pointe Nord,2024-09-21 06:47,103,5
L6364385,GA,GA-8,,-0.7045664,8.7252474,Cap Lopez--domaine général,2025-08-08 07:00,146,5
L14395032,GA,GA-7,,-0.8427504,12.7129398,"Carrière, Oyeni, Lastoursville",2023-01-15 08:00,58,0
L54077645,GA,GA-1,,0.4503877,10.2808576,Centrale de Kinguélé,2025-10-15 14:00,11,1
L28072894,GA,GA-9,,0.6093772,11.6552422,Chutes de Fé2,2025-08-05 08:04,61,1
L21059730,GA,GA-6,,0.2900882,12.577679,Chutes de Kongou,2025-07-14 14:00,38,4
L50486278,GA,GA-1,,0.4535246,9.5741129,Cité de l'UCET,2025-07-24 16:00,25,1
L15345873,GA,GA-7,,-0.8469852,12.961733,Doumé (village),2021-08-05 06:00,5,0
L54076960,GA,GA-1,,0.1697729,10.092659,Débarcadère de Kango,2026-09-01 09:00,20,2
L43431193,GA,GA-1,,0.61293,9.319936,Ecole Nationale des Eaux et Forets (ENEF)--campus,2025-04-29 06:10,50,5
L16535876,GA,GA-1,,0.6409544,9.4432255,Embouchure de la Mamboumbé,2026-03-08 07:59,88,30
L5418884,GA,GA-2,,-1.5859,14.264919,Environs de Lékoni,2025-09-21 14:30,288,41
L2445720,GA,GA-1,,1.0578031,9.7482634,Estuaire du Muni--Vasière Mitemele,2025-08-22 15:46,18,7
L13379531,GA,GA-1,,0.3448584,9.4165107,"Estuaire, en mer",2025-08-26 11:30,8,5
L11016909,GA,GA-3,,-0.914591,10.11498,Evaro River,2026-08-04 09:00,82,7
L51722573,GA,GA-1,,0.416375,9.49421,Faculte' De Theologie Assemblees De Dieu (Restricted Access),2026-08-07 06:33,36,9
L16546478,GA,GA-1,,0.4150525,9.4261496,Feu de Batterie IV,2025-09-07 11:00,25,5
L29596131,GA,GA-4,,-1.2155289,10.5918503,Fougamou (Ville),2025-08-28 17:48,22,2
L27626227,GA,GA-4,,-1.1695036,10.6004888,Fougamou--Chutes de l'impératrice Eugénie,2024-02-23 09:00,11,0
L21416483,GA,GA-2,,-1.622855,13.5892864,Franceville,2025-02-09 06:39,69,6
L11041482,GA,GA-2,,-1.630207,13.59801,Franceville (town),2025-09-24 09:12,43,4
L1079881,GA,GA-2,,-1.6428532,13.60794,Franceville--Passa River bridge,1996-07-10 17:30,1,0
L3856014,GA,GA-8,,-2.7348999,10.0270844,Gamba (town),2026-08-10 15:35,28,2
L3801784,GA,GA-5,,-2.7834237,10.0459671,Gamba Airport,2025-03-13 14:28,55,8
L63972857,GA,GA-3,,-0.705486,9.739187,Gomé Dakar,2026-04-08 17:35,6,0
L3858007,GA,GA-1,,0.3779176,9.4538105,Hotel Le Méridien Re-Ndama,2025-09-04 17:51,44,9
L63314227,GA,GA-2,,-0.68179,13.544139,Idjanga,2026-09-27 06:07,156,4
L38347954,GA,GA-6,,0.9255944,13.7054423,Ikey-BocaBoca,2024-11-17 15:00,1,0
L21010749,GA,GA-1,,0.2100317,9.5096831,Ile aux Perroquets,2026-07-28 09:31,39,9
L1080461,GA,GA-6,,0.5446848,12.7748508,Ipassa Makokou Nature Reserve,2025-09-30 00:00,324,52
L36717313,GA,GA-6,,0.4994662,12.8161789,Ipassa Makokou Strict NR--Boat trip,2026-09-23 17:19,37,9
L13072427,GA,GA-6,,0.5146019,12.8041649,Ipassa Makokou Strict NR--Ipassa Station,2026-09-25 15:42,287,148
L30367554,GA,GA-6,,0.521247,12.823473,Ipassa-Makokou--Loa-loa rapids,2026-09-14 15:08,56,4
L63170033,GA,GA-5,,-3.7960842,11.1307536,Kala-Boubote village,2026-04-11 08:00,19,2
L21327065,GA,GA-7,,-0.9050705,12.7908937,Kessipoughou,2021-11-26 09:45,3,0
L20855773,GA,GA-1,,0.4040802,9.4317174,La Baie des Rois,2024-09-19 10:46,7,1
L21996820,GA,GA-1,,0.5136902,9.3645398,La sablière--zone marécageuse,2022-12-31 06:50,2,0
L16684124,GA,GA-3,,-0.6826796,10.2801074,Lac Zile,2025-01-12 00:00,48,2
L26252943,GA,GA-3,,-0.6795485,10.2291191,Lambarene--Hospital Albert Schweitzer,2026-08-07 16:25,102,16
L63314475,GA,GA-3,,-0.684901,10.229159,Lambarene--Sahoty,2026-04-08 06:00,26,1
L29596219,GA,GA-3,,-0.7023564,10.2287006,Lambaréné--Débarcadère d'Issac,2025-07-19 00:00,23,1
L5546270,GA,GA-3,,-0.6866502,10.2313564,Lambaréné--Ogooué Palais,2025-08-24 07:00,131,32
L13593695,GA,GA-7,,-0.7934736,12.7634143,Lastoursville (Ville)--Gare de Lastoursville,2021-03-04 17:00,2,0
L13593815,GA,GA-7,,-0.8190304,12.7037991,Lastoursville (Ville)--Quartier Makanda,2023-05-08 08:00,29,1
L13681770,GA,GA-7,,-0.8054725,12.745177,Lastoursville (Ville)--Quartier Pahon-Pira,2022-12-15 17:00,13,1
L15724514,GA,GA-7,,-0.8104722,12.7290344,Lastoursville - centre ville,2025-12-10 10:00,32,1
L14124721,GA,GA-7,,-0.8170356,12.7325973,Lastoursville - entre la ville et l'aéroport,2021-04-18 08:00,3,0
L27502246,GA,GA-2,,-1.642443,14.2924668,Lekoni Canyon and lake,2026-09-27 15:47,147,9
L11041253,GA,GA-2,,-1.9178465,14.182002,Lekoni to PN Plateau Batéké (vehicle route),2025-09-22 00:00,121,2
L36717127,GA,GA-2,,-1.5705373,14.303057,Lekoni--Eastern savannas,2025-09-23 14:00,46,7
L36717198,GA,GA-2,,-1.578835,14.2840883,Lekoni--Forest scrub,2026-09-27 13:30,52,3
L36717145,GA,GA-2,,-1.5706008,14.1627901,Lekoni--Western wooded savannas,2026-09-27 13:08,77,7
L6060656,GA,GA-2,,-1.5846459,14.2680001,Lekoni--domaine général (Please be more precise),2026-09-27 15:11,156,9
L1080464,GA,GA-6,,0.5591187,12.8783991,Liboumba River--bridge east of Makokou,2024-08-12 12:47,131,11
L13477483,GA,GA-1,,0.3947966,9.4530272,Libreville (Ville)--Palais des sports,2025-09-04 14:47,26,1
L3800373,GA,GA-1,,0.4545116,9.4111633,Libreville International Airport,2026-02-18 08:00,95,20
L30032543,GA,GA-1,,0.3031105,9.5211057,Libreville--Alenakiri,2026-04-28 10:00,36,4
L20951227,GA,GA-1,,0.4051175,9.4313335,Libreville--Baie des Rois,2026-03-05 18:21,36,12
L21175307,GA,GA-1,,0.3833094,9.4580737,Libreville--Camp Militaire Baraka,2023-11-24 09:57,67,14
L59431871,GA,GA-1,,0.353497,9.472304,Libreville--Hotel Boulevard et environs,2026-03-02 08:32,23,3
L16838376,GA,GA-1,,0.3468798,9.4791377,Libreville--La Lowé,2026-07-10 11:15,65,8
L23505912,GA,GA-1,,0.4144437,9.480605,Libreville--Lac de Nzeng Ayong,2025-02-16 08:36,33,4
L36935804,GA,GA-1,,0.4615084,9.4167248,Libreville--Mangrove - voie de contournement de l'aéroport,2025-09-13 11:00,44,4
L26578405,GA,GA-1,,0.3842182,9.4464827,Libreville--Musée National,2024-09-22 11:17,2,1
L35309100,GA,GA-1,,0.4258021,9.4212699,Libreville--Plage Léon Mba,2026-08-02 16:16,29,3
L36716703,GA,GA-1,,0.4591614,9.4063487,Libreville--Residence Hoteliere du Phare,2025-10-19 08:47,24,7
L16457218,GA,GA-1,,0.4207294,9.4243791,Libreville--Résidence de France,2024-08-11 17:45,81,172
L5538194,GA,GA-1,,0.4490637,9.4124408,Libreville--Tropicana,2026-08-31 07:16,53,12
L63178154,GA,GA-5,,-3.5632178,10.8136074,Lido of Banio road,2026-04-14 08:00,26,3
L25361888,GA,GA-8,,-2.0611278,9.5692994,Loango NP--Loango Lodge to Akaka Bush Camp (boat trip),2025-10-07 00:00,103,8
L986887,GA,GA-8,,-1.975431,9.4245529,Loango NP--northern section,2026-06-03 08:18,191,38
L3085598,GA,GA-8,,-2.1308563,9.5450592,Loango National Park (general area),2024-08-22 00:00,268,22
L25361531,GA,GA-8,,-1.9267071,9.3529797,Loango National Park--Unnamed Island,2026-08-31 17:27,85,10
L25361408,GA,GA-8,,-1.93327,9.3115887,Loango National Park--beach track,2026-06-03 15:46,69,15
L1079764,GA,GA-7,,-0.6690043,12.4920981,Lolo River--Hwy N3 crossing,2024-08-29 11:47,57,5
L5410607,GA,GA-4,,-2.2119945,11.4722937,Lébamba
L30151472,GA,GA-6,,0.564965,12.849767,Makokou,2026-09-14 12:39,68,18
L6364529,GA,GA-1,,0.4363161,9.421742,Marais du Camp de Gaulle,2024-12-23 00:00,76,2
L63996484,GA,GA-5,,-2.9702495,10.3069537,Mayonnami--traversée Nyanga,2026-08-09 16:44,5,0
L63179103,GA,GA-5,,-3.4321459,10.6545059,Mayumba,2026-04-13 08:00,8,1
L3096238,GA,GA-5,,-3.4591908,10.6799984,Mayumba Airport,2026-04-14 08:00,78,6
L26190504,GA,GA-7,,-0.666709,12.9388822,Mbelatamanene (Village),2023-07-21 10:00,1,0
L64034135,GA,GA-4,,-1.9022572,11.9100752,Mbigou (ville),2025-01-24 17:10,1,0
L28774041,GA,GA-9,,1.9939612,11.625612,Melen,2024-01-07 14:49,25,3
L34821084,GA,GA-1,,0.9683032,9.7884703,Messaye,2024-07-14 09:00,19,0
L3858010,GA,GA-1,,0.3676182,9.4587243,Michel Marine,2026-07-31 17:26,44,31
L27626125,GA,GA-9,,0.7772589,11.5492058,Mitzic (ville),2023-10-17 20:00,1,0
L13711397,GA,GA-2,,-1.5340168,13.2086234,Moanda (Ville),2026-07-18 06:20,14,2
L2592635,GA,GA-1,,0.5758069,9.3475199,Mondah Forest Reserve,2024-10-29 10:49,175,17
L6364501,GA,GA-8,,-0.9169759,8.9122725,Mondorobe--domaine général,2009-09-27 08:00,38,0
L24435403,GA,GA-5,,-2.983627,10.28408,Mougagara,2025-07-08 08:54,7,1
L10520650,GA,GA-5,,-2.3429751,10.5914898,Moukalaba-Doudou NP--Dousala,2026-08-09 11:32,137,7
L984119,GA,GA-2,,-1.8385211,13.6038208,Moupia
L27587982,GA,GA-8,,-1.6891929,9.2842165,Mpivie River boat cruise,2025-12-10 08:00,11,0
L5562985,GA,GA-1,,0.1717784,10.1171665,N1--Ponts de Kango,2026-07-30 09:01,90,14
L36717327,GA,GA-6,,0.5246939,12.5219903,N4--swamp near Ntenkele,2026-09-21 16:43,39,5
L13593574,GA,GA-7,,-0.7674936,13.2048003,Ndambi,2022-03-20 12:00,27,0
L1075288,GA,GA-3,,-0.1830479,10.766942,Ndjole,2026-09-22 14:01,144,38
L6366695,GA,GA-8,,-1.6536419,9.6711016,Ndougou--Rivière Mpivie,2015-07-22 07:00,66,1
L36717402,GA,GA-8,,-1.3631018,9.0590273,Nkomi Bridge,2025-10-03 11:02,26,9
L22386824,GA,GA-1,,0.6201737,9.6743207,No Ayong,2023-02-19 10:59,29,3
L6364509,GA,GA-8,,-0.8625658,8.8122797,Ntchengue--domaine général,2024-08-17 10:41,55,0
L16669509,GA,GA-1,,-0.0392179,9.340437,Nyonié--Chez Béti,2026-07-28 17:25,184,67
L11041215,GA,GA-3,,-0.730614,10.2196454,Ogooue River--Lambarene,2023-07-04 07:48,47,4
L5562518,GA,GA-3,,-0.6037133,10.2811031,Ogooué River--upstream of Lambaréné,2025-01-11 00:00,82,4
L6364491,GA,GA-8,,-1.5765108,9.2588568,Omboue--domaine général,2026-08-15 15:20,152,20
L36717217,GA,GA-2,,-1.3465066,13.7754273,Oyou,2026-09-27 07:37,37,4
L1079846,GA,GA-2,,-2.1591606,13.9507484,PN Batéké Plateau,2025-09-17 07:56,297,67
L987344,GA,GA-8,,-2.22553,9.68015,PN Loango--Akaka,2026-08-27 15:01,190,54
L20829346,GA,GA-8,,-2.2812563,9.7353235,PN Loango--Iniongou,2024-08-14 16:04,44,1
L3856507,GA,GA-8,,-2.4839027,9.7240591,PN Loango--Ndogo Section,2026-04-11 07:19,51,11
L24435590,GA,GA-8,,-2.4197487,9.6444511,PN Loango--Setté cama mangrove embouchure,2026-08-26 10:45,22,9
L11041570,GA,GA-2,,-1.9631577,13.9904923,PN Plateau Batéké--Mpassa River north of Park,2025-03-21 09:01,30,3
L11041181,GA,GA-2,,-2.2096883,14.0336038,PN Plateau Batéké--Mpassa canyon,2025-02-09 10:45,62,2
L11041069,GA,GA-2,,-2.1133521,14.0698213,PN Plateau Batéké--Mpassa river,2025-07-15 08:16,105,47
L3858024,GA,GA-1,,0.306894,9.3756616,PN Pongara--Denis Estuaire,2026-09-27 09:00,74,8
L38619949,GA,GA-1,,0.1538882,9.5761291,PN Pongara--Igombiné mouth,2025-05-28 11:02,18,1
L38685622,GA,GA-1,,0.3289014,9.325161,PN Pongara--La Baie des Tortues Luth (resort),2026-07-24 14:20,43,10
L57423331,GA,GA-1,,0.3496785,9.3552376,PN Pongara--Maringa,2026-09-26 15:00,23,8
L3858013,GA,GA-1,,0.3261549,9.3637848,PN Pongara--Pointe Denis,2026-07-20 16:20,97,18
L36717553,GA,GA-8,,-2.1285822,9.6265182,PN de Loango--Akaka river,2026-08-14 08:15,115,24
L36717741,GA,GA-8,,-1.884149,9.2729859,PN de Loango--Estuary,2026-07-06 11:15,105,10
L36717686,GA,GA-8,,-2.0699078,9.5397645,PN de Loango--Gorilla station,2026-06-04 06:36,67,61
L36717705,GA,GA-8,,-1.9070202,9.3689099,PN de Loango--Iguela Lagoon,2026-06-04 06:42,80,7
L35996408,GA,GA-8,,-1.9117846,9.3667637,PN de Loango--Ile Arondibongo,2025-04-12 08:38,15,2
L21456665,GA,GA-8,,-1.8796269,9.2805697,PN de Loango--Ndola Camp,2025-10-30 07:23,175,63
L1075261,GA,GA-6,,-0.2802647,11.5823135,PN de la Lopé (general area),2026-06-10 09:30,341,71
L1075277,GA,GA-6,,-0.0923194,11.594312,PN de la Lopé-- La Lopé Lodge,2026-09-21 06:43,278,91
L36716958,GA,GA-6,,-0.1353557,11.7187965,PN de la Lopé--Mandrill forests,2026-09-21 07:56,41,7
L36716922,GA,GA-6,,-0.1624925,11.6171274,PN de la Lopé--Northern areas,2026-09-20 15:38,174,54
L39581884,GA,GA-1,,0.500755,9.4675213,Parc National d' Akanda,2026-08-13 08:57,103,6
L20944659,GA,GA-1,,0.6511521,9.4625416,Parc National d'Akanda--Pointe Moka,2026-03-28 09:20,82,9
L58167057,GA,GA-1,,0.5479459,9.5899612,Parc National d'Akanda--vasière de Kendjé,2026-03-07 14:20,26,4
L11041203,GA,GA-2,,-1.7965499,13.0176982,Parc de la Lekedi,2026-07-18 08:17,289,152
L6364525,GA,GA-1,,0.6009755,9.5795202,Parc national d'Akanda (s'il vous plaît soyez plus précis),2026-03-07 11:41,131,9
L20829083,GA,GA-8,,-0.3394178,9.004828,Parcours ferry Libreville-Port Gentil,2022-08-28 08:00,1,0
L63982192,GA,GA-8,,-2.003556,10.456856,Peny village,2025-11-30 08:00,11,0
L13379708,GA,GA-1,,0.3054532,9.3019858,Phare de Gombe,2023-03-12 08:55,29,3
L13379814,GA,GA-1,,0.5177566,9.3539651,Plage d'Akouango,2026-09-13 11:07,71,8
L15209678,GA,GA-2,,-1.905801,13.641664,Pogou Bandjogo Baie,2021-05-24 00:00,5,0
L29801359,GA,GA-1,,0.6223079,9.349336,Pointe Idolo,2024-03-09 10:00,12,0
L36016227,GA,GA-2,,-1.127,13.868,Pond along RN15,2024-08-10 09:00,43,2
L28876264,GA,GA-1,,0.2420661,9.3141703,Pongara Lodge,2026-07-18 06:19,114,19
L27584324,GA,GA-1,,0.2597648,9.317748,Pongara NP--Pongara Lodge general area,2025-09-11 10:55,91,3
L3858019,GA,GA-1,,0.330618,9.3400955,Pongara National Park--Northwest Beaches,2026-08-26 17:38,120,19
L6364475,GA,GA-8,,-0.7508683,8.750031,Port Gentil Swamp--Pig farm,2023-06-03 16:51,50,1
L16073993,GA,GA-8,,-0.7252977,8.7746617,"Port-Gentil, centre ville",2026-03-09 09:24,43,4
L36717234,GA,GA-6,,0.4490677,13.0259291,R15--Aboy River,2024-09-01 16:25,8,3
L3800381,GA,GA-1,,0.4299648,9.4199181,Radisson Hotel Complex,2026-09-25 09:50,71,46
L28773963,GA,GA-9,,2.1531105,11.3590917,Rivière Kyè--Frontière Gabon-Guinée Equatoriale,2024-01-06 11:44,6,1
L26222632,GA,GA-8,,-1.7497977,9.3772292,Rivière Mpivié,2026-06-06 08:52,64,27
L6364441,GA,GA-2,,-1.7618478,13.5445869,Rivière Ogooué--Pont du Poubara,2026-07-17 14:19,34,0
L21326389,GA,GA-1,,0.5243306,9.3491756,Route d'Akouango,2026-09-19 07:28,150,51
L16894149,GA,GA-1,,0.6043071,9.4162982,Route d'Ivinda,2026-05-17 08:00,115,33
L35522338,GA,GA-5,,-2.7126183,10.8528674,"Route de Doussala, Nyanga",2026-08-09 13:40,45,1
L35522803,GA,GA-5,,-3.1227649,11.0898302,"Route de Moulengui Binza, Nyanga",2024-08-04 13:18,33,1
L22048898,GA,GA-2,,-1.5907539,14.3121548,Route entre Lekoni et le congo,2025-09-23 00:00,103,2
L39731422,GA,GA-6,,-0.1596122,12.171824,Région de Kan-Kan,2024-12-28 00:00,52,2
L56275821,GA,GA-8,,-0.518333,9.455556,Réserve de Wonga Wongué,2016-02-12 00:00,66,1
L3856501,GA,GA-8,,-2.52712,9.7580481,Setté Cama,2026-08-26 17:01,169,35
L5562861,GA,GA-4,,-1.0374647,10.6622314,Sindara,2017-03-11 08:00,33,1
L24435337,GA,GA-5,,-2.9237652,11.0024287,Tchibanga (ville),2026-08-08 12:01,3,0
L38189184,GA,GA-5,,-2.8882125,10.9552896,Tchibanga airport
L63995852,GA,GA-5,,-2.9304832,10.9861887,Tchibanga--Relais de la Nyanga,2026-08-08 12:26,3,0
L29887334,GA,GA-1,,0.6230756,10.4076576,Tchimbélé,2022-08-07 00:00,15,0
L36717226,GA,GA-2,,-0.1355812,13.7161682,Tebe,2026-09-26 15:01,28,4
L36716749,GA,GA-1,,-0.0215293,10.3379909,Transgabonaise equator,2024-08-26 09:58,3,2
L18424847,GA,GA-3,,-1.1073186,10.0271702,Tsam Tsam Oguemoué Lambarene,2025-10-25 15:48,128,12
L3848905,GA,GA-8,,-2.7474597,9.9970865,Vembo (ACCÉS RESTREINT/RESTRICTED ACCESS),2015-08-11 06:30,110,3
