L18726922,GH,GH-CP,,5.5791455,-1.3878279,Aboabo Forest track,2025-03-25 06:23,196,29
L6310553,GH,GH-CP,,5.6608118,-1.6228008,Aboabo road,2025-04-01 14:00,178,14
L2471961,GH,GH-CP,,5.3469412,-1.3714671,Abrafo-Gyaware road,2026-07-11 06:50,270,158
L1520506,GH,GH-EP,,5.8672716,-0.1776375,Aburi Botanical Garden,2025-04-08 09:38,149,38
L25504546,GH,GH-EP,,5.8511915,-0.1729167,Aburi Botanical Gardens,2026-09-12 12:01,87,29
L51832037,GH,GH-AA,,5.758275,-0.361913,Accra Compost and Recycling plant,2025-08-21 12:07,7,1
L5372768,GH,GH-AA,,5.5819882,-0.208354,Accra New Town,2026-04-06 08:33,103,22
L5455343,GH,GH-AA,,5.6190508,-0.2069987,Achimota Forest,2026-04-04 07:26,124,65
L10211295,GH,GH-AA,,5.6206649,-0.2096718,Achimota Forest and Accra Zoo,2026-07-04 06:10,124,41
L24443590,GH,GH-EP,,6.2451798,0.0916564,Adi Lake Resort,2026-02-18 16:21,62,8
L2474474,GH,GH-AA,,5.7854583,0.0020036,Afienya--Alexis Hotel,2026-04-16 06:20,100,127
L25504744,GH,GH-EP,,6.2668403,0.0749302,Afrikiko Riverfront Resort,2026-01-24 06:24,24,4
L4105779,GH,GH-WP,,4.9222884,-1.98945,"Agona-Elubo Rd., Apemenyim",2025-12-24 18:12,53,20
L41473300,GH,GH-EP,,6.1548885,-0.6012113,Akim Apapam--marshy fields,2026-03-26 10:19,153,28
L2478769,GH,GH-WP,,4.96317,-2.40835,Amanzure,2026-04-15 16:34,118,143
L67997925,GH,GH-CP,,5.2042547,-1.0175287,Ankaful bridge
L4556042,GH,GH-WP,,5.2891153,-2.7259827,"Ankasa Conservation Area, Elubo",2026-02-15 11:40,240,47
L55418651,GH,GH-WP,,5.2819658,-2.6413976,Ankasa Forest Reserve (Nkwanta clearing and bamboo),2026-08-18 08:56,174,63
L1841737,GH,GH-WP,,5.2947246,-2.5941467,Ankasa NP,2026-04-18 09:01,381,1170
L2026906,GH,GH-WP,,5.265666,-2.5817871,Ankasa NP--Forest Camp (prior years) vicinity,2026-03-11 09:45,288,116
L38824007,GH,GH-WP,,5.2860716,-2.6475146,Ankasa NP--Ponds,2026-04-17 06:23,204,222
L2026898,GH,GH-WP,,5.2161111,-2.6511111,Ankasa NP--entrance vicinity (recent years' camp),2026-06-26 20:08,327,593
L23568220,GH,GH-WP,,5.2152324,-2.6502875,Ankasa Reserve Lodge,2026-04-16 11:23,211,439
L5423650,GH,GH-WP,,4.8916302,-2.2662033,Ankobra Beach Resort,2026-03-08 12:37,98,20
L6524535,GH,GH-WP,,4.9024983,-2.2684622,Ankobra River - Amansuri Conservation Area,2026-03-19 15:10,111,51
L2494710,GH,GH-CP,,5.4306,-1.4145,Antwikwaa--forest edge & farm scrub,2026-06-21 08:03,346,494
L9906256,GH,GH-EP,,5.9992907,-0.5847916,Apapam (Pokua Guest House and vicinity),2014-12-27 12:00,31,1
L4716859,GH,GH-AA,,5.7607951,-0.2201343,Ashesi University,2025-01-24 10:00,13,1
L2519939,GH,GH-CP,,5.6779591,-1.2652221,Assin Foso--restaurant ponds,2025-03-16 11:42,132,7
L1268918,GH,GH-EP,,6.2975538,-0.604248,Atewa Range Forest Reserve,2025-12-20 06:30,312,105
L2478680,GH,GH-EP,,6.2413908,-0.5536509,Atewa Range--upland forest & ridge,2026-07-19 06:52,377,621
L30047400,GH,GH-EP,,6.28214,-0.4861594,"Atewa--Bunso road, scrub, and degraded forest",2026-04-02 14:53,212,91
L4133959,GH,GH-EP,,6.2293104,-0.5271194,Atewa--farm scrub and degraded forest,2026-07-18 06:51,357,553
L7849820,GH,GH-TV,,5.967244,0.7112232,Avu Ecotourist site,2023-02-11 07:33,159,4
L9906260,GH,GH-AH,,7.2447345,-1.3218091,Awura Forest Reserve,2026-04-01 17:16,60,3
L10984492,GH,GH-WP,,4.8508149,-2.234308,Axim Beach Hotel,2015-03-24 13:00,65,5
L51285654,GH,GH-WP,,4.9786978,-2.5402202,Bakanta wetland,2026-03-24 09:19,21,6
L9906265,GH,GH-CP,,5.72336,-1.55429,Bankro forest,2026-03-02 06:45,171,14
L24246388,GH,GH-WP,,5.1153956,-1.6214522,Beposo,2025-12-01 06:37,17,2
L67997150,GH,GH-CP,,5.1573262,-1.1552014,Biriwa beach,1992-04-04 11:00,1,0
L12475633,GH,GH-BA,,7.7059151,-1.6965122,Boabeng-Fiema Monkey Sanctuary,2026-03-18 12:41,74,20
L2027723,GH,GH-AH,,6.68671,-1.34421,Bobiri Butterfly Sanctuary,2026-07-17 07:24,455,1117
L6259969,GH,GH-AA,,5.5076649,-0.3274012,Bojo Beach,2025-04-04 16:00,57,7
L10136845,GH,GH-WP,,4.8916337,-1.8888879,Boko marshes,2026-06-10 09:32,179,376
L24246578,GH,GH-NP,,10.3303644,-0.8011194,Bolgatanga - Tamale Rd.,2025-03-10 06:34,101,3
L4552013,GH,GH-AH,,6.9613053,-2.1117783,Bonkro Forest,2025-04-01 15:10,169,31
L2027592,GH,GH-AH,,6.1616667,-1.3494444,Bonkro Village,2026-07-11 14:28,317,453
L9097946,GH,GH-CP,,5.067342,-1.4224703,Brenu Beach,2026-03-24 15:29,160,34
L2478749,GH,GH-CP,,5.0854,-1.43393,Brenu Beach--grasslands,2026-07-10 06:55,299,518
L4220049,GH,GH-CP,,5.0698002,-1.4311194,Brenu Lagoon,2026-04-17 07:24,164,22
L2492689,GH,GH-CP,,5.1975753,-1.2917519,Brimsu Reservoir,2026-07-10 15:24,238,112
L40441122,GH,GH-NP,,8.7668994,-1.454514,Buipe Bridge over Black Volta (Savannah Region side),2026-03-29 12:23,38,12
L36324550,GH,GH-EP,,6.2676081,-0.4607391,Bunso Eco Park,2026-04-13 06:51,162,28
L4213056,GH,GH-WP,,4.8066233,-1.9389179,Busua (Village),2026-09-22 17:10,68,9
L9906263,GH,GH-NP,,9.16508,-1.50813,Busunu,2026-03-29 13:16,57,13
L30098036,GH,GH-NP,,9.1528138,-1.5383453,Busunu pond,2026-03-30 09:04,98,38
L5381611,GH,GH-WP,,4.8261216,-1.9151455,Butre Estuary,2023-10-12 12:18,52,11
L1970418,GH,GH-CP,,5.1036076,-1.2408328,Cape Coast Castle,2026-03-26 18:16,143,114
L2308897,GH,GH-WP,,4.7812179,-2.066474,Cape Three Points Forest Reserve,2021-01-23 13:18,61,4
L4091637,GH,GH-TV,,6.6011583,0.4472585,"Chances Hotel, Ho",2026-03-04 12:00,34,6
L7826966,GH,GH-EP,,5.881166,-0.1241218,Chenku Waterfalls,2026-09-12 13:45,114,5
L59858299,GH,GH-NP,,9.2992121,-1.5155741,Chutadi Swamp & River Bridge,2026-03-29 13:49,53,1
L6539473,GH,GH-CP,,5.0798372,-1.3715529,"Coconut Grove Hotel, Bantuma",2026-02-05 16:29,108,33
L24246630,GH,GH-BA,,8.4434785,-1.5634157,Dawadawa,2026-03-04 10:34,64,17
L44542261,GH,GH-AA,,5.7835769,0.0602657,Dawhenya Irrigation Scheme,2026-02-02 19:22,38,6
L1268501,GH,GH-AA,,5.5387622,-0.2878761,Densu Delta ,2025-06-22 07:30,155,24
L7826947,GH,GH-AA,,5.5301658,-0.2901828,Densu Delta Protected Area,2026-01-31 07:42,152,20
L4093216,GH,GH-CP,,5.5458952,-1.5516374,"Duabeng, Twifo",2026-03-25 09:45,46,52
L2140886,GH,GH-CP,,5.3245325,-1.4186311,Ebekawopa (Abrafo) Forest Reserve,2026-04-18 07:22,340,396
L2478637,GH,GH-CP,,5.34425,-1.37552,"Ebekawopa (Abrafo)--""stingless bee center"" forest patch",2026-06-28 06:38,281,314
L2478617,GH,GH-CP,,5.32459,-1.40445,Ebekawopa (Abrafo)--'farm scrub' habitat,2026-09-03 08:52,345,430
L4040604,GH,GH-CP,,5.346941,-1.371467,Ebekawopa (Abrafo)--Gyaware road,2026-03-24 00:00,240,80
L4105787,GH,GH-WP,,4.9640506,-2.40952,Ebi Mangrove,2026-07-15 06:42,226,498
L1970334,GH,GH-CP,,5.0828384,-1.3489741,Elmina Castle and coast,2026-04-24 10:37,108,31
L4134295,GH,GH-AA,,5.63938,-0.1748917,"Erata Hotel, Accra",2026-09-04 08:17,91,154
L2515820,GH,GH-CP,,5.1034686,-1.2529242,Fosu Lagoon,2026-06-23 09:44,171,165
L10771959,GH,GH-WP,,5.2038,-2.6406,Frenchman's Lodge,2026-06-23 17:06,225,73
L30098055,GH,GH-NP,,9.0654914,-1.3089688,Fryfusu,2026-03-09 15:10,23,11
L18183741,GH,GH-NP,,9.1373673,-1.3461665,Fufulso-Damongo Rd. ponds,2026-07-12 14:51,172,277
L4108781,GH,GH-NP,,9.0810767,-1.7782012,"Fulfoso-Damongo Rd., Damongo",2026-03-29 06:12,228,55
L4108600,GH,GH-NP,,9.1522637,-1.3947955,"Fulfoso-Damongo Road, Central Gonja",2026-03-10 16:12,163,42
L9103016,GH,GH-BA,,8.0827971,-1.7969612,Fuller Falls,2019-03-05 07:00,10,0
L9747604,GH,GH-CP,,5.5449398,-0.3838106,Garden Tuba Junction,2026-01-07 13:00,112,70
L8993825,GH,GH-CP,,5.418874,-0.4693866,Gomoa Fetteh,2024-11-24 12:13,34,0
L10771963,GH,GH-WP,,5.0489,-2.8761,Half Assini,2026-03-27 11:16,70,42
L1651612,GH,GH-CP,,5.179573,-1.3094814,"Hans Cottage Botel, Cape Coast",2026-09-10 12:10,246,365
L4084024,GH,GH-AA,,5.6808573,-0.0181649,"Hospital Rd. Link, Tema",2025-02-11 12:51,23,0
L54585539,GH,GH-CP,,5.2770613,-1.3497737,Jukwa  Methodist Church,2026-04-06 10:57,30,19
L24246299,GH,GH-CP,,5.2448957,-1.3392131,Jukwa - rural land,2026-02-08 06:25,127,58
L30098090,GH,GH-CP,,5.2608158,-1.3497489,Jukwa farmlands,2026-06-21 17:17,157,85
L1268586,GH,GH-CP,,5.5930932,-1.3756943,Kakum NP--Aboabo Camp vicinity,2026-01-29 09:03,305,76
L24246480,GH,GH-CP,,5.6464923,-1.3548853,Kakum NP--Adiembra,2026-03-29 10:41,90,21
L9976930,GH,GH-CP,,5.3543164,-1.3835876,Kakum NP--Canopy,2026-07-07 06:35,315,878
L1268559,GH,GH-CP,,5.3692451,-1.3602448,Kakum NP--Canopy Walkway & vicinity,2026-04-13 15:27,387,382
L4093437,GH,GH-CP,,5.3504018,-1.3809417,Kakum NP--entrance area,2026-04-22 11:26,308,122
L24246345,GH,GH-CP,,5.3521859,-1.3915979,Kakum NP--headquarters,2026-06-23 06:23,274,547
L10049996,GH,GH-CP,,5.3500604,-1.3819599,Kakum National Park,2026-08-28 07:21,418,605
L2478792,GH,GH-TV,,6.5058083,0.5005217,Kalakpa Resources Reserve,2026-04-05 07:07,290,165
L41473724,GH,GH-TV,,6.4757332,0.3531005,Kalakpa Resources Reserve--farm scrub,2026-04-05 07:14,119,43
L41473682,GH,GH-TV,,6.4559056,0.3713613,Kalakpa Resources Reserve--riverine forest,2026-03-05 08:15,152,49
L2482699,GH,GH-TV,,6.5338583,0.4935265,Kalakpa road--grassland & scrub,2025-03-15 07:23,169,50
L21294127,GH,GH-AA,,5.5541234,-0.1979309,Kempinski Hotel,2025-11-13 16:25,31,5
L3325813,GH,GH-TV,,5.9725829,1.0018158,Keta Lagoon,2026-02-25 07:46,175,32
L9103050,GH,GH-BA,,8.0897524,-1.6978718,Kintampo Waterfalls,2026-02-02 11:22,46,16
L19932091,GH,GH-CP,,5.0611522,-1.4407378,Ko-Sa Beach Resort,2026-05-09 09:53,62,5
L4084021,GH,GH-AA,,5.6060758,-0.1684877,"Kotoka International Airport, Accra",2026-08-11 07:29,67,87
L2478799,GH,GH-EP,,6.15388,0.06299,Kpong,2026-04-03 17:05,44,11
L4091704,GH,GH-EP,,6.1567153,0.0646568,"Kpong Wetland, Volta River",2026-03-06 11:02,70,26
L18167399,GH,GH-AH,,6.1039796,-1.3495489,Kwabena Sam Forest,2026-04-26 08:20,286,469
L9003081,GH,GH-TV,,8.2819487,0.5314177,Kyabobo NP HQ,2016-01-12 06:30,20,0
L9812526,GH,GH-AA,,5.5668208,-0.1935649,"LDS temple, Accra",2023-02-17 15:42,85,9
L34046782,GH,GH-AA,,5.5669561,-0.1834052,"La Villa Boutique Hotel, Accra",2026-04-21 07:20,33,7
L3182295,GH,GH-AA,,5.5614007,-0.1431656,Labadi Beach area,2026-09-27 14:13,126,61
L2257884,GH,GH-AA,,5.56627,-0.1340461,Labadi Lagoon,2026-03-23 11:12,193,37
L4212960,GH,GH-AH,,6.5051943,-1.4115286,Lake Bosomtwe Biosphere Reserve,2025-07-03 06:58,249,20
L6756566,GH,GH-AA,,5.7095545,0.0741792,"Laloi Lagoon, Kpone",2019-11-04 00:00,109,5
L2519634,GH,GH-NP,,9.2172502,-1.8572634,Larabanga,2026-03-18 06:15,110,72
L23798963,GH,GH-AA,,5.666077,-0.1880082,"Legon Botanical Gardens, Accra",2026-06-27 08:12,147,137
L5235406,GH,GH-AA,,5.6641173,-0.1923037,Legon waterworks,2026-03-29 17:37,110,33
L9673302,GH,GH-TV,,6.6512431,0.4452035,Lume farm plantation,2025-03-14 09:13,129,2
L6537172,GH,GH-CP,,5.2715362,-1.0007429,Mankessim Lily Pond,2026-06-16 22:26,101,52
L9786948,GH,GH-AH,,6.465611,-1.8962318,Manso Domeabra,2026-09-22 06:40,128,164
L8585871,GH,GH-AH,,6.4846439,-1.8890347,Manso Nkwanta Forest,2019-02-11 00:00,175,14
L18655558,GH,GH-NP,,9.2887202,-1.7796028,Mognori farmbush,2026-03-15 06:17,171,17
L28171305,GH,GH-AA,,5.9452981,0.0751431,Mogo Hill,2026-04-04 09:58,73,11
L2892734,GH,GH-NP,,9.240016,-1.8333435,Mole Airstrip,2026-07-02 06:21,267,516
L8383025,GH,GH-NP,,9.2962532,-1.8505248,Mole NP -- Zaina Lodge,2026-05-26 06:35,290,507
L4111347,GH,GH-NP,,9.3515966,-1.8661113,Mole NP--Asibey Loop/Haraba track vicinity (dry scrub & plains),2026-03-30 18:04,309,680
L1268844,GH,GH-NP,,9.2594425,-1.8552518,Mole NP--Mole Hotel & waterhole,2026-07-15 15:58,399,1260
L2027651,GH,GH-NP,,9.2963751,-1.7716312,Mole NP--Mole River crossing at Mognori,2026-07-02 08:07,306,200
L2524994,GH,GH-NP,,9.3049724,-1.8362832,Mole NP--Office Loop,2026-04-07 20:11,239,82
L2478703,GH,GH-NP,,9.2491286,-1.8610668,Mole NP--Samole Loop & waterhole,2026-07-13 06:36,344,559
L2526566,GH,GH-NP,,9.2819752,-1.8637598,Mole NP--Samole loop (north end),2026-03-28 15:49,321,284
L2565500,GH,GH-NP,,9.402673,-1.8947983,Mole NP--general (use more specific hot spot if possible),2026-07-02 16:59,423,487
L9003238,GH,GH-TV,,7.0221264,0.5628391,Mount Afadja trail,2024-03-01 13:00,74,4
L3407104,GH,GH-AA,,6.0850821,0.0558329,Mount Krobo,2020-05-09 08:53,41,3
L17899447,GH,GH-TV,,6.8499851,0.4194921,Mountain Paradise Lodge,2026-02-22 07:59,82,10
L20930913,GH,GH-NP,,10.6433007,-0.1877039,Nakpanduri - Gambaga escarpment,2025-03-15 10:00,68,6
L6996367,GH,GH-NP,,10.144015,-0.803951,Nasia,2026-03-19 07:49,129,20
L2478726,GH,GH-NP,,10.14433,-0.80375,Nasia River--wetlands,2026-07-06 08:07,216,207
L4096313,GH,GH-WP,,5.2990398,-1.6440673,Nsuta Forest,2026-03-07 07:10,300,309
L2478778,GH,GH-CP,,5.6777616,-1.7494011,Nsutu Forest,2020-01-07 06:00,180,21
L38911895,GH,GH-AH,,6.158015,-1.347642,Nyamebe Bepo Reserve (Picathartes Forest),2026-06-28 16:03,260,305
L2817117,GH,GH-WP,,5.0170748,-2.59655,Nzulezu - Amansuri Lake,2026-03-10 12:00,125,26
L2905135,GH,GH-AA,,5.7410466,0.1783133,Old Ningo Estuary,2014-02-01 13:00,6,1
L2483910,GH,GH-EP,,6.23319,-0.40661,Old Tafo--grassland & scrub,2026-04-12 16:45,157,52
L2481614,GH,GH-AH,,7.15953,-1.77235,Opra Forest (logging concession),2026-03-28 10:16,350,197
L57098426,GH,GH-AA,,5.547123,-0.183239,Osu Castle and Gardens,2026-09-24 13:03,36,9
L39953914,GH,GH-TV,,6.842,0.448,Ote Waterfalls road,2026-03-06 06:46,136,37
L11401760,GH,GH-AH,,6.7435455,-1.7023765,Owabi Wildlife Sanctuary,2025-11-05 12:56,180,19
L19971769,GH,GH-AA,,5.5459383,-0.2855587,Panbros Salt Ponds,2026-01-22 13:44,105,14
L10317255,GH,GH-WP,,5.3753056,-1.6299854,Pra River,2026-03-06 08:10,48,10
L4093263,GH,GH-CP,,5.3189091,-1.4164248,Pra Suhien Forest Reserve,2026-03-24 10:36,279,125
L2509693,GH,GH-CP,,5.2639139,-1.3433844,Rainforest Lodge,2026-04-17 12:37,236,491
L4091754,GH,GH-AA,,5.6557894,-0.0642501,"Regimanuel Gray Estate, Tema New Town",2026-02-02 06:14,20,3
L38421543,GH,GH-EP,,6.2195294,0.0891459,Royal Senchi Hotel and Resort,2026-09-27 10:54,79,11
L32280622,GH,GH-EP,,5.9951507,-0.1025784,Safari Valley Resort,2026-07-21 15:11,21,4
L2027734,GH,GH-EP,,6.23018,-0.52507,"Sagyimase (""Atewa Range farm scrub"")--mining concession",2026-04-11 16:17,280,279
L2027358,GH,GH-AA,,5.6215416,-0.035094,Sakumono Lagoon,2026-04-19 14:36,308,466
L8246801,GH,GH-AA,,5.6137891,-0.0312475,Sakumono Lagoon overlook,2026-04-19 16:26,218,106
L6370840,GH,GH-AA,,5.6133432,-0.0319934,Sakumono--Nautilus Beach and/or seawatch,2026-04-04 08:18,77,31
L2478745,GH,GH-UE,,11.06437,-0.41301,Sapelliga Road--thornscrub,2026-07-05 07:38,149,80
L2478741,GH,GH-UE,,11.0858975,-0.3972512,Sapelliga--village pond & vicinity,2026-04-23 08:59,127,73
L18607104,GH,GH-WP,,5.3276624,-1.7091035,Sekondi Forest,2013-12-07 05:25,72,1
L4090026,GH,GH-TV,,6.2055202,0.0970901,"Senchi ferry harbour, Volta River",2023-10-14 14:08,46,5
L2026737,GH,GH-AA,,5.8749169,0.0516701,Shai Hills RR -- Adwuku Route,2026-04-06 07:33,196,81
L2026723,GH,GH-AA,,5.8854186,0.0409412,Shai Hills RR -- Kandra Route,2026-09-26 11:15,323,480
L1268425,GH,GH-AA,,5.9357041,0.0933838,Shai Hills Resource Reserve,2026-08-23 10:04,450,607
L2474482,GH,GH-AA,,5.8309446,0.0265539,Shai Hills--Twin Rock plain,2026-07-06 07:21,158,22
L4096506,GH,GH-WP,,5.0127562,-1.6373296,Shama,2026-01-09 13:30,70,23
L4091267,GH,GH-TV,,6.5731701,0.4115113,Sokode-Etoe,2025-02-04 07:24,6,0
L3057061,GH,GH-AA,,5.8218878,0.4679489,Songor Lagoon Ramsar Site & Biosphere Reserve,2023-10-28 08:28,126,25
L8216732,GH,GH-TV,,6.9057282,0.3862086,Tafi Atome Monkey Sanctuary,2026-02-22 10:42,47,5
L36853419,GH,GH-NP,,9.5357644,-1.3856507,Tamale- Daboya road,2026-01-31 16:21,58,3
L4122298,GH,GH-NP,,9.3773206,-0.8697341,"Tamale-Techiman Rd., Dungu",2026-03-21 10:54,131,14
L4090015,GH,GH-AA,,5.8264642,0.018321,Tema-Akosombo Rd. at Kings Ave.,2026-04-05 06:03,38,1
L4091712,GH,GH-AA,,5.8446902,0.0297364,Tema-Akosombo Rd. at Shai Hills Quarry Rd.,2025-11-09 06:00,111,3
L4091726,GH,GH-AA,,5.7326557,-0.0138734,"Tema-Akosombo Rd., Tema",2026-02-13 17:31,54,24
L4091700,GH,GH-TV,,6.555687,0.40175,"Tema-Jasikan Road, Ho Municipal",2026-02-18 18:37,23,11
L7849778,GH,GH-AA,,5.9505013,0.5206381,Toje,2018-08-18 08:13,16,1
L2027687,GH,GH-UE,,10.686944,-0.806111,Tongo Hills,2026-07-04 15:53,256,252
L2027709,GH,GH-UE,,10.8616298,-1.1528778,Tono Dam & vicinity,2026-07-05 16:12,304,258
L24246683,GH,GH-TV,,6.511499,0.2553076,Tsito,2026-03-04 10:53,11,0
L22021374,GH,GH-CP,,5.4718977,-1.527135,Twifo Hemang,2026-03-31 07:41,55,14
L2026806,GH,GH-CP,,5.6104763,-1.556282,Twifo Praso--Pra River,2026-06-28 10:24,197,618
L2265183,GH,GH-AA,,5.6585997,-0.1972218,University of Ghana Botanical Gardens,2026-04-19 14:52,209,119
L3098665,GH,GH-AA,,5.7984327,-0.123446,Valley View University,2023-07-17 10:15,51,1
L37723804,GH,GH-UE,,10.8666873,-0.8500671,Vea dam and vicinity,2025-10-07 09:52,86,4
L21336927,GH,GH-EP,,6.2884892,0.0560689,Volta Hotel Akosombo,2026-08-12 11:00,48,8
L7956230,GH,GH-AA,,5.7817699,0.6643514,Volta River estuary,2023-08-16 10:30,74,8
L3058070,GH,GH-TV,,6.2339692,0.0962162,Volta River--Ferry,2024-09-21 08:48,52,5
L2478807,GH,GH-TV,,6.2425,0.09288,Volta River--at Atiboah,2026-02-17 12:30,154,54
L2308299,GH,GH-TV,,6.2398503,0.0953507,Volta Rivier--Atimpoku bridge,2026-03-06 10:46,134,32
L18733847,GH,GH-WP,,5.2948415,-1.5060552,Wassa forest,2023-11-25 06:45,129,14
L2474469,GH,GH-AA,,5.5518328,-0.3715396,Weija Reservoir,2026-02-14 15:17,97,5
L9003033,GH,GH-NP,,9.5340328,-1.3737713,White Volta River at Daboya,2026-04-24 10:04,201,274
L9906264,GH,GH-NP,,9.1405218,-1.1627121,White Volta river crossing,2026-03-27 17:15,77,16
L2478717,GH,GH-UE,,11.0689414,-0.362444,White Volta--Nakambe-Nouhao confluence (east of Sapelliga),2026-07-05 09:07,237,177
L40065922,GH,GH-EP,,6.287079,0.122738,WildRain Ecovillage,2025-02-08 07:59,26,1
L2294205,GH,GH-CP,,5.3287385,-0.6393528,Winneba Lagoon,2026-06-20 15:57,216,396
L2026767,GH,GH-CP,,5.3533989,-0.678277,Winneba Plains,2026-06-20 17:05,271,306
L9003253,GH,GH-TV,,7.11426,0.5881669,Wli Farmland,2024-03-01 07:00,92,4
L6821705,GH,GH-TV,,7.1161998,0.5920386,Wli Waterfall Trail,2025-11-25 10:00,117,7
L2266204,GH,GH-TV,,7.0717628,0.6005573,Wli-Todzi,2018-01-25 07:15,58,2
L4122499,GH,GH-UE,,10.9381995,-0.4826065,Zebilla,2021-11-24 10:47,71,4
L4122513,GH,GH-UE,,10.9972249,-0.3969279,Zebilla-Bawku Rd. at Sapelliga Rd.,2026-02-28 06:10,123,35
L4122440,GH,GH-UE,,10.8776025,-0.606427,Zebilla-Bolgatanga Rd. at Red Volta River,2022-04-03 08:28,72,4
