L37637851,IO,IO-,,-7.659,70.813,Centurion Bank,2024-10-27 06:30,9,2
L6725970,IO,IO-,,-6.3875083,71.239686,Danger Island,2025-04-04 08:30,21,12
L3802740,IO,IO-,,-7.310709,72.4154377,Diego Garcia,2025-03-31 19:10,112,137
L5123344,IO,IO-,,-7.2266422,72.41924,East Island,2024-11-04 10:45,17,2
L3802742,IO,IO-,,-6.6700636,71.3434982,Egmont Islands,2025-04-09 08:45,48,15
L37638048,IO,IO-,,-7.387,70.959,Ganges Bank,2024-10-27 11:30,10,2
L8865410,IO,IO-,,-5.3728593,71.9699126,"Grand Coquillage, Peros Banhos",2019-03-17 14:30,14,2
L3067476,IO,IO-,,-5.682267,72.3157883,Nelson's Island,2025-01-22 11:30,24,7
L3802744,IO,IO-,,-5.3460012,71.847496,Peros Banhos,2025-01-23 13:30,35,29
L37637466,IO,IO-,,-7.0572,71.3,Pitt Bank,2024-10-27 15:30,8,2
L3807565,IO,IO-,,-5.03,72.16,Speaker's Bank,2025-01-24 07:15,15,4
L8490443,IO,IO-,,-6.1569234,71.5399694,The Three Brothers,2024-11-06 08:30,18,9
L5123342,IO,IO-,,-7.247699,72.3849506,West Island,2024-11-04 09:30,16,5
