L46942080,KG,KG-GB,,42.7250233,74.5975906,"""Ата-Бейит"" мемориалы [Ata Beyit Memorial]",2026-06-04 17:32,31,6
L39243582,KG,KG-GB,,42.8712576,74.6318136,"""Чыгыш-5"" кичи району [microdistrict east-5]",2026-06-24 21:06,22,18
L35465166,KG,KG-GB,,42.8211026,74.5286163,"Aйыл Калтар, талаа [​Village Kaltar, field]",2024-05-10 10:13,2,0
L75731584,KG,KG-Y,,41.887383,77.271254,Campsite Near the waterfall,2026-08-12 16:00,1,0
L25948606,KG,KG-Y,,42.4145966,78.213748,Ecovillage Lodge жана анын тегерегиндеги талаалар / дарыя жээгинде [Ecovillage Lodge and surrounding fields/Riverside],2026-07-12 18:46,57,16
L73533281,KG,KG-O,,39.483322,72.912784,"Lenin Peak Camp—Osh KG-Osh (39.4833,72.9128)",2026-09-08 08:19,8,3
L19816683,KG,KG-GB,,42.7266287,75.9965279,MERGE,2024-06-06 18:00,24,3
L74281912,KG,KG-O,,39.437179,72.899426,"Travelers pass 39.43718, 72.89943",2026-08-13 10:33,5,0
L48606933,KG,KG-T,,41.8402312,72.9488063,[Токтогул шаарынан суу сактагычка кирүүчү жол] Toktogul town to reservoir access road,2025-06-28 11:55,15,4
L24981056,KG,KG-O,,40.1522687,72.3646082,Абшир-Ата капчыгайы [Abshir-Ata gorge],2026-04-22 14:06,25,5
L77619536,KG,KG-GB,,42.7974482,74.9444472,Айыл «Чистая роса» (Village Chistaya Rosa),2026-09-24 09:56,11,1
L48416785,KG,KG-O,,40.531509,72.79844,Ак-Буура дарыясы [river Ak-Buura],2026-09-22 18:30,23,4
L40107742,KG,KG-Y,,42.3506524,76.1659032,Ак-Олён [Ak-Olon]
L25944021,KG,KG-Y,,42.4740662,78.9359676,Ак-Суу өрөөнү -- шалбаа бөлүгү [Ak-Suu valley -- Meadow section],2026-06-28 09:26,110,95
L32569275,KG,KG-Y,,42.602872,78.8602305,Ак-Суу өрөөнү-- Төмөнкү талаалар [Ak-Suu valley -- Lower fields],2026-05-31 06:49,85,46
L1894948,KG,KG-GB,,42.6427922,74.4846424,"Ала Арча Улуттук Парк (жалпы район, мүмкүн болсо, конкреттүү жерди колдонуңуз) [Ala Archa National Park (general area, please use a more specific location if possible)]",2026-09-27 09:09,166,417
L72508202,KG,KG-GB,,42.655706,74.4953751,Ала Арча Улуттук Парк - парктын кире бериши (Ala Archa National Park - Park entrance),2026-07-05 10:32,10,0
L21085481,KG,KG-GB,,42.6263808,74.4973469,Ала Арча Улуттук Парк -- бойрок / Березовая роща [Ala Archa National Park -- Boirok / Birch Grove],2026-09-27 09:09,68,16
L24596204,KG,KG-GB,,42.5584131,74.4565427,Ала Арча Улуттук Парк-- Адыгене өрөөнү [Ala Archa National Park-- Adygene Valley],2026-08-25 12:53,72,30
L31118048,KG,KG-GB,,42.5551475,74.501612,Ала Арча Улуттук Парк--Ак-Сай өрөөнү [Ala Archa National Park--Ak-Say Valley],2026-09-23 11:15,85,38
L9620716,KG,KG-GB,,42.5599598,74.483405,Ала Арча Улуттук Парк--Ала Арча мейманканасы [Ala Archa National Park--Ala Archa Hotel area],2026-09-23 12:43,133,191
L46737171,KG,KG-N,,41.6823377,74.2848438,Ала Көл жалпы аймак [Ala Kol general area],2026-05-15 09:57,24,3
L21792469,KG,KG-GB,,42.9836699,74.5732921,Ала-Арча суу сактагычы [Ala-Archa Reservoir],2026-08-22 08:14,74,24
L20780354,KG,KG-GB,,42.5169673,74.479709,Ала-Арча улуттук паркы – негизги өрөөн [Ala Archa National Park--main valley],2026-08-29 09:38,70,21
L9779333,KG,KG-C,,42.9945584,74.6119321,Ала-Арчинское Чыгыш суу сактагычы [Ala-Archinskoye East Reservoir],2025-06-13 08:26,45,5
L16046706,KG,KG-Y,,42.3167832,78.5348673,Ала-Көл көлү [Ala-Kul Lake],2026-09-10 06:27,53,16
L48703143,KG,KG-T,,42.2453532,73.0524097,Ала-бел Ашуусу [Ala-Bel Pass],2026-06-02 11:31,11,6
L19836174,KG,KG-GB,,42.5818234,74.6602849,Аламүдүн өрөөнү [Alamedin Valley],2026-05-17 13:12,78,31
L35666146,KG,KG-GB,,42.4970743,74.6550685,Аламүдүн өрөөнүнүн айрыгы [Alamedin valley fork],2024-08-12 07:31,26,5
L55959559,KG,KG-T,,41.8891718,72.3026025,Алатай көл [Lake Alatay],2025-11-21 10:00,32,1
L20161782,KG,KG-Y,,42.4433625,78.5509999,Алтын Арашан--төмөнкү өрөөн [Altyn Arashan--lower valley],2026-05-21 08:56,50,13
L10716595,KG,KG-Y,,42.3730187,78.6115298,Алтын-Арашан [Altyn-Arashan],2026-09-11 09:10,89,29
L65834396,KG,KG-Y,,41.8223908,77.6908358,Арабел ашуусу [Arabel Pass],2022-09-14 07:21,10,3
L19952246,KG,KG-Y,,41.877684,77.732683,Арабельский сырты (3850 м) [Arabelskye syrty (3850 m)],2026-07-02 11:16,121,68
L29617332,KG,KG-J,,41.3396037,72.9408503,Арстанбап -- Панорама [Arslanbob -- Panorama],2026-06-01 06:54,32,3
L29617293,KG,KG-J,,41.3793847,72.8943729,Арстанбап -- Ыйык таш [Arslanbob -- Holy Rock]
L55569559,KG,KG-GB,,42.6583376,74.4452252,Арчалы өрөөнү [Archaly valley],2026-07-12 12:41,60,6
L34504713,KG,KG-GB,,42.8249937,74.6025429,Атындагы Жеңиш паркы.Асанова [Victory Park. D. Asanova],2026-05-24 20:37,26,17
L52499805,KG,KG-GB,,42.4906255,74.2574897,Ашутөр өрөөнү [Ashutor Valley],2025-09-06 10:18,21,2
L12479741,KG,KG-J,,40.9767119,72.799492,Базар-Коргонское Водохранилище [Bazar-Korgon reservoir],2023-05-10 12:56,74,7
L32145182,KG,KG-Y,,42.038314,76.7695058,Байбоосун коругу -- панорама [Baiboosun Microreserve -- Panorama],2025-05-18 11:45,36,2
L16063005,KG,KG-Y,,41.9975824,76.80233,"Байбоосун коругу--жалпы аймак, сураныч, конкреттүү жерди колдонуңуз [Baiboosun Nature Reserve--general area, please use a more specific location]",2025-06-01 08:00,52,4
L48613142,KG,KG-T,,41.9092925,72.9149844,Бала Чычкан [Bala-Chychkan],2026-04-15 17:39,9,4
L30967849,KG,KG-Y,,42.4515635,76.1089109,Балыкчы канализациялык көлмөлөрү [Balykchy Sewage Ponds],2026-05-18 07:52,40,7
L54048998,KG,KG-Y,,42.459419,76.231025,Балыкчы шаарынын жаңы пляжы [New beach of Balykchy],2025-09-16 12:30,3,1
L23069171,KG,KG-Y,,42.390419,76.1792843,Балыкчынын түштүгүндөгү саздар [Marshes south of Balykchy],2026-08-29 15:47,117,28
L32618907,KG,KG-Y,,42.0092104,77.6147089,Барскоон өрөөнү -- Гагариндин эстелиги жана шаркыратмасы [Barskoon Valley -- Gagarin Statue and Waterfall],2026-08-11 10:06,106,53
L67693636,KG,KG-Y,,42.37084,76.26439,Батыш-Ысык-Көл жарым аралы (West Issyk-Kul peninsula),2026-07-20 06:41,81,7
L31764977,KG,KG-GB,,42.8891752,74.572963,Бишкек -- Жаштар паркы/Ганди паркы [Bishkek -- Youth Park/Gandhi Park],2026-07-16 18:39,59,40
L1120255,KG,KG-GB,,42.7,74.5308,Бишкек Ала-Арча УП жолуна [Bishkek to Ala Archa NP road],2026-07-09 10:23,113,38
L32105113,KG,KG-GB,,42.839818,74.595715,Бишкек Ататүрк паркы [Bishkek Ataturk Park],2026-09-13 14:43,38,34
L12158919,KG,KG-C,,42.8365,74.635,Бишкек Ботаникалык бактары--каналдын түндүгү [Bishkek Botanical Gardens--north of canal],2026-09-20 10:13,72,71
L10543965,KG,KG-GB,,42.82463,74.6375938,Бишкек Ботаникалык бакчалары [Bishkek Botanical Gardens],2026-05-23 08:45,76,55
L1120257,KG,KG-GB,,42.8765,74.5883,"Бишкек шаары--жалпы аймак, мүмкүн болсо дагы так жайгашкан жерди колдонуңуз [Bishkek--general area, please use a more specific location if possible]",2026-08-16 06:52,120,61
L12165028,KG,KG-C,,42.808989,74.705878,Бишкек--Ала Тоо айылы [Bishkek--Ala Too village],2025-08-30 00:00,9,0
L16141598,KG,KG-GB,,42.8658628,74.5852282,Бишкек--Иса Пайгамбардын Чиркөөсү [Bishkek--Church of Jesus Christ],2026-06-08 16:05,15,6
L12164877,KG,KG-C,,42.9024,74.6206,Бишкек--Кара-Жыгач паркы - анын ичинде көлдөр [Bishkek--Kara-Jygach Park - including lakes],2026-08-23 17:23,80,58
L13495196,KG,KG-GB,,42.8782951,74.5927822,Бишкек--Максим Горький атындагы парк [Bishkek--Maxim Gorky Park],2026-08-04 16:39,39,15
L23117416,KG,KG-GB,,42.8779564,74.6068833,Бишкек--Эмен паркы [Bishkek--Oak Park],2026-09-25 19:07,59,49
L15237671,KG,KG-GB,,42.8639492,74.6056867,Бишкек--темир жол бекети [Bishkek--railway station],2026-07-05 10:19,31,13
L15738010,KG,KG-GB,,43.032037,74.540917,Бишкектин канализациялык көлмөлөрү [Bishkek sewage ponds],2026-09-26 11:46,206,160
L19835810,KG,KG-GB,,42.7934522,74.6156841,Боз Бөлтөк тоосу [mount Boz-Boltok],2025-09-27 09:41,49,5
L9663584,KG,KG-Y,,42.1766669,77.5434351,Боз үй Тамга [Yurt Camp Tamga],2022-07-04 18:00,57,4
L6714698,KG,KG-Y,,42.5899941,75.8124876,Боом капчыгайы [Boom Gorge],2026-07-09 15:52,48,21
L6346629,KG,KG-GB,,42.7375118,75.332693,Бурана [Burana],2026-08-14 14:44,56,30
L49713464,KG,KG-GB,,42.869813,74.3586,Гавриловка [Gavrilovka],2026-07-11 16:00,43,9
L38318990,KG,KG-B,,40.1298692,71.6369104,Гозал ата токою [Gozal Ata Forest],2026-04-25 15:45,29,2
L27986817,KG,KG-GB,,42.794538,74.607408,Гора Боз-Болток [Boz-Boltok Mount],2025-11-15 14:42,52,14
L20033716,KG,KG-Y,,42.8263857,77.4419206,Григоровкое өрөөнү (жалпы аймак) [Grigorovkoe Valley (general area)],2026-07-31 09:44,79,13
L24988296,KG,KG-O,,40.355206,72.6094133,Данги каньон--Ош областы [Dangi Canyon--Osh Oblast],2025-04-29 12:07,63,7
L31294554,KG,KG-GB,,42.9421643,74.7073052,Дачное дарыясынын жээги [Dachnoe River bank],2026-07-09 09:28,46,10
L35641435,KG,KG-GB,,42.780493,74.667244,"Духовно-архитектурный комплекс ""Гора спасения Таштар-Ата"" [The rescue mountain Tashtar-Ata]",2024-08-10 13:23,5,0
L32108785,KG,KG-Y,,42.0965637,76.7857217,Жайчы боз үй конушу [Jaichy Yurt Camp],2026-02-11 13:44,49,13
L43536295,KG,KG-J,,40.9446451,72.8910876,Жалал-Абад мисте токою [Jalal-Abad pistachio forest],2026-04-26 17:11,39,3
L19834759,KG,KG-J,,41.323,72.97398,Жарадар айылындагы жаңгак токою [Zharadar village walnut forest],2022-06-17 15:00,3,1
L38649701,KG,KG-GB,,42.8785979,74.5867281,"Жаштардын аллеясы, Филармония [Alley of the Youth, Philharmonic]",2026-09-12 19:08,18,16
L55368780,KG,KG-GB,,43.0768592,74.3892864,Жаңы-Жер -- Ат-Башинский каналы [Dzhany Dzher -- At Bashinsky Canal],2026-09-19 12:50,42,12
L10702873,KG,KG-Y,,42.331443,78.239404,Жети-Өгүз курорту [Jeti-Ögüz resort],2026-08-03 10:49,82,42
L9717049,KG,KG-Y,,42.3166875,78.2552611,Жети-Өгүз--жалпы район [Jeti-Ögüz--general area],2026-07-02 06:48,92,40
L6714753,KG,KG-Y,,41.990117,77.358793,Жогорку Тосор өрөөнү [Upper Tosor Valley],2022-08-15 09:28,16,3
L42068993,KG,KG-GB,,42.7021038,75.8229518,Жыл Арык өрөөнүнүн саздак жерлери [Jyl Aryk Valley Wetland],2026-09-15 18:00,20,2
L20161462,KG,KG-Y,,42.6093754,79.0111821,Жыргалаң (айылы) [Jyrgalan (village)],2026-09-02 10:13,36,6
L20161612,KG,KG-Y,,42.5737028,79.0013377,Жыргалаң өрөөнү--айылдын агымынын өйдө жагында [Jyrgalan Valley--upstream from village],2026-07-29 00:00,66,14
L9720149,KG,KG-Y,,42.5974324,79.0147709,Жыргалаң – көрүстөндүн үстүндөгү дөңсөө [Jyrgalan--hill above cemetery],2026-05-20 10:30,59,12
L9721010,KG,KG-Y,,42.6425722,79.0064683,Жыргалаң--Турналы-Көл поход [Jyrgalan--Turnaly-Kul hike],2026-07-30 10:00,40,4
L9721779,KG,KG-Y,,42.6077255,79.0039194,Жыргалаңдын көз карашы [Jyrgalan Viewpoint],2026-05-17 06:02,38,4
L15966673,KG,KG-GB,,42.8374204,75.2178653,Заказник Хрущевские дачи [Zakaznik Khrushchevskiye Dachi],2026-07-09 11:12,112,19
L36520940,KG,KG-GB,,42.9157872,74.6223661,Илимий-өндүрүштүк токой борбору  [Scientific and Production Forestry Center],2026-04-27 10:49,12,10
L30819499,KG,KG-T,,42.1845957,72.7904127,Итагар өрөөнү -- жалпы аймак [Itagar valley -- general area],2024-07-24 10:12,12,1
L68817076,KG,KG-N,,41.68531,75.51011,Итолгандук Суу өрөөнү (Itolgaduk Suu Valley),2026-05-30 15:00,20,1
L20575090,KG,KG-N,,41.406288,74.027626,Казарман (шаар) [Kazarman (town)],2026-05-17 08:33,31,3
L21414437,KG,KG-N,,41.4336075,73.9911947,Казарман Нарын токою [Kazarman Naryn Forest],2022-11-02 07:52,32,9
L6135304,KG,KG-J,,41.2649045,73.6067247,Калдама ашуусу [Kaldama Pass],2022-05-10 08:30,31,1
L54049159,KG,KG-Y,,42.721414,76.085367,Калмак-Ашуу айылы [village of Kalmak Ashuu],2026-09-16 09:02,26,5
L20227300,KG,KG-N,,41.9142858,75.4228592,Калмак-Ашуу ашуусу [Kalmak-Ashuu Pass],2026-07-24 11:00,70,37
L6147596,KG,KG-J,,41.229298,73.367461,"Кара-Алма (жалпы район, мүмкүн болсо, конкреттүү жерди колдонуңуз) [Kara-Alma (general area, please use a more specific location if possible)]",2026-05-20 09:23,80,13
L6115823,KG,KG-N,,41.5025352,74.7323298,Кара-Коо Aшуусу--Жалпы аймак [Kara-Koo Pass--general area],2026-05-17 14:17,43,11
L54333407,KG,KG-Y,,42.4936846,78.0767199,Кара-Көл [Lake of Kara-Kol],2026-07-15 16:14,32,5
L56864130,KG,KG-T,,41.5701725,73.2277481,Кара-Суу Көлү [Lake Kara-Suu],2026-08-01 06:48,31,2
L24597220,KG,KG-Y,,42.2723399,76.4671362,Кара-Талаанын түштүгүндөгү таштар [Rocky slopes south of Kara-Talaa],2023-05-17 13:00,20,1
L43518149,KG,KG-J,,41.1145732,72.8378326,Кара-Үңкүр плотинасы [Kara-Unkur Dam],2025-04-27 10:30,11,2
L72787740,KG,KG-B,,40.1047884,71.9452414,Караган-Сай каньону (Karagan-Say Gorge),2026-04-23 12:48,20,1
L24643973,KG,KG-Y,,42.4912792,78.3912754,Каракол шаарынын борбору [Karakol City Center],2026-08-25 16:37,42,12
L20161399,KG,KG-Y,,42.3820892,78.4608492,Каракол өрөөнү (жалпы аймак) [Karakol Valley (general area)],2026-09-09 10:34,66,17
L10716691,KG,KG-Y,,42.3049187,78.4831,Каракол өрөөнү [Karakol Valley],2026-09-09 15:05,84,13
L33062692,KG,KG-Y,,42.7727697,79.0794856,Каркара өрөөнү IBA [Karkara Valley - IBA],2026-08-08 13:58,88,45
L6714689,KG,KG-C,,42.7794644,75.685029,Кемин--жалпы аянты [Kemin--general area],2026-07-11 09:27,42,9
L48350857,KG,KG-N,,41.4382747,76.1294868,Кенеш Аылы [Village of Kenesh],2026-07-31 19:16,22,5
L50305579,KG,KG-J,,41.2981264,72.1254829,Керебет Кепели [Kepeli Range],2025-07-23 07:08,25,3
L20033842,KG,KG-O,,39.61801,73.7081,Кирзлису суусунун өрөөнү--Нура айылынын аймагы [Kirzlisu River valley--Nura village area],2022-06-20 13:00,8,1
L28774269,KG,KG-Y,,42.3079247,78.0031301,Кичи Кызыл-Суу дарыясы [River of Kichi Kyzyl-Suu],2026-03-31 10:53,41,3
L72787637,KG,KG-B,,40.1499165,71.9460487,Кожо Кайыр каньону (Kozho-Kayyr Canyon),2026-04-23 11:13,13,1
L37497359,KG,KG-N,,42.1269897,74.0713224,Кожумкул айылы [Kojumkul village],2026-06-07 10:47,31,4
L54333690,KG,KG-Y,,42.5731112,78.12637,Койсара [Koysara],2026-01-07 10:40,28,4
L54333617,KG,KG-Y,,42.5595011,78.1601464,Койсара Көрүүлөр [Koysara Lakes],2026-07-15 12:53,41,8
L54333370,KG,KG-Y,,42.4752269,78.0633873,Кокуй-Көл [Lake Kokui],2026-08-29 19:39,38,10
L28904803,KG,KG-Y,,42.1129111,76.6937998,Конгулёнг көлү [Lake Kongurlëng],2024-09-08 10:59,28,3
L9732822,KG,KG-GB,,42.5978921,75.7850759,Конорчек каньонунун чыйыры [Konorchek Canyon trail],2026-07-28 15:01,39,13
L9882096,KG,KG-C,,43.022798,74.70058,Кордай чек ара бекети--Кыргыз тарап [Kordai border crossing--Kyrgyz side],2026-09-13 06:59,76,29
L21313555,KG,KG-T,,42.0798762,72.2959538,Коро Карагай өрөөнү -- Алатай мамлекеттик жаратылыш паркы [Koro-Karagai Valley -- Alatai State Nature Park],2022-10-22 10:38,21,3
L60279739,KG,KG-GB,,43.1094958,74.0069749,Котур-Суу суу сактагычы [Kotur-Suu reservoir],2026-03-19 17:22,41,4
L19436753,KG,KG-N,,41.1228081,75.6990886,Кошой-Коргон чеби урандылары [Koshoy-Korgon fortress ruins],2026-06-01 09:00,38,3
L20117502,KG,KG-GB,,42.6309117,75.7972885,Коңорчектин түндүгүндөгү капчыгай [Canyon N of Konorchek],2024-05-02 09:34,24,3
L52300227,KG,KG-GB,,43.0365347,74.0936251,Кыз-Моло суу сактагычы [Kyz Molo Water Reservoir],2026-03-19 18:54,37,3
L36712013,KG,KG-GB,,42.653,74.587,Кызыл Бел байкоо пункту [Kyzyl Bel Observation Point],2026-06-27 12:15,55,12
L20033685,KG,KG-J,,41.37,73.0698,Кызыл Үңкүр айылындагы жаңгак токою [Kyzyl Unkur village walnut forest],2022-06-17 10:00,4,1
L28269507,KG,KG-Y,,42.34404,78.00927,Кызыл-Суу айылы [Village of Kyzyl-Suu],2026-09-28 06:00,53,22
L26701933,KG,KG-N,,41.1510682,76.4455242,Кында ашуусу [Kynda Pass],2026-08-12 13:30,16,5
L38956863,KG,KG-GB,,42.810278,74.644569,Кыргыз Республикасынын Улуттук илимдер академиясынын Биология институтунун талаа станциясы [Field station of the Institute of Biology of the National Academy of Sciences of the Kyrgyz Republic],2026-01-19 11:24,14,16
L6135324,KG,KG-O,,40.0423842,72.5886762,"Кыргыз-Ата улуттук паркы (жалпы аймак, мүмкүн болсо конкреттүүраак жерди колдонуңуз) [Kyrgyz-Ata NP (general area, please use a more specific location if possible)]",2026-09-23 12:00,55,10
L47202920,KG,KG-Y,,42.2912,78.26316,Көк Жайык [Kok Jaiyk],2026-09-17 12:48,51,18
L70867139,KG,KG-N,,42.09402,75.91339,Көл Үкөк (Lake Kol Ukok),2026-08-07 14:33,26,6
L26701975,KG,KG-N,,40.7139436,76.3906907,Көл-Суу көлү жана өрөөнү [Kel-Suu Lake and Valley],2026-08-13 08:02,45,17
L19026898,KG,KG-GB,,42.5433434,75.1668092,Көл-Төр өрөөнү [Kol-Tor Valley],2026-08-05 10:54,42,2
L38081967,KG,KG-GB,,42.6701793,74.7659781,Маки дача айылы [Maki Dacha village],2025-02-08 10:03,24,4
L57363695,KG,KG-GB,,42.6952866,74.5357603,Малиновка - санаторий [Malinovka - Sanatorium],2026-05-06 11:22,25,5
L19164072,KG,KG-GB,,42.6773207,74.5535774,Малиновка өрөөнү [Malinovka Valley],2026-09-27 15:34,91,33
L6714677,KG,KG-C,,43.0004415,74.4373941,Манас--жалпы аймак [Manas--general area],2026-09-08 08:32,43,6
L16053336,KG,KG-Y,,42.1478781,77.085743,Манжылы-Ата [Manzhily-Ata],2026-08-10 18:14,50,8
L56755673,KG,KG-GB,,43.1785054,74.3765764,Мирный көлү [Lake of Mirniy],2026-01-03 13:12,8,1
L6714881,KG,KG-N,,41.6702672,75.0362885,Молдо-Ашуу [Moldo-Ashuu],2026-07-14 16:17,59,19
L32414427,KG,KG-GB,,42.8686524,74.611478,Моссовет [Mossovet],2026-06-26 12:56,12,6
L55898317,KG,KG-GB,,43.0397813,74.5024243,Мраморное көлмөлөрү [Mramornoye Ponds],2026-09-25 13:06,62,9
L48416760,KG,KG-O,,40.518052,72.806741,Мээрим паркы [Park Meerim],2026-09-21 16:50,13,4
L53211560,KG,KG-N,,41.4243611,76.0151768,Нарын шаары [Naryn city],2025-10-17 15:27,15,2
L9811396,KG,KG-N,,41.5321561,75.9249677,Нарындын түндүгүндөгү дыйканчылык түздүктөрү [Agricultural plains North of Naryn],2025-05-21 16:22,24,4
L38451830,KG,KG-GB,,43.01675,74.50816,Озёрное - батыш көлмөлөрү [Ozernoe - western ponds],2026-09-25 13:06,120,32
L69153749,KG,KG-GB,,43.0528942,74.5601759,Озёрное - чыгыш көлмөлөрү - Акыркы көлмөлөр [Ozernoe - Eastern Ponds - Last ponds],2026-09-19 11:33,57,10
L4970623,KG,KG-GB,,43.0244012,74.5451116,Озёрное - чыгыш көлмөлөрү [Ozernoe - Eastern Ponds],2026-09-26 11:46,260,580
L20113934,KG,KG-GB,,42.718516,75.580949,Орловка тоо лыжа курорту [Orlovka ski resort],2006-02-09 10:00,7,1
L6115740,KG,KG-Y,,42.307761,75.9671044,"Орто Токой суу сактагычы - жалпы аймак, мүмкүн болгондо так жайларды тандаңыз (Orto Tokoy Reservoir - general area, please use a more specific location if possible)",2026-07-04 10:24,131,38
L70071332,KG,KG-N,,42.3106927,75.8912699,Орто Токой суу сактагычы -- Чуй дарыясынын оозу (Orto-Tokoy Reservoir -- Chuy River mouth),2026-07-26 17:09,27,10
L59813774,KG,KG-Y,,42.3154343,76.2982883,Оттук жээги [Ottuk Beach],2026-09-23 07:29,35,6
L9727119,KG,KG-Y,,42.5579772,78.3390142,Очистка көлү [Ochistka Lake],2026-07-10 18:46,107,46
L58265299,KG,KG-O,,40.5700308,72.7717719,Ош - канализациялык көлчүктөр [Osh - sewage ponds]
L23626352,KG,KG-O,,40.52488,72.802114,"Ош шаары (жалпы район, мүмкүн болсо, конкреттүү жерди колдонуңуз) [Osh City (general area, please use a more specific location if possible)]",2026-09-22 06:30,42,8
L47126428,KG,KG-Y,,42.5906719,78.4226202,Панорама Тепке жана Жыргалаң дарыясы [Panorama Tepke and Jyrgalan River],2025-08-19 11:18,23,2
L47550820,KG,KG-Y,,42.2596198,76.2253205,Панусукудуктагы булак [Panuskuduk Spring],2026-03-28 13:30,31,8
L12140458,KG,KG-N,,41.731473,75.4531671,Папугаев ашуусу 3130m [Papugaev Pass 3130m],2026-07-15 10:00,70,27
L10716571,KG,KG-Y,,42.5729597,78.3210084,Пржевальский музейи [Przhevalsky Museum],2026-05-11 09:48,60,12
L21429268,KG,KG-GB,,42.8715407,74.3340328,Романовский көлмөлөрү [Romanovskiye Ponds],2025-07-13 14:36,60,13
L43120229,KG,KG-GB,,42.659511,74.5013809,СТ Швейник / Наука / Гидротехник [Datcha villages of Shveinik / Nauka / Gidroteknik],2025-11-01 14:37,37,12
L56054037,KG,KG-J,,41.3789113,72.0429439,Саз-Бель Ашуусу [Saz-Bel' Pass],2025-12-17 14:41,7,1
L30820386,KG,KG-T,,42.1678372,72.812042,Сазкөль [Lake Sazköl],2026-04-15 16:46,37,8
L24365186,KG,KG-J,,41.1918,73.82046,"Саймалуу-Таш SNP - жалпы аймак - мүмкүн болсо, так жайгашкан жерди колдонуңуз (Saimaluu-Tash State National Park - general area - try a more precise location if possible)",2026-07-22 15:00,10,1
L55959415,KG,KG-N,,41.1796601,73.8149071,Саймалуу-Таш петроглифтери [Saymaluu-Tash Petrogliphs],2025-11-11 10:00,1,0
L44177870,KG,KG-J,,40.5725018,73.7219886,Салаа-Таш (микро-резерв)  [Salaa-Tash (microreserve)],2025-05-01 14:20,7,1
L16010962,KG,KG-N,,41.4272477,76.1840952,Салкын Төр улуттук паркы (Башкы кире бериш) [Salkyn Tor National Park (main entrance)],2025-07-07 10:46,109,10
L32526062,KG,KG-Y,,42.7519027,79.0060376,Сан-Таш көлү [Lake San Tash],2026-07-14 14:40,118,71
L16040364,KG,KG-O,,39.6592877,72.885183,Сары Могол [Sary Mogol],2026-08-12 16:06,54,10
L6420687,KG,KG-Y,,41.7897849,78.5063052,Сары Чат Эрташ УП--Хойондо лагери [Sary Chat Ertash NP--Khoyondo Camp],2026-08-22 14:44,21,5
L37719260,KG,KG-J,,41.8724142,71.9770668,Сары-Челек көлү жана айланасы [Lake Sary Chelek and surroundings],2026-05-07 09:24,38,3
L28136715,KG,KG-B,,40.195354,70.9717066,Сексеуіл питомниги--Баткен жолу [Saxaul Nursery--Batken Oblast],2025-10-06 18:25,12,1
L6221458,KG,KG-Y,,42.1571047,77.3617315,Сказка жомок каньону [Skazka fairytail canyon],2026-09-16 13:03,95,55
L35868985,KG,KG-N,,41.8462923,75.2800081,Соң-Көл / Батай Арал -- Каратал–Жапырык мамлекеттик коругу [Song-Kul Lake / Batay Aral -- Karatal Japyryk National Park],2026-08-09 06:29,79,34
L35868853,KG,KG-N,,41.7907525,75.2851915,Соң-Көл / Таш-Тулга -- Каратал–Жапырык мамлекеттик коругу [Song-Kul Lake / Tash Tulga -- Karatal Japyryk National Park],2026-07-15 09:32,72,17
L3882361,KG,KG-N,,41.8358047,75.1420212,Соң-Көл / жалпы аймак -- Каратал–Жапырык мамлекеттик коругу [Song-Kul Lake / General Area -- Karatal Japyryk National Park],2026-08-25 09:15,200,235
L23343335,KG,KG-GB,,43.064581,74.1110439,Спартак -- кичинекей көлмөлөр [Spartak -- small ponds],2026-03-19 08:38,39,10
L10352843,KG,KG-C,,43.0570299,74.148996,Спартак суу сактагычы [Spartak Reservoir],2026-03-20 11:11,134,34
L48368827,KG,KG-O,,40.5293095,72.7850394,Сулайман-Тоо [Sulaiman-Too],2026-09-24 11:37,30,8
L44676334,KG,KG-GB,,42.8051634,74.5654646,Суу сактагыч - Чоң Арык [Water Reservoir - Chon' Aryk],2025-05-11 11:30,10,3
L19696920,KG,KG-GB,,42.1640655,73.9749691,Суусамыр Көкөмерен дарыясынын токою [Suusamyr Kökömeren River Forest],2026-05-31 12:07,76,16
L9697355,KG,KG-C,,42.2194545,73.6998812,Суусамыр өрөөнү--Suuslodge [Suusamyr Valley--Suuslodge],2026-06-13 14:26,49,11
L19952289,KG,KG-Y,,41.7835243,77.7597694,Сөөк-паас (4020 м) [Söek-paas (4020 m)],2025-07-30 10:50,17,6
L65310356,KG,KG-Y,,42.344976,78.017056,"ТШВНЦ, Кызыл-Суу",2026-08-11 08:11,22,9
L56028232,KG,KG-T,,42.526778,72.2778195,Талас дарыясынын токойу (Жалпы аймак) [Talas Riparian Forest (General-Area)],2025-09-29 08:00,9,0
L6135359,KG,KG-O,,39.7838434,73.2228094,Талдык ашуусу--жалпы аянт [Taldyk Pass--general area],2025-07-19 00:00,30,2
L20113682,KG,KG-GB,,42.742854,74.667944,Таш Мойнок--шаардын чыгыш тарабындагы дөңсөөлөр [Tash Moynok--hills east of town],2026-02-04 16:34,47,9
L6714810,KG,KG-N,,40.824399,75.290378,Таш Рабат--лагерь жайгашкан жер жана жалпы аянт [Tash Rabat--camp site and general area],2026-07-14 09:15,69,56
L19835955,KG,KG-J,,41.353562,72.223947,Таш-Көмүр [Tash-Komyr],2022-06-16 09:00,6,1
L20158269,KG,KG-J,,41.30148,72.0681,Ташкомур-Кызыл-Жар жолу [Tashkomur to Kyzyl-Djar road],2025-07-23 17:44,21,9
L39282056,KG,KG-GB,,42.7745558,74.6796894,Таштар-ата тоосу [mount Tashtar-ata],2025-01-02 12:35,5,1
L39282104,KG,KG-GB,,42.7422752,74.7552694,Тикендүү тоо [Mount Tikenduu],2026-06-14 21:04,29,3
L35668522,KG,KG-GB,,42.868675,74.594009,Тоголок Молдо атындагы парк [park Togolok Moldo],2026-05-15 20:42,27,18
L54366572,KG,KG-Y,,42.7047861,78.2674083,Тогуз-Булак булуңу [Bay of Toguz Bulak],2025-10-21 12:12,46,1
L33062955,KG,KG-T,,41.8487622,72.9344882,Токтогул канализациялык көлмөлөрү [Toktogul sewage ponds],2026-04-30 19:10,36,5
L48607074,KG,KG-T,,41.824369,72.936897,Токтогул пляж [Toktogul Beach],2025-10-11 17:17,29,4
L43311411,KG,KG-T,,41.8773668,72.8702034,Токтогул полигону [Toktogul Landfill],2025-12-16 15:48,14,3
L48607146,KG,KG-T,,41.868826,72.934773,Токтогул шаардык паркы [Toktogul City Park],2025-08-07 13:30,12,1
L48607051,KG,KG-T,,41.8682395,72.9479383,Токтогул шаары [Toktogul town],2026-06-02 04:45,11,6
L19836307,KG,KG-Y,,42.48298,76.42207,Тору Айгурдун түштүгүндөгү дыйканчылык аймактары [Agricultural areas South of Toru Aygur],2025-07-04 11:46,32,7
L47333566,KG,KG-Y,,42.1699063,77.0384248,Тоң айылы [Ton' village],2026-07-12 06:20,75,10
L9717014,KG,KG-Y,,42.2529077,76.749679,Туздуу көл [Salty Lake],2026-07-31 13:14,95,17
L6135387,KG,KG-O,,39.5046036,72.9308081,Тулпар көлү [Tulpar Lake],2026-09-26 08:00,39,9
L58591578,KG,KG-Y,,42.2093898,76.3399671,Тура Суу өрөөнү [Tura Suu Valley],2026-03-17 16:25,30,8
L29087731,KG,KG-Y,,42.1451147,76.3285954,Тура-Суу айылы жана көлү [Tura Suu Village and Lake],2026-03-17 15:30,52,23
L32048677,KG,KG-Y,,42.189985,78.20059,Тяньшань бийик тоо илимий борборунун гидрометеорологиялык станциясы [Hydrometeorological station of the Tianshan High Mountain Scientific Center],2026-08-15 10:07,65,12
L23343448,KG,KG-GB,,43.1156155,74.0846065,Төлөк өрөөнү IBA [Tulek valley IBA],2026-04-19 14:55,110,45
L6714749,KG,KG-Y,,42.0390942,77.3673964,Төмөнкү Тосор өрөөнү [Lower Tosor Valley],2026-07-25 09:00,32,2
L9716926,KG,KG-C,,42.3498448,73.823676,Төө-Ашуу ашуусу [Too Ashuu Pass],2026-06-07 11:55,39,21
L34156441,KG,KG-N,,41.4110569,74.866602,Угут сазы [Ugut wetland],2026-05-19 09:16,52,10
L6714669,KG,KG-C,,43.0529594,74.4689798,ФРУ--Манас эл аралык аэропорту [FRU--Manas International Airport],2026-09-03 15:40,50,20
L24870853,KG,KG-N,,41.7218314,74.1633586,Хан-Салык каньоны [Khan-Salyk Canyon],2026-05-15 12:38,27,12
L50760135,KG,KG-N,,40.6086365,75.3454042,Чатыр-Кола каз колониясы -  кирүү чектелген  (Каратал-Жапырык коругуна кайрылыңыз) [Chatyr-Kol geese colony - access restricted (Contact Karatal-Japyryk Nature Reserve)],2026-07-31 07:02,45,17
L16072478,KG,KG-N,,40.6374026,75.3053987,Чатыр-Көл (Chatyr-Kol Lake),2026-07-31 07:02,108,56
L55328617,KG,KG-N,,40.5779081,75.2376797,Чатыр-Көл -- Түштүк жээк -- кирүү чектелген (Каратал-Жапырык коругуна кайрылыңыз) [Chatyr-Kol -- South shore -- access restricted (contact Karatal-Japyryk Nature Reserve)],2026-07-12 16:57,19,4
L55328534,KG,KG-N,,40.6494743,75.390447,Чатыр-Көл -- Чыгыш жээк -- Кирүү чектелген (Каратал-Жапырык коругуна кайрылыңыз) [Chatyr-Kul Lake -- East shore -- Access restricted (contact Karatal Japyryk Nature Reserve)],2026-07-29 17:11,55,13
L21275081,KG,KG-T,,41.9305266,72.5811711,Чолпон-Ата аскалары [Cholpon Ata Vulture Cliffs],2025-04-24 10:37,79,49
L24805362,KG,KG-Y,,42.3901293,79.0624083,"Чоң Ашуу, ашуу [Chon'-Ashuu Pass]",2026-05-06 13:26,62,70
L28807424,KG,KG-Y,,42.2956088,78.0928435,Чоң Кызыл-Суу айылы [village of Chong Kyzyl-Suu],2026-07-03 13:00,62,23
L9886566,KG,KG-C,,42.7495103,74.6012869,"Чоң Таш (жалпы аянты, анын ичинде айыл чарба аянты) [Chon Tash (general area, including agricultural area)]",2026-05-01 18:21,44,8
L40456628,KG,KG-GB,,42.8959616,74.5802257,Чоң Чүй каналы  - Блошка көлү [Great Chüy Canal - Lake Bloshka],2026-09-01 09:04,66,51
L2982250,KG,KG-Y,,42.7908029,77.4658442,"Чоң-Аксу өрөөнү (жалпы район, мүмкүн болсо, конкреттүү жерди колдонуңуз) [Chon-Aksu Valley (general area, please use a more specific location if possible)]",2026-07-10 14:11,109,19
L32717144,KG,KG-GB,,42.7848703,74.5598876,Чоң-Арык тоосу [Mount Chon-Aryk],2026-06-20 13:30,68,25
L9661026,KG,KG-C,,42.7391503,76.0278264,"Чоң-Кемин YП (жалпы район, мүмкүн болсо, конкреттүү жерди колдонуңуз) [Chong-Kemin NP (general area, please use a more specific location if possible)]",2026-05-09 11:27,113,27
L17122797,KG,KG-GB,,42.663635,74.6299239,Чуңкурчак каньоны [Canyon of Chunkurchak],2026-03-29 17:44,71,24
L52354673,KG,KG-GB,,42.6180101,74.594563,Чуңкурчак өрөөнү [Chunkurchak Valley],2026-09-19 11:51,36,5
L54333537,KG,KG-Y,,42.5260191,78.0943756,Чырак Плажы [Chyrak Beach],2025-10-22 14:24,8,2
L54333470,KG,KG-Y,,42.5036721,78.1227473,Чырак көлү [Lake of Chyrak],2026-07-15 14:39,41,5
L43961413,KG,KG-T,,42.1158501,72.8035318,"Чычкан өрөөнү (жалпы аймак: Мүмкүн болсо, так жайгашкан жерди колдонуңуз) [Chychkan valley (general area: use a more precise location if possible)]",2025-09-24 15:52,13,6
L40141025,KG,KG-Y,,42.4909931,75.8520954,Чүй дарыясы – Көк Мойнок экинчи [Chuy river - Kok Moynok 2],2026-05-03 12:37,25,4
L40141035,KG,KG-Y,,42.4589737,76.0575382,Чүй дарыясы – Көк-Мойнок-Биринчи [Chuy River - Kok Moynok 1],2026-09-17 17:00,37,12
L43893241,KG,KG-J,,41.1444863,72.1861096,Шамалды-Сай Лейлек колониясы [Shamaldy-Sai Stork Colony],2026-05-10 19:16,3,1
L56054364,KG,KG-J,,41.2203943,72.1875396,Шамалды-Сай камыштары [Shamaldy-Sai's reed beds],2026-04-29 13:52,32,2
L7205778,KG,KG-C,,42.5364493,75.3942347,Шамси коругу [Shamsi Nature Reserve],2025-09-10 17:25,43,10
L6135334,KG,KG-O,,40.1333315,72.6544297,Шамшалы--жалпы аймак [Shamshaly--general area],2017-07-26 05:30,19,1
L62915366,KG,KG-J,,41.8289061,73.0908136,Шамшыкал-Ата Тоо [Mount Shamshykal-Ata],2026-04-16 09:13,13,2
L76974121,KG,KG-GB,,42.512715,74.29797,Шаркыратма Белогорка [Belogorka Waterfall]
L39125845,KG,KG-GB,,42.830453,74.590374,Ынтымак жана Ынтымак 2 сейил багы[Yntymak and Yntymak-2 Park],2026-08-10 10:47,25,8
L21894399,KG,KG-GB,,42.6042791,74.9122687,Ысык-Ата санаториясы [Issyk-Ata Sanatorium],2026-08-10 15:51,57,9
L11033978,KG,KG-Y,,42.6594,77.05671,Ысык-Көл петроглифтер музейи [Issyk-Kul Petroglyphs Museum],2026-05-18 12:13,47,26
L40092890,KG,KG-Y,,42.6736013,77.3056412,Ысык-Көл-- Аврора санаториясы [Issyk-Kul--sanatorium Avrora],2026-07-10 09:06,19,8
L30967734,KG,KG-Y,,42.3393843,76.2429347,Ысык-Көл-- Ак Өлөң сазы [Issyk-Kul-- Ak Ölön Marshland],2026-03-16 08:30,56,12
L40093862,KG,KG-Y,,42.6474703,77.1034241,Ысык-Көл-- Голубой Ысык-Кол санаториясы [Issyk-Kul-- Sanatorium Goluboy Issyk-Kul],2026-07-23 15:41,11,1
L21740117,KG,KG-Y,,42.5948534,78.3211587,Ысык-Көл-- Жергалан дарыясынын дельтасы [Dzhergalan River Delta],2026-07-15 10:44,69,20
L21740128,KG,KG-Y,,42.57713,78.3097142,Ысык-Көл-- Каракол пристаны [Issyk-Kul-- Karakol's habour],2026-08-25 14:54,52,20
L21747171,KG,KG-Y,,42.7425221,78.3062189,Ысык-Көл-- Түп дарыясынын дельтасы [Tyup River Delta],2026-05-25 18:18,88,14
L40092110,KG,KG-Y,,42.6246441,77.0881891,Ысык-Көл-- Чолпон Ата шарады пляж [Issyk-Kul-- Cholpon-Ata city beach],2026-04-01 10:27,43,10
L28136630,KG,KG-Y,,42.3173207,76.470533,Ысык-Көл--Ак-Булуң жарым аралы [Issyk-Kul--Ak-Bulun Peninsula],2026-08-03 11:48,176,118
L9732794,KG,KG-Y,,42.4487119,76.1876478,Ысык-Көл--Балыкчыдагы көлдүн жээги [Issyk-Kol--Balykchy Lakeshore],2026-07-09 18:56,129,64
L20162326,KG,KG-Y,,42.1833488,77.5703936,Ысык-Көл--Барскоон дарыясынын куйган жери [Issyk-Kul--Barskoon River mouth],2026-08-29 18:07,70,19
L19916120,KG,KG-Y,,42.5797587,78.2081702,Ысык-Көл--Дшергалан булуңу [Issyk Kul--Dshergalan Bay],2026-05-15 08:58,84,27
L20033756,KG,KG-Y,,42.48748,76.49251,Ысык-Көл--Маяк жарым аралы [Issyk-Kul--Mayak Peninsula],2026-07-09 20:04,116,46
L6092674,KG,KG-Y,,42.6802585,78.1250238,Ысык-Көл--Приозерное жарым аралы [Issyk Kul Lake--Priozernoe Peninsula],2026-08-29 21:48,147,105
L21733839,KG,KG-Y,,42.3761043,77.9081073,Ысык-Көл--Пристан булуңу [Issyk-Kul--Pristan Bay],2026-07-15 17:50,160,56
L28136610,KG,KG-Y,,42.7000291,78.1690557,Ысык-Көл--Сары-Булуң микрокорук долбоору [Issyk-Kul--Sary-Bulun micro-reserve project],2026-07-15 09:44,119,70
L12906180,KG,KG-Y,,42.1561353,77.5259636,Ысык-Көл--Тамга булуңу [Issyk Kul--Tamga Bay],2026-03-24 16:27,86,24
L6714706,KG,KG-Y,,42.3467459,76.3964796,Ысык-Көл--Турасу дарыясынын дельтасы [Issyk Kul--Turasu River Delta],2026-07-23 15:58,128,24
L54357711,KG,KG-Y,,42.1661937,77.4707623,Ысык-көл -- Тосор булуңу [Issyk Kul -- Tosor Bay],2026-07-04 14:33,19,3
L35009364,KG,KG-GB,,42.711662,74.744017,айыл Горная Маевка [village Gornaya Mayevka],2026-06-14 21:13,41,4
L34504781,KG,KG-GB,,42.7898859,74.6561313,айыл Көк-Жар [village Kok-Zhar],2024-08-10 12:18,13,1
L32101948,KG,KG-GB,,42.794363,74.649817,бишкек Аламүдүн суу сактагычы жана калктуу конуштар [Bishkek Alamudun Reservoir and settlements],2026-08-08 16:15,12,6
L43685691,KG,KG-GB,,42.8693716,74.6062729,бульвары Эркиндик [Erkindik Boulevard],2026-05-26 20:39,17,6
L43373810,KG,KG-T,,41.6609287,72.8424279,капчыгай Кара-Суу [Gorge of Kara-Suu],2025-04-25 16:04,13,2
L46569262,KG,KG-N,,42.2342229,75.8580128,семиз бел чөлү [Semiz Bel desert area],2025-06-01 12:30,10,1
