L40182691,LA,LA-SV,,16.357157,105.247469,Ang Ta Long Wetland,2026-01-15 16:44,49,8
L10352895,LA,LA-PH,,21.5641122,101.9369532,Ban Boun Pieng,2019-12-25 16:00,6,1
L29869400,LA,LA-SV,,16.100637,105.0793994,Ban Dong Sa--Mekong rapids,2026-05-29 08:22,61,4
L28378389,LA,LA-SV,,16.5397157,105.2530245,Ban Dongmouang--Dong Ling,2023-12-23 06:40,26,1
L56552377,LA,LA-CH,,15.047866,105.6540509,Ban Fang Deng--reservoir,2026-01-10 05:55,52,2
L11246135,LA,LA-VT,,17.8403913,102.5982311,Ban Hat Kanxa (Mekong),2026-04-01 10:25,85,67
L11134782,LA,LA-VT,,17.8460431,102.6098601,Ban Hat Kanxa (lake & fields),2025-02-01 08:52,136,90
L15629346,LA,LA-VT,,17.83267,102.6255759,Ban Hom--Mekong & fields west,2026-05-10 10:14,64,7
L13169439,LA,LA-VT,,17.8431273,102.6522612,Ban Hom--lake & fields,2023-01-21 07:30,75,9
L7136300,LA,LA-CH,,14.38357,105.5775619,Ban Kadan-Protected forest area,2026-07-01 08:55,21,2
L12214258,LA,LA-CH,,15.3971868,105.5565643,Ban Koum Noi--Mekong Rapids,2026-06-27 07:46,54,25
L15749747,LA,LA-BL,,18.2746515,104.712406,Ban Na Pavan--Cool Spring and access road,2025-02-17 06:24,51,10
L21902242,LA,LA-SV,,16.1467649,105.0335699,Ban Na Phongthar--Mekong (แก่งส่องใหญ่),2025-02-16 15:00,44,2
L29302968,LA,LA-VT,,18.2294457,102.8275849,Ban Nakhai--Nong Ngom,2026-01-25 13:20,43,10
L11062260,LA,LA-VT,,17.9729089,102.6971429,Ban Nakhouay wetland and fields,2026-08-09 07:14,144,116
L11993984,LA,LA-KH,,18.1816148,104.5449123,Ban Namsanam--Sainamhai,2026-02-23 07:39,65,13
L3333800,LA,LA-VT,,18.2154919,102.1127701,Ban Nasang,2026-07-28 11:58,121,22
L10103280,LA,LA-BL,,18.3425464,103.2151624,Ban Pha Pong Wetland,2026-03-03 16:06,143,136
L12390675,LA,LA-VI,,18.3268,102.639652,Ban Phoukeo (Nakeo) wetland,2023-01-20 08:40,41,6
L4221998,LA,LA-VI,,18.303154,102.6223469,Ban Sivilay Wetland,2026-01-10 08:41,80,12
L7194097,LA,LA-VT,,17.8125166,102.6907697,Ban Thakek--Mekong river bank,2022-04-23 08:15,33,3
L8496940,LA,LA-KH,,17.9588046,104.7291952,Ban Tiou--Spring River Resort and Blue Lagoon area,2026-02-16 00:00,81,21
L29885883,LA,LA-SV,,16.0087357,105.4249004,Ban Xenouan--Mekong rapids,2024-03-28 06:04,64,6
L20612449,LA,LA-VT,,17.9361565,102.7068454,Ban Xiengda to 400 Years road,2026-01-10 06:10,58,9
L56099877,LA,LA-BK,,20.355457,100.0866204,Bokeo--Golden Triangle SEZ,2026-03-17 12:38,19,3
L6545179,LA,LA-CH,,15.2710507,106.3079596,Bolaven Plateau--Dong Hua Sao NPA (general area),2026-03-17 05:57,184,89
L31201742,LA,LA-CH,,15.1702425,106.3180667,Bolaven--Ban Tom Sibia Trail,2026-03-15 11:08,51,6
L31344078,LA,LA-CH,,15.1787397,106.2635302,Bolaven--Old volcano Paksong,2026-03-15 06:42,56,5
L56902357,LA,LA-CH,,15.1701456,106.2825108,Bolaven--Paksong Highland Coffee estate,2026-03-15 07:06,49,4
L29737219,LA,LA-CH,,15.083469,106.5894036,Bolaven--Tad Tayicseua,2024-03-09 11:30,9,0
L12888728,LA,LA-PH,,21.6491722,101.9047813,Boun Neua,2025-02-22 08:47,69,7
L30316049,LA,LA-PH,,21.7081693,101.8972987,Boun Neua--Pig Farm Trail,2024-04-05 06:12,33,2
L30245220,LA,LA-PH,,21.6926145,101.9223313,Boun Neua--The JJ Mountain Road,2024-04-04 06:53,35,2
L65161043,LA,LA-XE,,15.4824886,107.2918186,Dakcheung (general area),2025-09-23 14:13,238,83
L31290683,LA,LA-XE,,15.4884739,107.1608276,Dakcheung--Ban Dak Leun village forest,2024-05-05 10:40,23,2
L18321912,LA,LA-XE,,15.2874299,107.122844,Dakcheung--Ban Dakdo,2023-10-02 10:42,51,3
L18321719,LA,LA-XE,,15.3386516,107.1510259,Dakcheung--Ban Dakdon,2025-07-23 13:04,88,8
L16236320,LA,LA-XE,,15.4522721,107.1838708,Dakcheung--Ban Daklern,2023-10-25 09:27,85,7
L18321962,LA,LA-XE,,15.4192189,107.2038734,Dakcheung--Ban Dakran area,2025-04-23 09:50,94,8
L18367962,LA,LA-XE,,15.5432937,107.1518748,Dakcheung--Ban Dakreun,2025-09-23 14:13,50,4
L18292619,LA,LA-XE,,15.4334091,107.121032,Dakcheung--Ban Prao area,2025-01-30 12:10,52,4
L31290661,LA,LA-XE,,15.4803533,107.1501732,Dakcheung--Ban Prao village forest,2024-05-05 06:15,53,4
L15360399,LA,LA-XE,,15.5508036,107.3358483,Dakcheung--Dak Dom and Dak Dieng forest,2024-05-04 09:21,91,6
L18292778,LA,LA-XE,,15.5263878,107.3426818,Dakcheung--Dak Ta Ok Noy to Dak Dom,2024-12-08 07:59,93,10
L31292799,LA,LA-XE,,15.5385186,107.361934,Dakcheung--Dak Ta Ok border area,2025-08-11 15:23,98,22
L31251150,LA,LA-XE,,15.5092045,107.3616258,Dakcheung--Road to Xe Kamman 3 dam,2024-12-08 09:35,46,5
L12384277,LA,LA-VI,,18.4284032,102.649329,Dansavanh Nam Ngum Resort,2020-09-30 06:30,31,7
L18024724,LA,LA-CH,,14.8791297,105.9027239,Don Daeng,2026-03-08 09:00,86,12
L10115001,LA,LA-CH,,13.9714836,105.9214877,Don Det,2026-09-22 08:47,107,16
L7136255,LA,LA-CH,,13.950783,105.9240595,Don Khon,2026-09-22 15:13,137,50
L10196105,LA,LA-CH,,14.1186728,105.8277343,Don Khong,2024-01-28 14:08,80,10
L7121801,LA,LA-CH,,14.0553426,105.8709497,Don Som,2024-03-09 06:20,69,18
L26517491,LA,LA-CH,,15.1133972,106.0182663,Dong Hua Sao NPA--Phou Pong,2023-08-11 13:45,12,1
L29737007,LA,LA-CH,,15.2027494,106.1323952,Dong Hua Sao NPA--Tad Champee,2025-02-22 14:54,18,1
L8497575,LA,LA-CH,,15.193547,106.102572,Dong Hua Sao NPA--Tad E-Tu,2025-01-06 11:11,40,3
L7147171,LA,LA-CH,,15.1813715,106.1316633,Dong Hua Sao NPA--Tad Fane,2026-03-17 05:57,149,65
L39675852,LA,LA-CH,,15.1805004,106.138401,Dong Hua Sao NPA--Tad Gneuang,2026-02-02 14:20,18,3
L10359433,LA,LA-SV,,16.618046,104.844263,Dong Natad National Protected Forest,2026-06-20 06:30,124,73
L65179177,LA,LA-SV,,16.3903761,105.5308567,Eld's Deer Sanctuary (general area),2026-04-30 00:00,129,61
L11841069,LA,LA-SV,,16.345351,105.5147541,Eld's Deer Sanctuary--Atung dam,2024-10-12 09:52,107,25
L8578054,LA,LA-SV,,16.3725253,105.5335116,Eld's Deer Sanctuary--Ban Sanamxay area,2024-10-20 05:35,92,23
L8578033,LA,LA-SV,,16.424704,105.469444,Eld's Deer Sanctuary--HQ and access road,2024-03-16 14:30,36,4
L11841025,LA,LA-SV,,16.3517259,105.5209374,Eld's Deer Sanctuary--Observation tower,2026-04-30 00:00,70,9
L25597026,LA,LA-VT,,17.8397461,102.6705773,Hatxayfong--Mekong track & fields north of Nong Khamsen,2026-05-30 06:20,96,24
L11937579,LA,LA-KH,,17.3729447,105.9544827,Hin Nam No (general area),2026-01-24 15:27,176,64
L2956888,LA,LA-KH,,17.3090157,105.9096622,Hin Nam No--Ban Chalou,2015-12-04 06:00,51,3
L8569686,LA,LA-KH,,17.2139504,106.0522958,"Hin Nam No--Ban Ka-I, Bualapha",2019-02-02 06:30,37,3
L2945175,LA,LA-KH,,17.3224539,105.7691145,Hin Nam No--Foot of Phou Luang/Phou Khao Nok North of Bualapha,2025-11-29 16:02,90,18
L8569699,LA,LA-KH,,17.2682067,106.0780596,Hin Nam No--Laboy Area Inside Him Nam No NPA,2019-02-04 07:40,45,2
L3293247,LA,LA-KH,,17.3659987,105.8452141,Hin Nam No--Nong Ping trail to Xe Neua,2024-01-14 08:06,84,10
L4250077,LA,LA-KH,,17.5209016,105.7224655,Hin Nam No--Vangkon badlands,2016-03-08 11:00,19,2
L2946473,LA,LA-KH,,17.3719377,105.8369637,Hin Nam No--Xe Bang Fai cave near Nong Ping,2026-01-24 06:25,63,13
L7897040,LA,LA-VT,,18.091722,102.6735676,Houay Nhang Forest Reserve,2023-12-02 07:10,73,11
L55833045,LA,LA-KH,,18.1558408,104.4365688,Khoun Ngeun,2026-07-17 11:00,8,4
L11924843,LA,LA-KH,,17.9533884,104.7582367,Konglor Cave and surroundings,2026-02-27 14:59,141,53
L8683795,LA,LA-BL,,18.221241,104.81272,Lak Sao--Dragon Cave,2024-01-26 16:30,63,9
L26551411,LA,LA-SV,,16.3302881,105.2264798,Laohakam Wetland,2026-05-28 09:30,31,2
L28337279,LA,LA-SV,,16.871873,106.255337,Laving Lavern NPA (general area),2026-05-27 00:00,190,23
L41390333,LA,LA-SV,,16.9895299,106.397634,Laving Lavern--Ban Laving and surroundings,2025-06-11 14:30,46,2
L41423783,LA,LA-SV,,17.0136788,106.2210244,Laving Lavern--Forest beyond Ban Kalay,2026-05-27 00:00,101,3
L48146205,LA,LA-SV,,16.9622525,106.4067274,Laving Lavern--Road and forest between Saddle and Ban Laving,2025-12-06 13:45,38,3
L41461636,LA,LA-SV,,17.0472583,106.1303443,Laving Lavern--Road and forest beyond Huy Hong,2025-03-21 10:30,10,0
L48144720,LA,LA-SV,,16.891927,106.3673452,Laving Lavern--Road and karst along Xe Bang Hieng,2026-05-25 17:30,31,2
L48188046,LA,LA-SV,,16.9998941,106.4174637,Laving Lavern--Road from Ban Laving to Vietnam,2025-11-28 06:00,11,2
L48140920,LA,LA-SV,,16.9240815,106.3970765,Laving Lavern--Saddle area on road to Ban Laving,2025-06-14 14:00,5,0
L61800985,LA,LA-SV,,16.9959598,106.4005844,Laving Lavern--Xe Bang Fai trail,2026-04-03 07:00,33,1
L20796439,LA,LA-LM,,21.0032615,101.4093458,Luang Namtha (town),2022-09-07 10:00,15,2
L1319975,LA,LA-LM,,20.9860627,101.4000142,Luang Namtha valley (general),2026-02-23 09:30,138,30
L18168580,LA,LA-LM,,20.9470087,101.4184117,Luang Namtha--Ban Poung-Ban Pasak fields & sacred forest,2026-02-23 09:30,70,6
L9199141,LA,LA-LM,,21.0163049,101.4414543,Luang Namtha--Tad Nam Dee & surroundings,2026-01-12 12:26,23,2
L4925545,LA,LA-LP,,19.8856693,102.1357512,Luang Prabang (town),2026-09-26 07:46,93,59
L24923200,LA,LA-LP,,19.8672346,102.0853043,Luang Prabang Golf Club,2026-02-28 09:34,24,3
L22917805,LA,LA-LP,,19.9010284,102.1684152,Luang Prabang--Airport,2026-09-22 11:30,18,4
L13045098,LA,LA-LP,,19.8964764,102.1403283,Luang Prabang--Mekong riverfront,2026-09-19 17:02,75,30
L12871808,LA,LA-LP,,19.8229136,102.1072226,Luang Prabang--Nahm Dong & Hillside Lodge,2025-02-06 09:04,97,33
L21167555,LA,LA-LP,,19.899109,102.1757854,Luang Prabang--Nam Khan Ecolodge,2026-01-28 10:23,14,0
L10210399,LA,LA-LP,,19.8763559,102.0975566,Luang Prabang--Pha Tad Ke Botanical Garden,2019-11-28 14:15,7,2
L5549012,LA,LA-LP,,19.8901581,102.1372855,Luang Prabang--Phou Si,2026-09-28 10:02,84,87
L29090076,LA,LA-LP,,19.8579484,102.1856505,Luang Prabang--Phou Souang,2026-03-02 16:42,64,8
L4953764,LA,LA-LP,,19.897857,102.145211,Luang Prabang--Riverview Park,2026-09-19 14:52,47,30
L8285577,LA,LA-LP,,19.7484857,101.9916213,Luang Prabang--Tad Kuang Si,2026-09-27 08:00,166,100
L12312291,LA,LA-LP,,19.837077,102.1320028,Luang Prabang--Tad Thong,2026-01-20 07:04,73,15
L27166232,LA,LA-SV,,16.381558,105.2026988,Mak Mi (Ban Laonat) Wetlands,2026-01-14 15:55,73,8
L74532552,LA,LA-VI,,18.0318441,101.8745728,Mekong Channel near Pakchom IBA--Don Chom forested sandbar,2026-07-28 06:50,2,0
L8953692,LA,LA-VT,,17.9637359,102.5932117,Mekong river Vientiane (Quai Fa Ngum),2026-08-04 06:31,110,95
L8144968,LA,LA-CH,,14.9036871,105.8737657,Muang Champasak wetland,2026-03-15 16:20,123,29
L18034746,LA,LA-CH,,14.8885323,105.8776051,Muang Champasak--Ban Phone Pheng,2025-11-18 14:37,24,2
L10998032,LA,LA-SV,,16.5189183,105.1945383,Muang Champhone--Souy lake,2026-01-15 06:44,75,9
L6516448,LA,LA-LP,,19.899075,102.1307945,Muang Chomphet--Mekong and hills,2026-02-28 16:15,74,16
L57195641,LA,LA-LM,,20.9592267,100.8326618,Muang Long--Long Hills resort,2026-01-14 07:13,28,2
L57207990,LA,LA-LM,,20.9089994,100.8956835,Muang Long--Nam Ha around Ban Nam Bo,2026-01-14 09:17,23,2
L57208328,LA,LA-LM,,20.9191887,100.9608771,Muang Long--track from Ban Pin Ho to Nam Ha,2026-01-14 11:19,26,2
L18528416,LA,LA-LP,,19.4615948,102.0831504,Muang Nan--Forest NW of mountain pass,2026-04-12 11:52,89,22
L18528519,LA,LA-LP,,19.4564262,102.1159573,Muang Nan--Phou Kao Lak pass NW,2026-01-16 15:40,66,21
L32432946,LA,LA-LP,,20.7080956,102.6727434,Muang Ngoy--Nam Ou,2026-02-20 22:23,28,5
L21996842,LA,LA-XI,,19.3039978,103.1782461,Muang Phaxay--Tad Lang,2023-01-01 11:45,6,0
L57139055,LA,LA-LM,,21.178083,101.1616506,Muang Sing valley,2026-01-12 16:15,27,1
L57136564,LA,LA-LM,,21.1240913,101.2434717,Muang Sing--Pha Yeuang waterfall,2026-01-12 13:30,13,2
L57167054,LA,LA-LM,,21.3825661,101.1107132,Muang Sing--mountain road NW of Ban Mom,2026-01-13 08:35,48,2
L6304874,LA,LA-KH,,18.213902,104.5391393,Na Hin (general area),2026-09-23 06:52,258,372
L11993915,LA,LA-KH,,18.2123173,104.5481373,Na Hin--Forest track east,2026-07-23 15:30,120,42
L3409572,LA,LA-KH,,18.2153846,104.5130511,Na Hin--Tad Namsanam trail,2026-02-27 06:38,111,45
L4221936,LA,LA-VI,,18.2954663,102.4775462,Nadi-Lingxan road wetlands,2026-01-10 13:08,119,31
L15737275,LA,LA-KH,,17.7347413,105.1532783,Nakai--Nam Theun reservoir,2025-05-26 13:08,132,31
L15748630,LA,LA-KH,,17.6939638,105.1532791,Nakai--Road to Nam Theun 2 surge shaft,2024-12-08 06:09,89,18
L29199735,LA,LA-KH,,17.9046134,105.0551656,Nakai-Nam Theun--Flooded Forest,2025-02-11 10:02,4,0
L29199685,LA,LA-KH,,17.8432657,105.0509856,Nakai-Nam Theun--Thalang,2025-02-11 09:20,12,2
L14567726,LA,LA-HO,,20.2653853,103.6525614,Nam Et - Phou Louey NPA (general area),2023-07-08 00:00,56,5
L65160761,LA,LA-HO,,20.1479917,103.4088259,Nam Et - Phou Louey NPA (general area),2025-12-21 11:36,303,145
L11797379,LA,LA-HO,,20.0817374,103.4691903,Nam Et - Phou Louey NPA (general),2024-12-06 09:58,82,11
L12595040,LA,LA-HO,,20.0939092,103.3681892,Nam Et - Phou Louey NPA--Muang Hiem School Forest Hiking Trail,2022-02-23 17:22,44,6
L5461531,LA,LA-HO,,20.1514182,103.6355209,Nam Et - Phou Louey NPA--Nam Nern Night Safari,2025-12-21 11:36,169,68
L12865094,LA,LA-HO,,20.2053614,103.2500787,Nam Et - Phou Louey NPA--Nest 2 D trek,2024-02-19 07:11,32,3
L5171325,LA,LA-HO,,20.250873,103.2738476,Nam Et - Phou Louey NPA--North of Ban Nam Poung,2016-12-21 10:30,16,0
L12996195,LA,LA-HO,,20.2676064,103.2022362,Nam Et - Phou Louey NPA--Phou Louey (2257m),2025-11-16 06:00,88,7
L15179536,LA,LA-HO,,20.1784491,103.3252498,Nam Et - Phou Louey NPA--Xang Nam waterfall,2021-05-30 09:00,9,0
L12806327,LA,LA-HO,,20.2052105,103.397222,Nam Et - Phou Louey NPA--Xon district,2020-11-26 15:26,54,9
L12859287,LA,LA-HO,,20.1781542,103.400398,Nam Et - Phou Louey NPA--Yod Hip,2020-12-02 09:00,6,1
L5162898,LA,LA-HO,,20.0903419,103.3688493,Nam Et - Phou Louey NPA--office,2024-11-06 13:36,48,10
L13743452,LA,LA-HO,,20.0947075,103.3720779,Nam Et - Phou Louey--Hot spring,2025-04-30 06:00,94,15
L12668388,LA,LA-HO,,20.0761874,103.4162437,Nam Et - Phou Louey--Keoloum (Muang Hiem),2024-12-04 20:03,88,10
L1319982,LA,LA-LM,,20.7856467,101.3392639,Nam Ha NBCA (east),2026-04-29 06:57,27,4
L2187505,LA,LA-LM,,20.751919,101.1799622,Nam Ha NBCA (general area),2026-04-29 06:57,160,21
L20764080,LA,LA-LM,,20.9791009,101.3463138,Nam Ha NBCA--Ban Nam Ngan road west,2022-09-04 06:50,24,1
L57205509,LA,LA-LM,,20.8692526,101.0107939,Nam Ha--Forest track north of Phousongphan waterfall,2026-01-14 15:30,24,2
L14734256,LA,LA-BL,,18.3766974,104.2667852,Nam Kading NPA (general area),2011-01-23 12:00,135,15
L12601437,LA,LA-BK,,20.459227,100.765542,Nam Kan NPA--Gibbon Experience,2026-05-03 05:35,136,29
L11675018,LA,LA-OU,,20.716009,102.0975256,Nam Kat Yorla Pa resort,2026-04-26 17:46,136,69
L11700494,LA,LA-OU,,20.7041153,102.1113496,Nam Kat Yorla Pa--Valley to waterfall,2026-04-26 17:46,213,134
L11881044,LA,LA-VI,,18.6144421,102.4091981,Nam Lik Eco Village,2020-07-12 08:30,56,5
L26532151,LA,LA-VT,,18.291915,102.4386668,Nam Souang reservoir,2023-08-12 16:00,13,1
L15722957,LA,LA-KH,,17.6674401,105.1775243,Nam Theun 2--Tad Song Sou,2024-12-31 08:33,11,1
L18199326,LA,LA-VI,,18.3973472,102.4894422,Nong Fangdeang,2023-01-22 07:49,46,5
L11582747,LA,LA-BL,,18.4236473,103.5834897,Nong Gha Wetland,2025-12-05 08:05,51,10
L11045982,LA,LA-VT,,17.825984,102.675675,Nong Khamsen wetland,2026-09-23 11:06,181,406
L11801674,LA,LA-LP,,20.5710618,102.6180768,Nong Khiaw,2026-03-04 06:45,111,44
L13223585,LA,LA-VI,,18.4050107,102.4963644,Nong Khouay,2023-01-22 06:35,64,11
L2415262,LA,LA-VT,,17.9330083,102.75075,Nong Pen,2026-05-30 09:38,167,110
L15613986,LA,LA-VT,,17.9498499,102.746924,Nong Pen Tai--Track north to Ban Chom Si,2026-04-01 06:40,105,19
L13223553,LA,LA-VI,,18.3961351,102.449831,Nong Sa Ngai,2025-01-12 11:05,94,20
L11291648,LA,LA-VT,,18.00502,102.6174,Nong Tha Wetland,2026-03-30 07:44,62,14
L15886746,LA,LA-VT,,18.1102148,102.5888939,Nong Thaleuth,2026-07-19 07:57,117,63
L10352819,LA,LA-PH,,21.10176,102.2535976,Pak Nam Noy (river),2024-12-03 13:52,7,1
L12318956,LA,LA-LP,,20.0496423,102.210145,Pak Ou--Caves,2026-09-21 10:08,77,10
L6526238,LA,LA-BL,,18.3707361,103.6790514,Paksan Wetlands,2026-03-03 14:35,120,43
L13266929,LA,LA-BL,,18.3775245,103.7743606,Paksan--Ban Phon Ngarm/Ka Dan wetland,2026-01-24 13:40,53,4
L28997813,LA,LA-BL,,18.3595864,103.8211062,Paksan--Nam Ka Dan wetland (east),2024-01-29 11:00,44,2
L11683806,LA,LA-CH,,15.1128784,105.8105699,Pakse--Mekong,2026-09-10 07:41,59,15
L10261943,LA,LA-CH,,15.0951708,105.8130533,Pakse--Wat Phousalao,2024-01-17 16:36,31,7
L12462485,LA,LA-CH,,15.1174403,105.8008881,Pakse--town and Mekong riverside,2026-06-29 18:10,15,5
L11246144,LA,LA-SV,,16.776557,105.989932,"Pha Lou Village, Phou Xang He NPA",2023-11-18 10:34,33,4
L10352831,LA,LA-PH,,21.6871252,102.1100348,Phongsali--Phou Fa,2025-02-22 09:22,108,18
L18497858,LA,LA-XI,,19.3397962,103.1427785,Phonsavan--Ban Lat Sen,2023-01-01 10:00,2,0
L11773124,LA,LA-XI,,19.4356691,103.2177415,Phonsavan--Phou Pha Daeng,2026-05-15 05:54,66,22
L1864965,LA,LA-XI,,19.456838,103.1874016,Phonsavan--town & vicinity,2024-03-08 14:36,79,34
L59156459,LA,LA-XN,,18.9639057,103.119398,"Phou Bia--Viewpoint 1 (2,050m)",2026-02-26 06:45,12,1
L10642470,LA,LA-BK,,19.8831209,100.5011849,Phou Chi Duen,2023-10-08 10:04,73,3
L16194587,LA,LA-XN,,18.5730518,103.348912,Phou Ka Tha,2021-04-03 07:00,43,0
L23817073,LA,LA-VI,,19.3915901,102.1460361,Phou Kao Lak--Viewpoint area,2026-04-13 07:23,117,27
L5745446,LA,LA-BL,,18.4021704,103.0362841,Phou Khao Khouay NPA,2026-07-21 06:25,183,106
L15843144,LA,LA-VT,,18.2680866,102.8061668,Phou Khao Khouay NPA--Ban Nakhay,2022-12-28 16:47,28,4
L15967762,LA,LA-VI,,18.3708323,102.7185024,Phou Khao Khouay NPA--Trail to Nam Mang 3 reservoir,2024-02-17 10:00,41,5
L7569131,LA,LA-VI,,18.3843246,102.7514051,Phou Khao Khouay--Nam Mang 3 reservoir,2026-06-27 05:35,54,8
L29305072,LA,LA-VT,,18.2379196,102.9158347,Phou Khao Khouay--Nam Pien Yorla Pa,2026-07-21 06:25,143,58
L8947374,LA,LA-BL,,18.3944798,103.0722058,Phou Khao Khouay--Tad Leuk,2026-02-25 09:10,86,23
L13945389,LA,LA-BL,,18.451807,103.1445193,Phou Khao Khouay--Tad Xai,2022-07-31 14:30,36,3
L21138392,LA,LA-LP,,19.4404512,102.4185944,Phou Khoun,2023-04-13 05:50,73,4
L21148692,LA,LA-LP,,19.4947628,102.4083008,Phou Khoun--Pha Keng Ngai,2022-10-08 12:45,11,1
L14329981,LA,LA-VI,,18.7660497,102.4112159,Phou Mued,2026-01-02 10:44,39,4
L10313193,LA,LA-KH,,18.1781118,104.4842884,Phou Pha Marn--The Rock Viewpoint,2026-09-23 06:52,184,230
L8579925,LA,LA-KH,,18.1783662,104.5032584,Phou Phamarn near Na Hin,2025-05-07 10:18,57,12
L65179296,LA,LA-VT,,18.0829395,102.3890719,Phou Phanang south (general area),2026-09-24 09:48,188,197
L11046665,LA,LA-VT,,18.0365179,102.374721,Phou Phanang--Ban Ang (Wealth Coffee),2026-09-24 09:48,161,123
L10928961,LA,LA-VT,,18.0350596,102.4538184,Phou Phanang--Mekong Golf course,2026-07-25 16:45,73,29
L12683974,LA,LA-VT,,18.0562511,102.3568319,Phou Phanang--SW Slope trail,2026-04-03 06:52,101,16
L12936630,LA,LA-VT,,17.9933602,102.4338906,Phou Phanang--Than Khok Maa,2022-03-13 08:20,63,9
L11631510,LA,LA-VT,,18.0239058,102.4492412,Phou Phanang--Vang Nam Phueng,2026-07-25 15:32,87,20
L6264416,LA,LA-XI,,19.1528761,103.8146106,Phou Sam Soum (General area),2026-03-01 17:50,308,479
L10831632,LA,LA-XI,,19.1315784,103.8581733,Phou Sam Soum--Fence (c.1475m alt.),2025-12-07 11:17,160,56
L13342372,LA,LA-XI,,19.1459967,103.8255661,Phou Sam Soum--Fields SW Hmong Village,2025-02-23 15:38,104,43
L13341844,LA,LA-XI,,19.1396404,103.7818142,Phou Sam Soum--Forest track west (2150-2300m),2026-03-01 09:25,150,60
L13326962,LA,LA-XI,,19.1584861,103.7438681,Phou Sam Soum--Pine forest (old military camp),2026-03-01 17:50,101,69
L21754796,LA,LA-XI,,19.1059772,103.6449213,Phou Sam Soum--Road from Thathom to Muang Ngan,2024-06-08 15:00,13,2
L13426969,LA,LA-XI,,19.1369567,103.8440446,Phou Sam Soum--Stream east (1545m alt.),2025-11-12 15:20,84,19
L13453537,LA,LA-XI,,19.1402267,103.8102214,Phou Sam Soum--Summit trail,2026-02-28 07:49,177,48
L13441080,LA,LA-XI,,19.1395527,103.8026285,Phou Sam Soum--Summit trail west (2200-2500m),2025-12-07 08:56,115,18
L29736379,LA,LA-XI,,19.1337449,103.7598825,Phou Samsoum--Ban Peun trail,2024-03-09 07:58,39,1
L29759820,LA,LA-XI,,19.0931052,103.7173353,Phou Samsoum--Road to Phou Som,2026-02-27 09:19,84,5
L10044273,LA,LA-XI,,19.1096337,103.892809,Phou Samsoum--east of Nam Xut (855m asl),2020-11-15 10:13,15,7
L59461013,LA,LA-XI,,19.1454453,103.6895237,Phou Samsoum--forest edge trail south of Muang Ngan,2026-03-02 06:10,33,1
L29740821,LA,LA-XI,,19.0730827,103.7302049,Phou Som,2024-03-10 09:41,38,3
L21665567,LA,LA-XI,,19.1975398,104.181633,Phu Xai Lai Leng
L11762707,LA,LA-XI,,19.4301439,103.1552974,Plain of Jars--Site 1 (Phonsavan),2025-12-05 16:52,42,19
L18443489,LA,LA-XI,,19.3188113,103.1531754,Plain of Jars--Site 2 (Ban Nak Ho),2026-04-27 00:00,23,4
L21983444,LA,LA-XI,,19.479331,103.0869223,Plain of Jars--Site 21 (Phou Keng),2022-12-31 16:10,14,1
L21984191,LA,LA-XI,,19.2921499,103.1518609,Plain of Jars--Site 3 (Phaxay),2024-03-10 11:00,18,1
L8578277,LA,LA-KH,,17.254797,106.207892,Road to Ban La Nyi,2019-02-05 07:00,37,3
L13729745,LA,LA-HO,,20.4098942,104.05019,Sam Neua town,2025-04-02 17:44,60,16
L30820387,LA,LA-VT,,18.2053153,102.0546444,Sangthong--Ban Houay Hang (Mekong channels),2024-04-21 10:10,19,1
L31706987,LA,LA-VT,,18.2621787,102.1673502,Sangthong--Ban Napo FFS protected forest,2026-08-14 06:24,106,39
L5375224,LA,LA-VT,,18.2100716,102.1617235,Sangthong--Ban Sanod Mekong Channels,2026-08-13 16:40,149,45
L17742349,LA,LA-VT,,18.1990993,102.2196282,Sangthong--Dam and forest SW of town,2023-03-11 10:00,66,7
L17730859,LA,LA-VT,,18.1731662,102.1807304,Sangthong--Phachalern Farm (Mekong),2026-02-07 10:20,94,23
L12806252,LA,LA-SV,,16.5630986,104.7439966,Savannakhet--Mekong river front,2026-09-11 07:54,76,29
L62183768,LA,LA-SV,,16.5426877,104.7393383,Savannakhet--Sandbanks and Mekong Channel
L18547240,LA,LA-VI,,19.1412555,102.3662934,Somsavat/Phahom--Slope forest (Phaluang),2026-04-14 08:00,106,13
L18366900,LA,LA-SV,,16.2509441,105.3710758,Songkhon--Nong Luang,2026-01-16 06:14,101,16
L31202640,LA,LA-XE,,15.245691,106.7500948,Tad Faek Waterfall,2024-05-03 12:56,11,2
L21221412,LA,LA-LP,,19.6508925,102.0793736,Tad Ka Cham,2022-10-13 10:30,9,1
L1864987,LA,LA-SL,,15.4984436,106.2749609,Tad Lo,2025-02-21 17:50,69,9
L24006371,LA,LA-SV,,16.349569,105.202098,Tansoum Wetlands,2026-05-03 10:00,80,15
L13025584,LA,LA-VI,,18.7677427,102.5120008,Tha Heua--Nam Ngum,2025-08-13 07:36,78,10
L39746407,LA,LA-BL,,18.37945,103.215025,Thabok--wetland east of village,2026-01-10 10:30,62,10
L10475445,LA,LA-KH,,17.3947809,104.8034241,Thakhek,2026-01-31 10:04,32,10
L10769575,LA,LA-KH,,17.4504249,104.9124622,Thakhek--Green Climbers Home,2026-04-12 08:21,104,86
L29199620,LA,LA-KH,,17.4689027,104.9135295,Thakhek--Thafalang,2024-11-23 17:11,25,3
L8497327,LA,LA-KH,,17.4734131,104.8537676,Thakhek--Tham Nong Pa Fa (Buddha Cave),2024-02-10 00:00,78,10
L9074017,LA,LA-XI,,19.0069019,104.0635148,"Thasi-Mok Road--forest remnant north of Ban To Ngue, Mok district",2025-02-19 10:35,38,9
L2414037,LA,LA-KH,,17.3127338,105.8286542,That Xieng Lue Area,2019-02-01 06:20,79,9
L9073857,LA,LA-XI,,19.0981096,104.0693342,"Tor Sip--Ban Nam Ngam Road, Mok district, Xienghouang",2022-12-28 15:52,32,5
L1864354,LA,LA-VI,,18.9130925,102.4194517,Vang Vieng (general area),2026-09-01 13:40,228,248
L10734916,LA,LA-VI,,18.941273,102.336859,Vang Vieng--Blue Lagoon 3,2025-11-19 10:05,66,15
L11545955,LA,LA-VI,,18.9257031,102.3967853,Vang Vieng--Naka-Blue Lagoon 1,2026-02-15 12:26,52,5
L11532386,LA,LA-VI,,18.9202016,102.4446601,Vang Vieng--Nam Song,2026-09-01 13:40,68,26
L41487182,LA,LA-VI,,18.9236624,102.3869133,Vang Vieng--Nam Xay viewpoint,2026-02-02 12:48,16,3
L1320017,LA,LA-VI,,18.910996,102.4421024,Vang Vieng--Pha Lao (Tham Chang cave surroundings),2026-05-19 16:36,85,29
L11532398,LA,LA-VI,,18.9275839,102.4237251,Vang Vieng--Pha Ngern base to view points 2 & 3,2026-01-18 17:52,86,30
L13863314,LA,LA-VI,,18.925742,102.4365461,Vang Vieng--Pha Ngern eastern base & fields,2026-03-08 16:15,83,14
L11545331,LA,LA-VI,,18.9248889,102.4167571,Vang Vieng--Pha Ngern-Khan Kham valley,2026-02-14 10:18,124,60
L21229833,LA,LA-VI,,18.9513216,102.4894544,Vang Vieng--Tad Kaeng Nyui,2026-01-19 08:14,44,3
L11754657,LA,LA-HO,,20.398332,104.2305539,Vieng Xai--Caves area,2025-03-31 10:13,69,16
L31035374,LA,LA-BL,,18.5217348,104.4583578,Viengthong--Stream and Buddha statues behind town,2025-02-17 16:46,32,3
L1864352,LA,LA-VT,,17.9662801,102.6114777,Vientiane (general area),2026-09-23 09:43,123,87
L10984414,LA,LA-VT,,17.9391468,102.6472064,Vientiane--Ban Donkoi,2026-01-19 10:30,78,11
L9932482,LA,LA-VT,,17.989807,102.688436,Vientiane--Ban Kham Ngoi swamp,2023-12-15 15:00,83,24
L12097694,LA,LA-VT,,17.9237486,102.6268344,Vientiane--Ban Sangwuey marsh,2026-01-18 17:40,53,13
L6270993,LA,LA-VT,,17.9362835,102.6282477,Vientiane--Ban Thong Khang,2024-04-25 07:20,50,10
L14630327,LA,LA-VT,,17.9312865,102.6309212,Vientiane--Ban Thong Khang/Don Nokkhoum marsh,2026-01-19 10:50,71,12
L11742180,LA,LA-VT,,17.9360411,102.6216395,Vientiane--Ban Vatnak,2026-04-24 06:44,69,20
L11149725,LA,LA-VT,,17.9614504,102.6081515,Vientiane--Chao Anouvong Park,2026-09-22 12:37,93,95
L28876429,LA,LA-VT,,17.9111041,102.6277732,Vientiane--Chomphet wetland (Hadsaiykhao lake),2024-03-02 18:00,50,3
L14329921,LA,LA-VT,,17.967486,102.5332005,Vientiane--Don Xing Xou,2026-05-31 13:50,21,2
L14738916,LA,LA-VT,,17.9253102,102.6219712,Vientiane--Donepamay lake,2024-05-28 07:00,57,12
L6061410,LA,LA-VT,,18.039467,102.642421,Vientiane--Dongdok NUOL,2026-02-20 15:15,146,578
L11096427,LA,LA-VT,,17.9321473,102.6572873,Vientiane--Donkoi fields & river,2026-09-08 06:59,143,245
L12913287,LA,LA-VT,,17.9387647,102.640001,Vientiane--Donkoi/Don Nokhoum fields & ponds,2026-01-19 07:40,87,53
L11029030,LA,LA-VT,,17.9586489,102.6065937,Vientiane--Hat Don Chan,2026-09-25 10:42,152,225
L21515755,LA,LA-VT,,17.9654284,102.6130944,Vientiane--Lane Xang Starling roost,2026-09-22 17:19,33,45
L13891045,LA,LA-VT,,17.9466707,102.6157244,Vientiane--Mekong (Don Chan Rd.),2026-09-25 10:42,64,11
L15886767,LA,LA-VT,,18.0963816,102.5738006,Vientiane--Nong Ngau (Yao),2026-01-11 08:49,84,13
L14701522,LA,LA-VT,,18.0110354,102.595708,Vientiane--Nong Ping,2026-04-25 17:13,57,15
L21015690,LA,LA-VT,,17.9765672,102.6360803,Vientiane--Pha That Luang,2026-06-06 15:52,34,6
L11203823,LA,LA-VT,,17.9547024,102.64436,Vientiane--Phonthan marsh,2023-09-02 06:50,73,81
L11192025,LA,LA-VT,,17.8856106,102.6549929,Vientiane--Salakham swamp,2024-07-16 06:30,127,137
L13758022,LA,LA-VT,,17.963413,102.6355837,Vientiane--Saphangmor Temple Wetlands,2025-12-02 15:49,41,15
L11005604,LA,LA-VT,,17.9490183,102.6564116,Vientiane--That Luang Lake & fields,2026-09-23 16:17,180,695
L10963619,LA,LA-VT,,17.9625679,102.651558,Vientiane--That Luang swamp north,2024-06-29 08:10,108,84
L12112299,LA,LA-VT,,17.9800341,102.5702767,Vientiane--Wattay International Airport,2026-09-22 11:06,16,8
L7136298,LA,LA-CH,,14.8485675,105.8232307,Wat Phu,2026-04-05 08:36,94,22
L29515043,LA,LA-VT,,17.9865703,102.4308586,Wat Tham Phra,2025-05-31 11:39,4,1
L16602613,LA,LA-VT,,17.9087484,102.7653511,Wat Xiengkhouane Luang (Mekong & Buddha Park),2026-02-10 09:11,57,14
L22337837,LA,LA-XA,,19.2331203,101.6534901,Xayaboury--Elephant Conservation Center,2026-09-20 20:01,149,115
L38522702,LA,LA-SV,,16.985225,104.887541,Xaybouly--Ban Naonuea,2024-12-09 15:08,2,1
L61775143,LA,LA-SV,,16.9167181,106.517831,Xe Bang Hieng (North of Ban Tapong),2026-04-02 07:00,54,4
L8578157,LA,LA-SV,,16.465813,105.199909,Xe Champhon RAMSAR wetland,2022-09-14 06:09,81,14
L40870652,LA,LA-SV,,16.3339287,105.2346919,Xe Champhone River,2026-05-28 00:00,17,0
L10154622,LA,LA-CH,,14.7304348,106.1078345,Xe Pian NBCA--Ban Phapho wetland NE,2019-11-05 15:00,1,0
L7105732,LA,LA-CH,,14.7702779,106.0447922,Xe Pian NBDC--Khiat Ngong wetland,2026-05-09 06:00,164,58
L10154698,LA,LA-CH,,14.771258,106.0379005,Xe Pian NBDC--Phou Asa,2026-01-05 07:11,115,17
L27166596,LA,LA-SV,,16.3553237,105.2347136,Xonbouli--Don Deng wetlands,2023-09-07 16:15,26,1
L65160937,LA,LA-XI,,19.1662131,104.1139687,Yot Nam Mo/Tor Sip (general area),2024-03-07 10:20,156,35
L22578607,LA,LA-XI,,19.1405246,104.1491559,Yot Nam Mo/Tor Sip--Ban Nam Ngart East forest,2024-03-07 10:20,110,9
L22597774,LA,LA-XI,,19.153031,104.0774113,Yot Nam Mo/Tor Sip--Forest track north (2000m),2023-05-13 05:32,101,15
L22578733,LA,LA-XI,,19.1013506,104.0960172,Yot Nam Mo/Tor Sip--Nam Mo valley (east),2024-03-07 06:30,67,6
