L12378303,LB,LB-AS,,34.2996022,35.9767411,ABCL & LBT - Ehden Raptor Count,2023-09-27 11:25,64,48
L13164942,LB,LB-JL,,34.148566,35.896209,AQOURA PONDS,2025-10-08 06:26,63,12
L54316517,LB,LB-BI,,33.5017468,35.8767298,Aaiha - inc lake (intermittent) and wadi,2005-05-06 00:00,26,3
L16377544,LB,LB-JL,,34.107257,35.799207,Aalmat North Birding Area,2022-09-18 06:48,64,14
L53829029,LB,LB-BI,,33.7260273,35.8080591,Aammiq Marsh - Excavated Pool,2026-04-28 14:44,12,3
L53828769,LB,LB-BI,,33.7309759,35.7844999,Aammiq Marsh - Springs only,2007-12-07 00:00,101,68
L53829773,LB,LB-BI,,33.7300069,35.8004199,Aammiq Marsh - central reedbed,2019-04-07 09:00,102,58
L15978969,LB,LB-BH,,34.257589,36.131634,Aayoun Orghosh Wetlands,2025-06-04 09:16,40,6
L56571904,LB,LB-JL,,34.0693537,35.8917963,Afqa,2026-06-28 16:04,17,2
L54316274,LB,LB-BI,,33.4536079,35.7906246,Ain Hirsha Roman Temple - Raptor count location for IBA project,2005-04-08 11:00,29,4
L53814041,LB,LB-BI,,33.6868842,35.7413514,Ain el Lejje (Pool on hill above Aana),2007-07-26 00:00,32,5
L5820406,LB,LB-BI,,33.7309745,35.7838869,Ammiq Wetland (restricted access--contact Skaff Estate),2026-08-20 08:45,220,250
L6464583,LB,LB-BI,,33.719628,35.758009,Ammiq--forest above village (restricted access--contact Skaff Estate),2023-04-15 09:53,71,18
L8442869,LB,LB-BI,,33.7324299,35.9331847,Anjar,2026-08-29 06:29,120,105
L20803276,LB,LB-BI,,33.742345,35.933191,Anjar Farmlands,2026-05-22 05:31,120,22
L19149919,LB,LB-AS,,34.313456,35.800361,BECHMEZZINE WETLANDS,2024-03-29 11:30,59,4
L9832614,LB,LB-JL,,33.833797,35.544145,Baabda,2024-06-10 19:39,9,0
L7983449,LB,LB-JL,,33.816079,35.638606,Baalchmay--raptor migration viewpoint,2018-10-03 11:49,16,1
L14454987,LB,LB-JL,,33.899397,35.563232,Beach / Scrubland Behind City Mall,2026-02-22 06:46,143,95
L5920206,LB,LB-NA,,33.324159,35.5319417,Beaufort Castle,2022-07-12 15:42,16,1
L58873539,LB,LB-JL,,33.8368269,35.6473921,"Beirut River Valley, near Ras al-Matn",2018-10-02 08:00,34,1
L937843,LB,LB-BA,,33.9011,35.4808,Beirut--American University of Beirut,2026-09-24 09:40,83,144
L1271520,LB,LB-JL,,33.8742103,35.5675721,"Beirut--Sabtieh, Middle East University",2026-09-27 07:26,112,503
L8438738,LB,LB-BA,,33.9050931,35.5016984,Beirut--waterfront,2026-08-19 19:12,140,161
L63084527,LB,LB-JL,,33.7546448,35.6997984,Beit el safa,2025-05-02 05:45,23,2
L5050223,LB,LB-JL,,34.139589,35.698214,Bentael Nature Reserve ,2025-04-06 10:09,35,8
L5523898,LB,LB-JL,,34.120039,35.646088,Byblos Archeological Site,2026-04-05 13:12,86,40
L30319023,LB,LB-AS,,34.2438963,36.0488999,Cedars of God Bsharri,2026-07-05 10:18,21,9
L26872423,LB,LB-JL,,33.8109725,35.7467209,"Damascus Highway, Jabal Lubnan, LB (33.811, 35.747) Anahita Bird Watching Site",2026-09-18 08:00,96,137
L7989289,LB,LB-JL,,33.806763,35.742531,Damascus Highway--raptor migration viewpoint,2025-01-22 11:22,50,16
L9833091,LB,LB-JL,,33.730609,35.454731,Damour,2026-08-30 01:57,18,1
L56219108,LB,LB-JL,,33.7052591,35.446765,Damour River Mouth,2008-03-09 13:30,40,7
L54420505,LB,LB-JL,,33.9323601,35.5872469,Dbayeh Pools,2007-04-04 00:00,19,7
L54048965,LB,LB-BI,,33.7002023,35.757732,Deir Tahnish and Hillside around,2008-02-15 07:30,21,8
L8000527,LB,LB-JL,,34.015639,35.712721,Eghbe (watch out for hunters),2023-10-05 16:50,26,3
L4934599,LB,LB-AS,,34.296272,35.971709,Ehden--mountain ridge raptor migration viewpoint,2022-09-03 18:04,86,30
L5906902,LB,LB-JL,,34.1302212,35.8421472,El Dichar Natural Site,2025-04-06 10:30,36,6
L8400472,LB,LB-BI,,34.4641423,36.4252565,El Heq zayter orchards,2023-12-12 05:49,57,8
L54502053,LB,LB-AS,,34.4516021,35.8065526,El Mina,2008-03-21 00:00,10,1
L8400592,LB,LB-BI,,34.3879137,36.3278962,El Shafka,2023-12-11 14:12,34,6
L10097969,LB,LB-JL,,33.8209174,35.7615085,Falougha--Qaysamani dam area,2026-06-12 06:21,86,24
L8443080,LB,LB-JL,,33.9703379,35.6502656,Fouad Restaurant area,2025-05-11 05:00,26,2
L7988926,LB,LB-JL,,33.8167429,35.7446311,Hammana Hillside and Waterfall,2025-11-28 07:17,86,38
L10007072,LB,LB-JL,,33.8159139,35.7355571,Hammana--Hima Farm,2026-06-18 16:21,42,14
L9774215,LB,LB-JL,,33.8053685,35.7391794,Hammana--raptor migration viewpoint (SPNL),2026-06-26 07:34,120,115
L9879621,LB,LB-JL,,33.8587216,35.6556019,Haoumet Kfar Haiyane--south of Qsaybeh,2025-11-01 14:23,19,2
L8438592,LB,LB-AS,,34.4349411,35.9645533,Hilane,2022-03-26 08:36,49,11
L9879563,LB,LB-BA,,33.8711638,35.5103445,Horsh Beirut (Horsh El Snoubar),2025-04-12 15:01,28,13
L24596127,LB,LB-AS,,34.31,35.986,Horsh Ehden,2026-07-25 13:00,22,3
L54284874,LB,LB-BI,,33.7162675,35.7828876,Houch Aammiq and surrounding area,2026-09-09 06:47,74,21
L9882773,LB,LB-JL,,34.0758487,35.7881691,Jabal Moussa Biosphere Reserve,2025-08-21 09:54,68,26
L5818552,LB,LB-JL,,34.056466,35.777026,Jabal Moussa Biosphere Reserve--Baydar el-Shawk,2023-09-12 11:25,61,11
L9882876,LB,LB-JL,,34.0716495,35.7894709,Jabal Moussa Biosphere Reserve--Broqta,2019-04-25 11:30,22,1
L56062871,LB,LB-JL,,33.7270857,35.5639478,Jisr el Qadi,2007-10-09 09:55,23,4
L56219907,LB,LB-BI,,33.6725132,35.7157406,Kefraya Pass,2007-03-08 00:00,9,1
L19497308,LB,LB-JL,,33.9842351,35.8048798,Khsouf
L6428204,LB,LB-BI,,33.5812326,35.6954384,Lake Qaraoun,2026-02-15 11:55,154,99
L55458418,LB,LB-BI,,33.5518004,35.6989294,Lake Qaraoun - South East corner,2007-01-13 00:00,15,2
L54317730,LB,LB-BA,,33.9001564,35.470853,Manara - Lighthouse and restaurant,2025-12-17 10:52,40,20
L8438696,LB,LB-JA,,33.1864876,35.1947415,Mansouri--Orange House beach,2023-09-21 17:20,31,5
L11887684,LB,LB-JL,,33.88878,35.64362,Mar Chaaya,2025-04-09 07:18,71,163
L58291898,LB,LB-JL,,34.0910353,35.7706202,Mashnaqa,2008-03-18 10:20,18,2
L54420741,LB,LB-BA,,33.9044298,35.5404857,Nahr Beirut - mouth of river in Borj Hammoud,2007-02-20 00:00,1,1
L54399815,LB,LB-AS,,34.6464695,35.9829828,Nahr el Kabir,2007-04-13 00:00,30,2
L5920214,LB,LB-JL,,33.5786941,35.6087065,Niha Fortress,2023-09-27 10:51,33,5
L7230753,LB,LB-JL,,33.8033643,35.4794455,Ouzai,2026-09-24 09:22,47,19
L12495140,LB,LB-AS,,34.4396902,36.0130978,Oyoun Samak Lake,2022-04-22 09:12,78,9
L53829137,LB,LB-BI,,33.73151,35.7825726,Qalat al Mudiq - viewpoint over marsh,2008-09-04 18:10,94,90
L53829442,LB,LB-BI,,33.7301502,35.7789333,Qalat al Mudiq - whole hill,2007-03-22 10:00,35,13
L8400417,LB,LB-BI,,34.4782382,36.4558779,Qasr,2022-11-15 07:53,41,4
L56216997,LB,LB-JL,,33.7481342,35.653554,Ramlieh area,2007-09-27 11:00,30,6
L8400627,LB,LB-BI,,34.2888761,36.3779047,Ras Baalbek,2025-09-23 07:50,140,61
L55792536,LB,LB-BH,,34.2886708,36.4813709,Ras Baalbek - Wadi east of road,2008-07-26 05:00,45,6
L56062321,LB,LB-BH,,34.2874639,36.4985768,Ras Baalbek - further up wadi east of road,2006-03-27 00:00,1,1
L55791982,LB,LB-BH,,34.29834,36.4566984,Ras Baalbek semi-desert area east of road,2004-10-31 00:00,4,1
L55791897,LB,LB-BH,,34.3180066,36.4227521,Ras Baalbek semi-desert area west of road,2008-07-26 10:00,20,4
L55793593,LB,LB-BH,,34.3074434,36.4161968,Ras Baalbek semii-desert - Just south of Hermel Road,2006-03-27 00:00,8,2
L54558830,LB,LB-BI,,33.7972323,35.8147255,"Ras el Ain Wadi, Qabb Elias",2007-01-19 00:00,5,2
L54315401,LB,LB-BI,,33.8874769,35.8708763,Riim-Sannine IBA,2005-06-18 07:50,22,3
L8005572,LB,LB-JL,,33.804342,35.677899,Rwaysat Saoufar--raptor migration viewpoint,2025-12-02 15:20,72,40
L28103055,LB,LB-BI,,33.7030807,35.8264558,SE from Horsch Aammiq to Litani River,2026-08-01 11:16,42,6
L16370713,LB,LB-AS,,34.592785,35.988612,SHEIKH ZENNAD,2025-09-09 06:40,125,33
L55456110,LB,LB-BI,,33.6131068,35.7219022,"Saghbine Bridge, over Litani River north of Lake Qaraoun",2007-01-13 00:00,8,1
L8442949,LB,LB-JL,,33.7413426,35.7422235,Shouf Biosphere Reserve,2025-09-07 13:53,42,6
L5050066,LB,LB-JL,,33.747048,35.727055,Shouf Biosphere Reserve--Ain Zhalta/Bmohray,2025-09-27 07:57,62,11
L5878829,LB,LB-JL,,33.685175,35.6990218,Shouf Biosphere Reserve--Barouk,2026-02-15 14:06,49,11
L8838839,LB,LB-JL,,33.767475,35.736797,Shouf Biosphere Reserve--Bmohray (upper reaches),2026-06-07 07:31,66,21
L54397410,LB,LB-BI,,33.7343689,35.7747459,Sitt Shaweni,2006-02-03 00:00,20,3
L55028435,LB,LB-BI,,33.7924512,35.8676304,Taanayel Lake and Woods,2005-09-27 08:30,40,3
L8419358,LB,LB-BI,,33.6572998,35.7718693,Tal Znoub,2024-05-07 10:21,72,21
L8029940,LB,LB-AS,,34.2086626,35.9324943,Tannourine Cedar Forest Reserve,2026-06-30 10:51,69,25
L54284330,LB,LB-BI,,33.742918,35.7934875,Tellet el Kerdane,2008-03-14 00:00,19,5
L10644830,LB,LB-AS,,34.4342076,35.8120635,Tripoli--Jamal Abdul Nasser coastal road,2025-12-24 07:30,90,72
L5621908,LB,LB-JA,,33.251755,35.214203,Tyre Coast Nature Reserve ,2023-09-22 06:44,96,21
L15099304,LB,LB-AS,,34.484514,36.216778,UPPER AKKAR-QAMMOUA,2021-05-26 09:55,47,11
L8443100,LB,LB-BI,,33.751342,35.9507436,Wadi Chamsine (Hima Anjar Kfar Zabad),2026-06-09 16:39,86,23
L19255967,LB,LB-AS,,34.32563,35.931792,Wadi El Karakir,2022-05-24 09:26,17,1
L54284012,LB,LB-BI,,33.690485,35.7447452,Wadi behind Aana
L56063319,LB,LB-BH,,34.1335799,36.0341497,Yammouneh area,2006-03-31 00:00,15,1
