L932725,LC,LC-06,,14.1015117,-60.9481573,Almond Smuglers Cove,2026-03-16 16:30,55,16
L16368156,LC,LC-10,,13.8649137,-61.0778046,Anse Chastanet,2026-09-18 08:00,81,306
L1160067,LC,LC-12,,13.9271319,-61.0568833,Anse Cochon,2026-02-23 10:32,77,108
L4206077,LC,LC-05,,13.9641383,-60.8806944,Anse Louvet,2024-03-31 17:50,44,4
L10851448,LC,LC-01,,13.9423968,-61.0442667,Anse la Raye,2026-05-21 10:00,53,28
L4237135,LC,LC-02,,14.0170448,-60.9945327,Auberge Seraphine,2026-04-23 13:38,34,20
L17795669,LC,LC-07,,13.7574559,-61.0278726,Balenbouche Estate,2026-04-21 05:47,59,125
L10870977,LC,LC-05,,13.9283599,-60.9547525,Barre de l'Isle Trail,2026-07-01 08:00,44,15
L12081995,LC,LC-06,,14.0748926,-60.9331356,Beausejour Water Treatment Plant,2026-03-21 10:35,62,28
L7357570,LC,LC-10,,13.8751214,-61.0432148,Bouton Junction,2026-06-30 16:17,52,264
L8289281,LC,LC-10,,13.8408203,-61.0335956,Calabash Mountain Villa,2024-03-08 17:30,28,8
L722460,LC,LC-10,,13.9034349,-61.0687065,Canaries,2026-06-03 10:11,63,36
L14078154,LC,LC-06,,14.0993682,-60.9506893,Cap Maison Resort/Naken Fisherman,2026-06-03 08:00,42,55
L5419102,LC,LC-06,,14.096954,-60.949949,Cap estate Royalton St Lucia,2026-01-09 16:56,43,30
L12922303,LC,LC-06,,14.089459,-60.9279225,Cas en Bas Beach,2025-12-24 11:32,45,9
L2289354,LC,LC-02,,14.0104528,-60.9893024,Castries,2026-07-03 10:20,80,203
L68398987,LC,LC-06,,13.9752995,-60.9104347,Castries Waterworks Forest Reserve,2024-11-07 09:30,5,1
L13314568,LC,LC-11,,13.729783,-60.972779,Cocodan Ponds,2026-04-26 08:29,73,60
L6066248,LC,LC-11,,13.7419593,-60.9389466,Coconut Bay,2026-04-01 17:41,67,56
L15802437,LC,LC-10,,13.865906,-61.051752,Crystals Villa,2026-07-13 16:01,30,35
L12468274,LC,LC-10,,13.866402,-61.053911,Crystal’s Villa,2026-03-16 17:36,40,23
L20422018,LC,LC-02,,13.9832319,-61.0019921,Cul de Sac River and marshes,2026-09-07 08:35,44,11
L16185962,LC,LC-06,,14.0721972,-60.9315065,Daren Sammy Cricket Grounds and environs,2026-05-09 12:47,33,9
L10871023,LC,LC-05,,13.9101798,-60.8910354,Dennery,2026-04-02 06:51,52,51
L12135596,LC,LC-05,,13.9043281,-60.8887185,Dennery Overlook,2026-07-13 06:51,46,55
L723115,LC,LC-08,,13.8360798,-60.9760952,Des Cartiers Rainforest Trail,2026-08-05 07:15,77,555
L3146024,LC,LC-10,,13.8524289,-61.0483036,Diamond Botanical Gardens,2026-06-28 12:04,57,122
L2164514,LC,LC-06,,14.0542353,-60.9742713,East Winds Inn,2026-05-05 09:26,54,27
L2576405,LC,LC-11,,13.7564659,-60.9328365,Eau Piquant Pond,2026-06-24 11:59,100,293
L13041459,LC,LC-07,,13.8383888,-61.002312,"Edmond Forest Reserve, Soufriere side",2026-07-10 08:59,65,77
L12076239,LC,LC-10,,13.846348,-61.00855,En Bas Saut Trail,2026-04-03 12:44,27,7
L4175571,LC,LC-06,,14.0523299,-60.9135675,Esperance Area,2026-02-23 06:39,41,6
L15156799,LC,LC-10,,13.822379,-61.050338,Fond Doux,2026-03-18 14:52,37,66
L2651330,LC,LC-10,,13.8317877,-61.0515833,Fond Doux Holiday Plantation,2026-02-20 12:00,32,10
L2454861,LC,LC-05,,13.9287981,-60.8888483,Fond d'Or Nature Reserve and Heritage Park,2025-12-18 10:00,47,10
L5421664,LC,LC-02,,13.9780436,-60.9591508,Forestierre reserve,2025-12-27 07:21,18,3
L8306632,LC,LC-08,,13.8628513,-60.9061861,Fox Grove Inn,2022-11-20 06:20,24,4
L887978,LC,LC-08,,13.8829123,-60.8870029,Fregate Island Reserve--nearby main island,2026-04-20 07:58,37,23
L932576,LC,LC-02,,14.0201884,-60.9930897,George F.L. Charles/Vigie Airport,2026-04-23 14:02,48,56
L4206020,LC,LC-06,,14.0024557,-60.88588,Grand Anse,2026-03-15 07:06,65,12
L10872350,LC,LC-06,,13.9984293,-60.898223,Grand Anse Track,2026-06-09 08:51,57,71
L19673350,LC,LC-10,,13.84677,-61.01626,Grand Eden Estate,2026-04-27 16:48,47,41
L12241522,LC,LC-11,,13.73209,-60.954067,Grassland Yellow Finch spot,2026-02-17 15:30,36,27
L12185965,LC,LC-06,,14.0815535,-60.9541736,Gros Islet Bayfront,2026-05-09 13:14,50,46
L357105,LC,LC-10,,13.807409,-61.062355,"Gros Piton, St Lucia",2026-05-07 08:00,64,37
L932608,LC,LC-11,,13.7332153,-60.9538651,Hewanorra Airport,2026-07-11 13:46,60,82
L932604,LC,LC-11,,13.7335488,-60.9696579,Hewanorra Airport--west end,2026-03-13 14:40,77,55
L15087110,LC,LC-08,,13.761013,-60.912939,"Kannels, Micoud",2025-07-09 10:45,33,6
L12685967,LC,LC-10,,13.8635179,-61.0536003,La Haut,2026-04-21 09:07,34,15
L5622429,LC,LC-10,,13.8563611,-61.0449743,La Perle Hiking Trail,2025-01-01 14:30,14,0
L16621360,LC,LC-07,,13.749838,-60.995201,Laborie,2026-04-12 08:32,43,30
L14040731,LC,LC-10,,13.8329649,-61.0517871,Ladera Resort,2026-02-19 13:35,39,34
L2908691,LC,LC-06,,14.044857,-60.9223571,Maison du Soleil,2024-03-07 08:32,37,18
L2490125,LC,LC-08,,13.8687625,-60.9014386,Mamiku Gardens,2026-07-11 17:20,46,73
L869639,LC,LC-11,,13.7247107,-60.9305191,Maria islands,2025-07-20 13:30,30,12
L722436,LC,LC-02,,13.9645548,-61.0268211,Marigot Bay,2026-07-21 15:24,79,173
L11356144,LC,LC-06,,13.9999012,-60.906151,Marquis Estate,2026-06-29 06:58,59,147
L58014820,LC,LC-01,,13.9008678,-60.9940338,Millet Bird Sanctuary,2026-09-07 09:01,20,2
L10419320,LC,LC-01,,13.9011385,-60.9948009,Millet Bird Sanctuary and Nature Trail,2026-09-14 09:01,51,59
L1160123,LC,LC-01,,13.9011385,-60.9948063,Millet Nature Reserve,2026-06-29 14:00,73,108
L4811093,LC,LC-02,,14.0075,-60.9992,Mondeie Lookout Point,2026-04-04 07:02,38,13
L15175327,LC,LC-03,,13.813881,-61.023858,Montete,2022-09-18 06:24,25,3
L12367792,LC,LC-06,,14.105375,-60.942102,Morne Pavillion,2026-05-11 14:20,30,4
L13041695,LC,LC-06,,14.0683281,-60.9622315,Morne Pimard (from Reduit Beach),2025-05-20 12:08,51,36
L20399344,LC,LC-10,,13.869407,-61.043522,Morne Tabac Rain Forest Trail and Parrot Sanctuary,2026-05-14 11:55,54,44
L7154155,LC,LC-11,,13.711268,-60.941978,Moule a Chique,2026-07-13 13:45,58,162
L357104,LC,LC-10,,13.8314127,-61.062355,"Petit Piton, St Lucia",2026-07-02 17:39,52,22
L14310049,LC,LC-06,,14.092641,-60.96002,Pigeon Island Causeway/Diamond Rock,2026-05-12 14:25,57,77
L3150706,LC,LC-06,,14.0929595,-60.9649082,Pigeon Island National Park,2026-06-27 09:13,78,208
L14032707,LC,LC-02,,13.969813,-60.952437,Piton Flore,2026-03-17 17:18,32,18
L12381151,LC,LC-06,,14.1008817,-60.9184598,Point Hardy,2026-01-04 09:00,31,8
L12245251,LC,LC-02,,14.0149996,-60.9961538,Point Seraphine,2026-07-16 10:52,58,115
L15094106,LC,LC-08,,13.8799868,-60.8946881,Praslin Bay,2026-03-27 06:42,72,44
L19353355,LC,LC-08,,13.8751048,-60.8896793,Praslin Island,2025-12-04 11:47,8,8
L869619,LC,LC-08,,13.83908,-60.9476852,Quilesse Forest Reserve,2026-03-27 08:42,80,127
L6459525,LC,LC-06,,13.97944,-60.91917,Rainforest Adventures,2026-04-23 08:45,44,41
L5733720,LC,LC-06,,14.0747818,-60.9551382,Reduit Beach,2026-05-08 07:07,53,60
L17602437,LC,LC-06,,14.074504,-60.949691,Rodney Bay (general),2026-04-18 07:18,58,44
L15650004,LC,LC-06,,14.0755797,-60.9486508,Rodney Bay Marina,2026-03-23 12:45,39,16
L15698280,LC,LC-06,,14.0751742,-60.9099599,Rouge Point,2025-04-24 14:55,43,5
L12485562,LC,LC-03,,13.7803237,-61.0548395,Sabwisha Beach,2026-04-08 09:13,30,9
L20187314,LC,LC-06,,14.0944567,-60.9372997,Sandals Golf and Country Club,2026-05-09 05:34,43,14
L15350305,LC,LC-11,,13.733159,-60.938853,Sandy Beach NE (to Maria Minor),2026-07-13 13:26,55,29
L2439676,LC,LC-08,,13.766878,-60.9267855,Savannes Bay Nature Reserve,2019-10-14 12:30,42,3
L869648,LC,LC-10,,13.8568306,-61.0590935,Soufriere (St. Lucia),2026-06-26 14:00,76,160
L932601,LC,LC-10,,13.8565962,-61.0612983,Soufriere--Harbor,2026-09-06 12:39,79,194
L40097037,LC,LC-02,,14.0144425,-60.9952354,St Lucia cruise port,2025-02-09 09:00,11,1
L23256072,LC,LC-10,,13.8448474,-61.060887,Stonefield Villa Resort,2026-06-03 13:07,39,42
L12468282,LC,LC-10,,13.828215,-61.061886,Sugar Beach,2026-08-06 10:50,53,58
L12491772,LC,LC-10,,13.8387764,-61.0462739,Sulphur Springs (Drive in Volcano),2026-09-06 10:26,38,37
L10835730,LC,LC-02,,14.0228439,-61.0029963,Sunset Terrace,2026-03-17 09:20,34,9
L6096009,LC,LC-10,,13.8200987,-61.0553169,Tet Paul Nature Trail,2026-05-11 15:30,56,94
L15093699,LC,LC-05,,13.9006178,-60.9242535,Treetop Adventure Park/Dennery Falls,2026-05-11 14:04,39,12
L2485436,LC,LC-02,,14.0203003,-60.9619814,Union Nature Trail,2026-01-12 12:51,47,31
L723107,LC,LC-11,,13.7233766,-60.9480286,Vieux Fort,2026-03-17 12:48,93,78
L12274888,LC,LC-02,,14.024935,-60.9846783,Vigie Beach,2026-09-07 16:38,57,44
L15698759,LC,LC-06,,14.0818914,-60.9922827,"West Coast St Lucia, Whale watching Tours",2026-04-10 11:05,15,7
L12135424,LC,LC-08,,13.8800211,-60.8970758,White-breasted Thrasher spot,2026-08-05 10:30,62,298
L2058560,LC,LC-06,,14.0578772,-60.9732628,Windjammer Landing Villa Beach Resort,2026-08-15 14:46,66,171
