L7589749,LK,LK-43,LK-43-002,9.0752018,79.58951,Adam's Bridge,2026-08-10 16:44,169,9
L5101220,LK,LK-91,LK-91-016,6.8114723,80.5000126,Adam's Peak Reserve,2026-04-30 09:45,133,79
L42283580,LK,LK-22,LK-22-002,7.8861292,80.7023717,Amaya Lake,2026-08-12 17:02,88,20
L15916981,LK,LK-23,LK-23-004,6.8690358,80.7954044,Ambewela Farm,2026-07-20 07:14,65,19
L7151861,LK,LK-62,LK-62-002,7.7058033,79.8118973,Anawilundawa Bird Sanctuary,2026-09-26 10:52,228,519
L5557904,LK,LK-71,LK-71-012,8.3117195,80.4042149,Anuradhapura (General),2026-09-08 16:29,207,122
L10814318,LK,LK-91,LK-91-005,6.4073823,80.8152044,Athgira River Camp - Udawalawe,2020-01-30 09:00,6,2
L15943618,LK,LK-61,LK-61-015,7.4845597,80.3708709,Athugala Rock,2026-02-08 12:54,94,26
L4842465,LK,LK-11,LK-11-006,6.8433028,79.8939085,Attidiya Bird Sanctuary,2026-09-13 09:21,144,312
L61627052,LK,LK-11,LK-11-002,6.8415917,79.8891213,Attidiya Bird Sanctuary,2026-02-28 06:30,45,1
L23115923,LK,LK-61,LK-61-017,7.5045183,80.3999,Badagamuwa Forest,2024-10-26 09:04,54,5
L11795900,LK,LK-32,LK-32-014,6.0261937,80.5348146,Badulukelaya Forest Reserve,2026-08-31 14:16,16,1
L5082548,LK,LK-13,LK-13-012,6.5107914,80.2399564,Baduraliya-Athweltota Forest,2026-09-08 16:06,136,61
L15943236,LK,LK-71,LK-71-011,8.3510291,80.3871747,Basawakkulama Tank,2026-07-14 15:57,152,85
L4842528,LK,LK-61,LK-61-009,7.5349774,80.45434,Batalagoda Tank,2026-08-28 15:58,107,23
L4799974,LK,LK-11,LK-11-011,6.8912816,79.9090942,Beddegana Wetland Park,2026-08-15 10:37,135,253
L15943323,LK,LK-71,LK-71-017,8.0090175,80.6794647,Bellankadawala Wewa,2026-09-27 21:34,34,3
L8267445,LK,LK-33,LK-33-004,6.1919574,81.2597047,Benda Wewa,2016-12-08 14:37,2,0
L5106108,LK,LK-31,LK-31-005,6.4240436,79.996165,Bentota,2026-09-17 12:19,146,103
L6927133,LK,LK-71,LK-71-014,8.25703,80.14118,Big Game Camp Wilpattu,2018-02-23 18:55,38,3
L12813165,LK,LK-91,LK-91-009,6.4510848,80.4136336,Birds Paradise Hotel - Kudawa,2026-03-20 16:36,95,86
L6744449,LK,LK-61,LK-61-001,7.3837295,80.2598061,Birds Park Hotel,2026-03-15 11:41,64,6
L4551031,LK,LK-13,LK-13-007,6.724506,80.1560344,Bodhinagala Forest Reserve,2026-08-22 08:24,145,109
L8683352,LK,LK-13,LK-13-007,6.7271191,80.1618395,Bodhinagala forest reserve,2026-09-27 09:52,30,2
L5080799,LK,LK-13,LK-13-007,6.7309707,80.1566577,Bodinagala Forest Reserve (Dombagaskanda),2026-05-28 06:03,137,50
L6347648,LK,LK-13,LK-13-013,6.68835,79.940599,Bolgota Lake Near Bolgota River,2024-04-12 10:06,28,5
L6347616,LK,LK-13,LK-13-013,6.685177,79.926056,Bolgota River From Mouth To Bolgota Lake,2018-12-22 00:00,42,1
L15923521,LK,LK-23,LK-23-004,6.9475669,80.8308422,Bomburu Ella,2026-08-10 20:37,100,51
L12705178,LK,LK-23,LK-23-004,6.959659,80.7981713,Bomburu Ella Road,2020-02-01 06:00,22,3
L4944851,LK,LK-11,LK-11-008,6.8446233,79.9150541,Boralesgamuwa Lake,2026-09-20 17:34,75,25
L11461436,LK,LK-11,LK-11-012,6.9092138,79.8796784,Borella Cemetary,2020-10-02 20:00,23,10
L71741150,LK,LK-33,LK-33-010,6.3007485,81.2284342,Breezy Lake Hotel,2026-07-03 06:02,74,5
L10696702,LK,LK-32,LK-32-010,5.9429499,80.560593,"Browns Hill, Matara",2021-02-17 07:04,103,568
L68675326,LK,LK-33,LK-33-004,6.1904966,81.1838794,Bundala Flamingo Cottages,2025-10-07 15:00,17,1
L8067960,LK,LK-33,LK-33-006,6.1963995,81.2109113,Bundala Freshwater Marsh,2026-08-16 09:23,232,351
L1078558,LK,LK-33,LK-33-004,6.188598,81.2200356,Bundala NP (General),2026-09-12 06:01,314,1526
L77215622,LK,LK-33,LK-33-004,6.1786143,81.2074184,Bundala National Park
L5050351,LK,LK-91,LK-91-005,6.308815,80.8606625,Chandrika Wewa,2025-09-21 08:01,154,22
L6970596,LK,LK-41,LK-41-006,9.6386677,80.1523551,Chavakachcheri & Maravanpulo area,2026-05-30 09:53,123,10
L2687633,LK,LK-62,LK-62-003,7.6054258,79.7864056,Chilaw Sand Spit,2026-09-19 11:31,133,68
L936742,LK,LK-41,LK-41-008,9.5208512,80.4872131,Chundikkulam Santuary,2026-04-29 07:57,147,29
L7106086,LK,LK-13,LK-13-003,6.452285,79.9791034,Cinnamon Bey Beruwala,2026-05-12 06:06,64,33
L9160452,LK,LK-33,LK-33-010,6.2592123,81.4043704,Cinnamon Wild Yala,2019-04-23 16:00,57,2
L1122070,LK,LK-12,LK-12-007,7.179,79.8821,Colombo Airport,2026-08-27 18:20,100,128
L7326988,LK,LK-11,LK-11-001,6.9293948,79.853493,Colombo--Beira Lake,2026-09-18 17:00,92,155
L4504205,LK,LK-11,LK-11-001,6.9296859,79.8427212,Colombo--Galle Face,2026-09-26 16:45,107,170
L1122969,LK,LK-12,LK-12-007,7.1434,79.8697,Colombo--The Gateway Hotel (Taj),2026-09-05 12:05,134,173
L6374680,LK,LK-11,LK-11-001,6.91256,79.861525,Colombo--Viharamahadevi Park,2026-09-18 09:39,99,169
L4842581,LK,LK-61,LK-61-029,7.7116721,80.2709198,Daduru Oya Reservoir and the Dam road,2025-08-20 08:06,59,5
L5101513,LK,LK-11,LK-11-006,6.7617361,79.9242222,Dampe,2025-07-19 09:37,50,2
L1122649,LK,LK-33,LK-33-009,6.0636,80.8853,Darwin Beach Resort,2024-01-05 00:00,55,5
L4866398,LK,LK-33,LK-33-010,6.2935227,81.2677467,Debarawewa Lake,2026-09-14 15:30,215,835
L12412996,LK,LK-32,LK-32-001,6.1750587,80.4185841,Dediyagala Monastery,2020-10-03 05:45,42,2
L964084,LK,LK-11,LK-11-006,6.8445944,79.8866276,Dehiwala - Attidiya,2026-04-11 05:56,158,128
L15917290,LK,LK-11,LK-11-002,6.8572474,79.8734426,Dehiwala Zoological Garden,2026-07-12 10:49,52,42
L11183150,LK,LK-41,LK-41-001,9.4924607,79.7076364,Delft Island,2016-02-06 09:15,1,0
L8318604,LK,LK-41,LK-41-001,9.5117514,79.6868848,Delft Island,2015-12-25 00:00,10,2
L964850,LK,LK-82,LK-82-004,6.412372,81.3261652,Detagamuwa Tank--Kataragama,2026-06-21 11:51,219,87
L7116896,LK,LK-22,LK-22-003,7.7995242,80.5678511,Dewahuwa Tank,2025-12-16 17:46,13,1
L7142266,LK,LK-11,LK-11-005,6.8792586,79.9306628,Diyasaru Park Thalawathugoda,2026-09-21 08:43,158,568
L16082048,LK,LK-11,LK-11-008,6.8794823,79.9293727,"Diyasaru Park, Thalawathugoda",2026-09-27 15:40,89,65
L6714570,LK,LK-81,LK-81-005,6.8093,80.9595,Diyatalawa (general),2026-01-26 14:28,103,11
L7194700,LK,LK-52,LK-52-005,7.1663217,81.621927,Ekgaloya Tank,2026-02-11 11:32,89,13
L7055677,LK,LK-33,LK-33-010,6.2290092,81.3311751,Elephant Reach Hotel,2026-08-28 07:35,107,33
L1122647,LK,LK-81,LK-81-003,6.8721,81.0491,Ella,2026-09-25 15:45,174,364
L7152929,LK,LK-81,LK-81-003,6.8268286,81.0878469,Ella Jungle Resort,2026-08-14 15:23,147,11
L15943649,LK,LK-32,LK-32-003,5.9839733,80.6027907,Ellakanda Wewa,2026-04-02 12:16,24,2
L8822337,LK,LK-33,LK-33-006,6.2010555,81.1978359,"Embilikala Kalapuwa Wetland, Bundula National Park",2026-08-17 10:20,197,106
L4046748,LK,LK-12,LK-12-009,6.9960336,79.9254513,Endaramulla--Mahara Jogging Track,2026-09-06 07:38,116,95
L7813646,LK,LK-91,LK-91-012,6.835,80.4083,Erathna Kuruwita,2025-09-05 11:00,76,12
L38620529,LK,LK-71,LK-71-014,8.2870109,80.1400636,"Forest Edge Bungalow, Wilpattu",2026-09-02 05:34,167,67
L7152165,LK,LK-82,LK-82-005,7.3018871,81.3852878,Gal Oya Lodge,2026-09-22 06:54,159,58
L7152242,LK,LK-82,LK-82-005,7.2719719,81.4547181,Gal Oya NP - Nilgala section,2025-03-22 12:53,132,13
L7030251,LK,LK-72,LK-72-006,7.9652363,81.0039134,Gal Viharaya pond,2026-08-17 10:00,82,49
L6618159,LK,LK-31,LK-31-008,6.027906,80.216192,Galle Fort Peninsula (General),2026-09-27 07:30,137,283
L6629349,LK,LK-31,LK-31-008,6.0321721,80.2136385,Galle--Dharmapala Park,2026-08-09 09:00,95,28
L4617801,LK,LK-82,LK-82-005,7.1625845,81.4464998,Galoya National Park (General),2026-08-25 14:35,169,18
L4849902,LK,LK-71,LK-71-020,8.1326483,80.3904819,"Galwaduwagama, Eppawala",2023-11-21 06:45,53,6
L6251155,LK,LK-23,LK-23-004,6.9663221,80.7779002,Galway's Land National Park,2026-07-17 17:52,121,191
L15917212,LK,LK-62,LK-62-006,8.0980124,80.0133081,Galwila Eco Park,2026-09-05 12:43,105,10
L7331234,LK,LK-11,LK-11-001,6.917672,79.8533052,Gangaramaya Park,2026-09-27 14:39,102,128
L9038789,LK,LK-32,LK-32-015,5.9476437,80.4797472,"Garadu Gaga, Mirissa",2019-04-14 07:45,26,3
L4513835,LK,LK-43,LK-43-005,8.8644645,80.0178909,Giant's Tank Sanctuary,2026-09-19 17:34,181,79
L6131607,LK,LK-91,LK-91-016,6.7601169,80.4486322,Gilimale Forest Reserve,2026-03-15 08:18,137,42
L15943699,LK,LK-72,LK-72-003,7.9981032,80.9203814,Giritale Wewa,2026-08-17 09:17,43,6
L3435720,LK,LK-23,LK-23-003,7.0766392,80.6761479,Glenloch Tea Factory,2026-04-03 15:20,98,42
L8254348,LK,LK-33,LK-33-010,6.2943429,81.2376816,"Great Lake Villa, Weerawila Lake",2026-08-01 16:14,137,48
L5123594,LK,LK-82,LK-82-008,6.3985542,80.9200745,Habaralu Wewa,2026-02-17 11:03,107,12
L4324092,LK,LK-71,LK-71-017,8.0371334,80.7465076,Habarana Lake,2026-09-28 07:56,185,231
L74332920,LK,LK-71,LK-71-017,8.0368785,80.749855,Habarana Village Hotel,2008-02-20 00:00,59,1
L4884284,LK,LK-33,LK-33-004,6.1421762,81.1305571,Hambantota Salt Pans,2026-02-09 15:54,144,32
L6035302,LK,LK-82,LK-82-010,6.5425702,80.9548616,Hambegamuwa lake,2026-01-09 10:23,104,5
L15943752,LK,LK-82,LK-82-011,6.6581286,81.1511292,Handapanagala Reservoir,2025-08-31 14:01,44,4
L5178212,LK,LK-21,LK-21-007,7.2743558,80.6321383,Hantana (Kandy Hills),2026-09-09 12:49,138,60
L4834365,LK,LK-12,LK-12-010,7.0985504,79.9857259,Henarathgoda Botanical Garden,2026-09-01 14:04,82,34
L36450664,LK,LK-22,LK-22-002,7.871172,80.7080233,Heritance Kandalama,2026-09-21 17:22,144,75
L5107270,LK,LK-33,LK-33-010,6.2973268,81.293968,"Hibiscus Garden Hotel, Tissamaharama",2026-09-27 15:02,159,169
L8133109,LK,LK-31,LK-31-002,6.1500457,80.1188085,Hikkaduwa Lake,2026-07-16 11:45,87,27
L4884274,LK,LK-81,LK-81-006,6.7974526,80.8561081,"Hills Safari Eco Lodge, Ohiya",2026-07-31 16:33,64,28
L15943787,LK,LK-71,LK-71-017,8.0185529,80.7394282,Hiriwadunna Lake,2026-08-24 14:00,121,45
L4135961,LK,LK-31,LK-31-001,6.0594773,80.3158522,Hiyare Tank,2026-05-12 09:15,160,96
L12767193,LK,LK-12,LK-12-001,7.1413467,80.0843031,Horagolla National Park,2014-12-30 06:00,9,1
L76956273,LK,LK-12,LK-12-011,7.257843,80.155032,"Horakele Forest Reserve, Bothale, Ihalagama",2026-09-08 08:10,44,1
L2611746,LK,LK-81,LK-81-006,6.7731654,80.8313937,Horton Plains NP--Bambarakanda Falls,2026-05-10 13:10,75,9
L4884276,LK,LK-23,LK-23-004,6.7937452,80.8012247,Horton Plains NP--World's End loop trail,2026-09-13 07:00,149,193
L3989081,LK,LK-23,LK-23-004,6.8017992,80.8074045,Horton Plains National Park (General),2026-09-03 06:38,203,1306
L8267423,LK,LK-23,LK-23-004,6.8271266,80.8064195,Horton Plains National Park--World's End Road,2016-12-05 06:50,20,2
L20957293,LK,LK-23,LK-23-004,6.8030829,80.8090621,Horton plains,2026-09-26 07:19,160,428
L3435933,LK,LK-22,LK-22-002,7.9501519,80.7633278,Hotel Sigiriya,2026-04-18 06:41,160,160
L13807380,LK,LK-22,LK-22-009,7.4012922,80.6904575,Hunas Falls,2026-07-24 09:05,109,19
L12707954,LK,LK-22,LK-22-009,7.4019585,80.6904138,Hunas Falls Hotel,2018-06-09 11:30,19,1
L37815977,LK,LK-71,LK-71-017,8.0597035,80.7698129,Hurulu Eco Park,2026-09-25 05:30,138,65
L15943823,LK,LK-71,LK-71-001,8.2219295,80.7249662,Hurulu Wewa,2026-03-07 09:59,65,3
L15917194,LK,LK-61,LK-61-016,7.80457,80.2506007,Imbulgodayagama Tank,2026-01-16 15:37,61,8
L13809630,LK,LK-62,LK-62-012,7.9374147,80.1367289,Inginimitiya Reservoir,2025-07-06 08:43,41,1
L6237871,LK,LK-82,LK-82-005,7.2146771,81.5347938,Inginiyagala Reservoir ,2026-09-21 07:44,168,82
L6253556,LK,LK-41,LK-41-004,9.6615,80.0255,Jaffna,2026-07-13 15:11,171,59
L7131950,LK,LK-41,LK-41-002,9.6324841,79.9654484,Jaffna - Katy’s Road,2026-03-27 08:15,162,53
L936743,LK,LK-42,LK-42-004,9.5489533,80.2582169,Jaffna Lagoon,2026-05-09 10:44,89,10
L13005939,LK,LK-82,LK-82-011,6.7548371,81.1043572,Jetwing Kaduruketha,2020-12-19 06:30,21,1
L5260057,LK,LK-22,LK-22-002,7.8369386,80.6490684,Jetwing Lake,2026-08-28 06:02,114,36
L12220468,LK,LK-22,LK-22-002,7.930591,80.71972,Jetwing Vil Uyana,2020-09-06 06:28,42,3
L12229830,LK,LK-22,LK-22-002,7.93063,80.720737,Jetwing Vil Uyana,2020-09-05 19:10,4,1
L6744460,LK,LK-11,LK-11-005,6.931132,79.984653,Kaduwela (General),2026-09-13 09:48,114,119
L1078573,LK,LK-33,LK-33-001,6.0977986,80.9622002,Kalametiya,2026-09-12 13:39,197,44
L5662667,LK,LK-33,LK-33-001,6.0906125,80.9354124,Kalametiya Bird Sanctuary,2026-09-28 08:16,226,200
L5121235,LK,LK-91,LK-91-009,6.5265248,80.396091,Kalawana rice fields,2026-07-16 09:21,114,22
L5103180,LK,LK-13,LK-13-012,6.4427356,80.2504492,Kalugala Monastary,2026-06-14 10:20,100,13
L7041403,LK,LK-13,LK-13-008,6.5876344,79.9553847,Kalutara (General),2026-09-27 07:42,69,22
L15944035,LK,LK-81,LK-81-015,6.9161064,80.7902384,Kanda Ela Reservoir,2025-05-10 16:43,58,11
L4309641,LK,LK-22,LK-22-002,7.8696376,80.7064039,Kandalama Wewa--east side,2026-03-20 06:33,162,150
L5443994,LK,LK-22,LK-22-002,7.8767516,80.6914365,Kandalama Wewa--west side,2026-07-17 06:25,126,35
L4419804,LK,LK-22,LK-22-002,7.8760477,80.7353282,Kandalama--Kaludiya Pokuna Forest Lost Temple,2026-09-18 11:14,134,20
L4884264,LK,LK-21,LK-21-007,7.2916708,80.6401366,Kandy Lake,2026-09-24 14:21,135,365
L6365388,LK,LK-21,LK-21-007,7.294125,80.646145,Kandy--Green Woods Guest Hotel,2026-09-01 10:03,67,13
L6808918,LK,LK-21,LK-21-007,7.3222164,80.6251913,"Kandy--Mahaweli Ganga, Katugastota Bridge",2026-02-21 13:38,73,19
L5491941,LK,LK-21,LK-21-007,7.2931128,80.6464317,Kandy--Nature Walk Resort,2026-09-09 17:14,88,13
L3435925,LK,LK-21,LK-21-007,7.2711283,80.5962288,Kandy--Royal Botanic Gardens (Peradeniya),2026-09-22 11:21,176,384
L1122645,LK,LK-21,LK-21-005,7.3198,80.576,Kandy--Tree of Life Hotel,2026-08-29 13:06,165,184
L4884263,LK,LK-21,LK-21-007,7.2974494,80.6426632,Kandy--Udawatta Kele Sanctuary,2026-09-17 07:36,192,474
L3435898,LK,LK-21,LK-21-007,7.28485,80.63966,Kandy--Wakarawatta Environment Project,2026-04-11 05:03,92,12
L1122646,LK,LK-21,LK-21-007,7.2953,80.6363,Kandy--general area,2026-09-14 06:36,181,157
L63092630,LK,LK-61,LK-61-023,7.4248,80.05309,Kankaniyamulla Forest Reserve,2026-04-10 07:45,4,0
L6780660,LK,LK-31,LK-31-016,6.2515895,80.3385115,Kanneliya Forest Reserve,2026-09-20 09:01,135,61
L13806337,LK,LK-32,LK-32-001,6.1826405,80.416658,Kanneliya-Dediyagala-Nakiyadeniya (general area),2016-03-09 00:00,13,0
L4884282,LK,LK-33,LK-33-004,6.1302288,81.109035,Karagan Lewaya,2026-02-22 13:21,77,8
L5099184,LK,LK-22,LK-22-002,7.9799134,80.7275042,Kassapa Lion Rock Hotel,2026-08-03 14:10,123,20
L5495985,LK,LK-72,LK-72-005,8.1601768,80.8987713,Kaudulla National Park (general),2026-09-21 16:13,164,73
L5248974,LK,LK-72,LK-72-005,8.1961139,80.9275246,Kaudulla National Park--north end,2024-01-14 08:40,14,0
L5837418,LK,LK-41,LK-41-002,9.6737765,79.8988438,Kaytes (general),2026-07-14 11:00,116,22
L6660979,LK,LK-11,LK-11-008,6.8662848,79.9314407,Kimbulawala,2026-09-28 07:19,154,613
L9996158,LK,LK-11,LK-11-005,6.876128,79.9283954,Kimbulawala Wetland,2019-10-06 09:00,1,0
L5107164,LK,LK-92,LK-92-011,6.9931604,80.417988,Kithulgala--Plantation Hotel,2026-08-06 06:31,147,253
L3872874,LK,LK-92,LK-92-011,6.9875995,80.422883,Kitulgala (General),2026-09-03 09:23,209,518
L4205542,LK,LK-92,LK-92-011,6.995203,80.4063284,Kitulgala Rest House,2026-06-10 14:27,186,731
L4985570,LK,LK-92,LK-92-011,6.9918379,80.405674,Kitulgala--Kelani Valley/Makandawa Forest Reserve,2026-09-12 06:00,194,702
L5121152,LK,LK-92,LK-92-011,6.9911617,80.4186607,Kitulgala--Parawalathenne,2026-08-03 06:17,153,350
L6441095,LK,LK-92,LK-92-011,6.993743,80.411,Kitulgala--Sisira’s River Lounge,2026-09-25 06:06,164,628
L7152109,LK,LK-22,LK-22-004,7.5410719,80.7697731,Knuckles Forest Camp,2026-05-30 10:09,119,14
L9179681,LK,LK-91,LK-91-009,6.5500122,80.3167183,Kodippili Kanda,2026-09-19 08:32,94,15
L4135111,LK,LK-31,LK-31-009,6.0045938,80.3278255,Koggala Lake,2026-05-05 11:58,116,40
L4884285,LK,LK-33,LK-33-004,6.1514353,81.151135,Koholankal Lewaya,2026-02-27 17:28,77,14
L4604283,LK,LK-13,LK-13-008,6.645575,79.9484646,Kolabada,2025-08-17 10:37,46,2
L4842599,LK,LK-61,LK-61-003,7.5278299,80.2375317,Kolamunna Tank,2016-08-05 09:40,19,1
L15944410,LK,LK-23,LK-23-003,7.0590283,80.6344226,Kotmale Reservoir,2026-03-28 16:52,38,3
L4135918,LK,LK-31,LK-31-018,6.0953236,80.3176332,Kottawa Forest Reserve,2026-06-06 10:11,89,21
L5080599,LK,LK-11,LK-11-011,6.8915344,79.9110532,Kotte Diyawanna Oya,2026-08-07 13:30,74,19
L3398820,LK,LK-91,LK-91-009,6.4284283,80.438737,Kudawa--Sri Lanka Spurfowl Site,2026-09-02 07:08,146,341
L5123610,LK,LK-91,LK-91-009,6.4345052,80.4304769,Kudawa--Thurusevana Road,2026-09-02 10:24,139,316
L4344965,LK,LK-52,LK-52-010,6.5435401,81.6921902,Kumana National Park  Bird Sanctuary (General),2026-09-10 05:28,246,300
L11417314,LK,LK-71,LK-71-017,8.08322,80.73165,Kumbuk Wewa - Habarana,2026-09-20 17:31,109,3
L6719652,LK,LK-53,LK-53-004,8.7358233,81.1654043,Kumpurupidi,2026-08-12 16:00,97,13
L15917851,LK,LK-61,LK-61-015,7.4946669,80.3632759,Kurunegala Lake,2026-09-27 07:34,103,245
L7926902,LK,LK-91,LK-91-015,6.6422,80.5644,Kuttapitiya Pelmadulla,2024-11-25 15:27,59,5
L6035339,LK,LK-82,LK-82-010,6.543455,80.9503555,La Pentera Resort,2017-06-24 11:00,9,1
L6789884,LK,LK-23,LK-23-003,7.0243927,80.7189149,Labookellie Tea Centre,2026-03-20 18:06,75,57
L1089513,LK,LK-11,LK-11-010,6.8473507,80.1786089,Labugama,2025-03-28 10:50,114,9
L8370802,LK,LK-33,LK-33-010,6.298747,81.284055,"Lake View Cottage , Tissamaharama",2026-02-19 12:30,154,48
L6249020,LK,LK-91,LK-91-009,6.3850333,80.4871813,"Lankagama Deniyaya Road (6.385, 80.487)",2026-02-18 12:14,104,17
L12437566,LK,LK-11,LK-11-005,6.9082673,79.9361957,Laugf's Super Koswatta,2020-10-03 10:50,5,2
L7152938,LK,LK-81,LK-81-003,6.8650864,81.0633543,Little Adam's Peak,2026-09-14 08:49,115,100
L12544186,LK,LK-81,LK-81-006,6.7297774,81.0215253,Living Heritage - Koslanda,2019-12-05 07:30,29,3
L15979720,LK,LK-11,LK-11-009,6.7894317,79.8787771,Lunawa Lagoon,2026-06-05 00:00,57,3
L7554852,LK,LK-62,LK-62-015,8.443541,80.01449,Lunu Wila,2026-07-26 08:18,154,19
L6692060,LK,LK-82,LK-82-010,6.4605919,81.2065172,Lunugamvehera NP,2026-09-22 15:09,230,203
L936745,LK,LK-43,LK-43-001,8.9406967,80.210495,Madhu Road Sanctuary ,2025-01-03 08:00,49,4
L15979751,LK,LK-31,LK-31-004,6.2826878,80.0534677,Maduganga Lake,2026-09-03 11:39,94,54
L4842635,LK,LK-61,LK-61-024,7.377959,80.2759838,"Mahadewa Piriwena, Udapola",2025-10-18 11:46,29,3
L6726072,LK,LK-71,LK-71-010,8.381726,80.5421019,Mahakanadarawa Tank,2026-04-26 08:05,119,35
L7366320,LK,LK-23,LK-23-001,6.9142425,80.4585028,Makandawa Rain Forest,2026-08-04 06:05,109,19
L77223251,LK,LK-82,LK-82-008,6.40952,80.91091,Makulu Safari Camp,2025-10-09 08:00,6,1
L15979780,LK,LK-92,LK-92-004,6.8904693,80.4401219,Maliboda,2024-04-17 08:40,55,3
L6523166,LK,LK-41,LK-41-002,9.6409038,79.9974847,Mandativu,2026-04-03 05:28,141,46
L4317657,LK,LK-43,LK-43-002,8.983526,79.9094439,Mannar (city) and surrounding area,2026-03-09 13:07,198,52
L5406031,LK,LK-43,LK-43-005,8.9624017,79.9191856,Mannar Causeway,2026-09-21 09:00,150,162
L4611450,LK,LK-43,LK-43-002,9.0444622,79.8321533,Mannar Island (General),2026-04-03 08:28,227,83
L6666549,LK,LK-43,LK-43-002,9.0847226,79.8293638,Mannar Island- Pesalai,2026-03-09 12:13,158,37
L6666223,LK,LK-43,LK-43-002,9.0352228,79.8891878,Mannar Island--Erukkalampiddy,2025-04-05 13:21,128,27
L4526107,LK,LK-43,LK-43-002,9.0116148,79.8770213,Mannar Island--Korakulam,2026-03-07 15:47,178,79
L4523751,LK,LK-43,LK-43-002,9.0641162,79.8479193,Mannar Island--Palmyrah House,2026-05-03 10:29,180,248
L7109709,LK,LK-43,LK-43-002,9.0585114,79.8550218,Mannar Island--Pudukudyirrippu Lagoon,2026-05-02 23:23,150,112
L4526056,LK,LK-43,LK-43-002,9.083536,79.703021,Mannar Island--Talaimannar,2026-08-11 15:23,179,96
L6926559,LK,LK-43,LK-43-002,9.0381952,79.8077271,Mannar Island--southern coast,2026-03-02 17:15,142,43
L2687579,LK,LK-43,LK-43-002,8.9967583,79.8922563,Mannar Wetlands,2026-03-12 17:16,169,65
L55232282,LK,LK-91,LK-91-009,6.4315361,80.4150403,Martin's Lodge,2026-09-08 05:58,124,341
L6248950,LK,LK-32,LK-32-010,5.9758428,80.5222079,Matara--Kirala Kele Sanctuary,2026-09-15 05:45,225,1624
L8852999,LK,LK-23,LK-23-001,6.82891,80.54847,Maussakelle Reservoir,2019-03-15 17:30,11,2
L6941255,LK,LK-43,LK-43-002,9.0055,79.88641,"Medawachiya Hwy @09.05491, 079.85712",2026-08-10 09:31,107,24
L965473,LK,LK-12,LK-12-004,6.9815668,80.1745011,Meethirigala,2026-08-27 06:11,114,45
L4842622,LK,LK-61,LK-61-010,7.5399977,80.23633,Meewaddana Tank,2016-08-07 10:20,17,1
L3873343,LK,LK-72,LK-72-003,8.0337339,80.8569717,Minneriya National Park (General),2026-09-22 17:12,184,165
L5435568,LK,LK-72,LK-72-003,8.0630114,80.8881927,Minneriya National Park--north end,2026-09-14 16:43,102,29
L5105509,LK,LK-33,LK-33-004,6.1210333,81.0691559,Mirijjawila,2026-04-18 10:25,138,42
L4097930,LK,LK-32,LK-32-015,5.9333137,80.4305649,Mirissa Whale Watching,2026-04-10 08:20,85,212
L8267482,LK,LK-32,LK-32-015,5.946869,80.4497305,Mirissa--Harbour,2026-04-08 06:22,146,284
L960451,LK,LK-12,LK-12-004,6.9823175,80.1239777,Mithirigala,2026-02-07 16:51,96,5
L20790789,LK,LK-91,LK-91-009,6.4060573,80.6146362,Morning Side- Sinharaja Forest Reserve,2026-05-12 11:44,109,22
L6347035,LK,LK-13,LK-13-013,6.682301,79.917322,Mouth Of Bolgoda River,2025-07-17 17:14,17,3
L7146876,LK,LK-62,LK-62-001,7.9231624,80.0149445,Mud House Farm Stay,2026-08-06 06:27,104,9
L6642558,LK,LK-62,LK-62-014,7.8054767,79.8170042,Mundel Lagoon,2025-07-13 12:59,64,7
L1065086,LK,LK-12,LK-12-013,7.0985078,79.8630524,Muthurajawela,2026-09-07 11:32,144,126
L5491696,LK,LK-22,LK-22-006,7.669802,80.6460482,Nalanda Gedige,2025-11-19 10:29,79,13
L15980436,LK,LK-71,LK-71-021,8.1508786,80.3167319,Nallachchiya Wewa,2026-01-08 13:09,122,2
L6125089,LK,LK-81,LK-81-006,6.7320628,81.0219705,"Nature Hub, Koslanda",2026-03-16 14:30,70,10
L6642539,LK,LK-62,LK-62-014,7.8437409,79.8555636,Navadankulama Wewa,2026-06-21 21:27,145,29
L8474471,LK,LK-62,LK-62-008,7.8459,79.8591,Nawadankulama wewa,2019-01-11 10:12,82,3
L11732067,LK,LK-12,LK-12-012,7.2049029,79.8177668,Negombo - Morawala Beach - seawatching,2026-09-12 07:42,88,887
L5096958,LK,LK-12,LK-12-012,7.2133993,79.8341167,Negombo Beach Area,2026-09-13 13:27,121,170
L4663586,LK,LK-12,LK-12-012,7.1490977,79.8446846,Negombo Lagoon (General),2026-09-08 14:37,136,92
L3394458,LK,LK-12,LK-12-012,7.19024,79.85433,Negombo--Amagi Lagoon Resort,2026-08-28 13:41,85,35
L6065626,LK,LK-82,LK-82-003,6.7064,81.27,Nilgala,2026-09-10 13:25,64,2
L9720809,LK,LK-82,LK-82-002,7.1906609,81.3776153,Nilgala DWC bungalow,2019-07-22 06:00,29,2
L12758899,LK,LK-82,LK-82-002,7.1907833,81.375668,"Nilgala Wildlife office, Monaragala",2011-07-21 06:00,70,1
L5832252,LK,LK-82,LK-82-002,7.193785,81.3814423,"Nilgala, Gal Oya National Park",2026-09-15 06:20,194,309
L12620512,LK,LK-32,LK-32-014,5.9993899,80.5449411,"Nilwala Wetland, Palatuwa",2026-08-21 09:36,108,72
L15946243,LK,LK-71,LK-71-014,8.2670332,80.2081646,Nochchiyagama Wewa,2026-07-15 15:32,95,8
L5605072,LK,LK-23,LK-23-004,6.9709007,80.7727211,Nuwara Eliya (General),2026-03-23 18:32,192,303
L6600980,LK,LK-23,LK-23-004,6.9625165,80.7697141,Nuwara Eliya Race Course Ground,2026-09-12 17:30,90,76
L4855599,LK,LK-23,LK-23-004,6.9257665,80.8217919,Nuwara Eliya--Hakgala Botanical Gardens,2026-07-19 08:54,153,236
L4855627,LK,LK-23,LK-23-004,6.953947,80.7805824,Nuwara Eliya--Lake Gregory,2026-09-05 12:05,154,174
L15946199,LK,LK-71,LK-71-012,8.3415284,80.4265738,Nuwara Wewa,2026-04-17 15:17,108,40
L20452842,LK,LK-43,LK-43-002,9.0203483,79.8334858,Olaiththoduvai Watching Point,2026-06-10 08:00,177,310
L9783023,LK,LK-11,LK-11-005,6.8927247,79.9290621,Overseas School of Colombo,2020-10-12 11:20,31,26
L6958897,LK,LK-23,LK-23-004,6.9966232,80.7479078,"PBC Hwy, near Toppass",2026-09-02 08:48,38,7
L6951083,LK,LK-43,LK-43-005,8.9494615,79.9648476,"Paalavi Tank, Manthai",2026-04-26 17:14,129,30
L1111247,LK,LK-12,LK-12-010,7.1444988,79.9873352,Padukka,2025-07-21 08:18,58,7
L5138649,LK,LK-11,LK-11-005,6.9390369,79.9933391,Pahala Bomiriya Marsh,2026-09-06 07:09,79,9
L12701155,LK,LK-33,LK-33-010,6.2463807,81.368025,Palatupana,2026-02-07 10:16,58,5
L6959349,LK,LK-33,LK-33-010,6.2336663,81.35818,Palatupana Wetland,2026-07-18 11:09,197,77
L3987513,LK,LK-62,LK-62-006,8.2021085,80.0962973,Palpatha Eco Safari Lodge,2026-07-01 05:30,75,7
L6959036,LK,LK-33,LK-33-010,6.3092571,81.2350559,Pannegamuwa Lake,2026-08-04 10:09,112,69
L8726872,LK,LK-22,LK-22-002,7.8920444,80.7251143,Paradise Resort and Spa Dambulla,2019-03-04 05:30,88,2
L15980630,LK,LK-52,LK-52-018,7.1618977,81.8437331,Periya Kalappu,2024-08-07 08:38,29,0
L15945906,LK,LK-53,LK-53-004,8.645519,81.1770459,Periyakulam,2026-09-08 18:21,158,21
L4317509,LK,LK-22,LK-22-002,7.9673526,80.7601333,"Pidurangala--Rock, tanks, and forest",2026-09-22 16:13,180,125
L12718102,LK,LK-12,LK-12-009,7.0706897,80.0600581,Pilikuththuwa Raja Maha Viharaya Forest
L5435577,LK,LK-72,LK-72-006,7.9638463,81.0035813,Polonnaruwa Historic Site (General),2026-09-23 12:25,162,134
L8267479,LK,LK-32,LK-32-015,5.9631746,80.4542513,Polwatta River Mouth,2016-12-13 16:24,7,2
L5121231,LK,LK-91,LK-91-016,6.6864739,80.4027042,Pompakalae Nature Reserve Forest & Field Education Centre,2026-09-03 13:46,106,13
L15945786,LK,LK-61,LK-61-006,8.0768021,80.2754448,Poolanchiya Wewa,2025-12-08 15:54,44,5
L6612543,LK,LK-42,LK-42-004,9.4455058,80.2004099,Pooneryn (General),2025-05-03 08:42,144,6
L56908390,LK,LK-22,LK-22-002,7.8606796,80.6755505,Popham's Arboretum,2026-08-18 20:03,31,6
L2687613,LK,LK-62,LK-62-014,7.9800177,79.8245144,Puttalam Saltworks,2026-07-16 17:11,159,70
L5606811,LK,LK-91,LK-91-009,6.4664566,80.4327497,Rainforest Edge hotel,2026-02-26 11:57,127,63
L6357693,LK,LK-33,LK-33-009,6.061721,80.87304,Ranna--Lake Near Green Parrot Hotel,2026-03-06 17:05,108,15
L6362605,LK,LK-33,LK-33-009,6.06384,80.881602,Ranna--Meadow Near Mandala Villas,2026-01-23 16:33,82,4
L6366986,LK,LK-33,LK-33-009,6.062984,80.890566,Ranna--River Mouth Near Kahandamodara Beach,2026-02-22 11:59,83,9
L6373999,LK,LK-33,LK-33-009,6.065959,80.89004,Ranna--River Near Ranna House,2026-01-23 05:44,84,4
L6353509,LK,LK-33,LK-33-009,6.062275,80.876467,Ranna--Sunshine Cafe ,2025-01-25 15:12,25,4
L5674257,LK,LK-62,LK-62-016,7.2826994,79.8406935,Ranweli Holiday Village,2026-03-31 17:49,122,58
L5096067,LK,LK-33,LK-33-009,6.0523931,80.8341408,Rekawa Lagoon,2026-05-02 07:56,143,23
L15945747,LK,LK-33,LK-33-001,6.198682,80.9850919,Ridiyagama Tank,2023-05-31 07:08,3,1
L7152951,LK,LK-91,LK-91-007,6.7139333,80.7702439,"River Garden Resort, Belihuloya",2026-07-05 14:10,141,21
L15945738,LK,LK-22,LK-22-004,7.5272984,80.7341487,Riverston Tower,2026-05-29 06:32,124,47
L5100512,LK,LK-92,LK-92-011,7.0116786,80.4342476,Royal River Resort,2026-02-11 06:40,84,26
L6808748,LK,LK-31,LK-31-009,6.0176183,80.2398947,Rumassala Sanctuary,2026-09-28 09:10,116,56
L6741363,LK,LK-13,LK-13-012,6.4523119,80.3081569,Runakanda Forest Conservation Center,2026-09-06 13:19,102,49
L3398907,LK,LK-91,LK-91-005,6.41513,80.8315,"Safari Village Hotel, Udawalawa",2025-09-09 12:00,85,8
L15917877,LK,LK-61,LK-61-018,7.5104769,80.3394687,Saragama Lake,2025-08-25 13:05,81,23
L23928693,LK,LK-12,LK-12-010,7.1731079,79.9342974,Sasha Food Court--Veyangoda Rd.,2026-09-22 08:41,57,16
L3887334,LK,LK-51,LK-51-002,7.7420255,81.6661706,Sathurukondan Wetlands Bird Sanctuary,2026-06-10 13:24,123,51
L3406718,LK,LK-23,LK-23-004,6.93176,80.81201,Seetha Eliya (General),2026-02-04 09:18,94,91
L6251668,LK,LK-11,LK-11-003,6.8923439,80.1725578,Seethawaka Wet Zone Botanical Gardens,2026-09-09 07:31,135,158
L3401642,LK,LK-33,LK-33-006,6.20461,81.19784,Senasuma Wetland,2026-03-27 15:52,170,91
L5685666,LK,LK-71,LK-71-017,8.0490986,80.7540138,Sevanagama Hotel,2026-04-05 06:13,82,5
L3435931,LK,LK-22,LK-22-002,7.95969,80.76594,Sigiriya Rd swamp forest,2026-07-15 16:40,184,208
L3954049,LK,LK-22,LK-22-002,7.9551433,80.7567644,Sigiriya Rock & water gardens,2026-09-27 15:45,238,641
L5582126,LK,LK-22,LK-22-002,7.9519882,80.7602191,Sigiriya Tank,2026-08-01 11:58,166,119
L12712324,LK,LK-22,LK-22-002,7.9497013,80.7612531,"Sigiriya Village Hotel, Hotel Road, Sigiriya",2026-07-31 06:30,155,132
L3398843,LK,LK-91,LK-91-009,6.41638,80.42381,Siharaja Forest Reserve--Research Centre,2026-09-07 08:34,177,282
L3398827,LK,LK-91,LK-91-009,6.4359525,80.4193291,Siharaja Forest Reserve--Visitor Centre,2026-09-04 09:29,183,681
L936689,LK,LK-91,LK-91-009,6.4089602,80.4453278,Sinharaja Forest Reserve,2026-09-06 08:15,240,1296
L6251335,LK,LK-31,LK-31-014,6.3823477,80.4635668,Sinharaja Forest Reserve--Deniyaya access,2026-09-17 08:00,171,146
L6797391,LK,LK-32,LK-32-008,6.342024,80.551859,"Sinharaja Green View, Deniyaya",2025-08-31 17:35,138,21
L59016832,LK,LK-32,LK-32-008,6.3520059,80.4861476,Sinharaja NP edge,2026-09-18 10:42,133,26
L5400563,LK,LK-91,LK-91-009,6.4333538,80.4185057,Sinharaja NP--Kudawa access,2026-09-24 16:35,216,1249
L4394885,LK,LK-32,LK-32-008,6.3903814,80.5973554,Sinharaja NP--Rainforest Ecolodge,2026-09-15 06:40,156,307
L6035871,LK,LK-91,LK-91-009,6.4509908,80.4137206,Sinharaja--Birds Paradise Hotel,2026-07-22 16:30,137,138
L5515099,LK,LK-91,LK-91-009,6.4434606,80.4178834,Sinharaja--Kudawa Village area,2026-09-25 06:35,204,1336
L15944549,LK,LK-33,LK-33-010,6.3868929,81.4489817,Sithulpawwa,2026-07-30 07:18,182,62
L5109331,LK,LK-72,LK-72-004,8.1205455,81.1684218,Somawathiya Sanctuary,2026-09-08 16:11,80,11
L6858666,LK,LK-43,LK-43-005,8.9302677,79.926095,"South Coast Rd. @ 08.9036, 079.92552.",2026-03-19 07:36,128,29
L7789362,LK,LK-91,LK-91-016,6.7891,80.4605,Sri Palabaddala,2025-04-27 13:23,95,19
L8267418,LK,LK-23,LK-23-004,6.9474425,80.645611,St. Clair Falls Viewpoint,2026-09-25 13:16,7,1
L3406525,LK,LK-81,LK-81-015,6.8994483,80.9011531,Surrey Estate Bird Sanctuary,2026-09-27 09:11,154,421
L13237912,LK,LK-62,LK-62-006,8.0593732,79.9608056,Tabbowa Wewa,2026-09-21 12:26,10,2
L15917928,LK,LK-62,LK-62-006,8.0746569,79.954556,Tabbowa Wewa,2026-09-19 14:28,116,70
L11488326,LK,LK-31,LK-31-005,6.41655,79.99674,Taj Bentota Resort & Spa,2018-04-03 07:00,3,0
L30555785,LK,LK-12,LK-12-007,7.183,79.919,Tamarind Tree Garden Resort,2026-09-21 17:22,91,194
L8785302,LK,LK-12,LK-12-007,7.18118,79.91692,Tamarind Tree Hotel Gardens Mimuwangoda,2024-04-13 06:03,39,19
L4334686,LK,LK-11,LK-11-005,6.8891662,79.9468607,Thalagama Lake (and surrounding wetlands),2026-09-27 08:48,186,1050
L16688487,LK,LK-11,LK-11-005,6.8882857,79.9473166,Thalangama Lake,2026-09-26 06:21,127,124
L53949535,LK,LK-11,LK-11-005,6.8879478,79.9472405,Thalangama Tank,2026-08-23 06:49,96,33
L6253213,LK,LK-11,LK-11-005,6.879477,79.9287987,Thalawathugoda Biodiversity Park,2026-07-15 16:45,109,73
L5130236,LK,LK-82,LK-82-010,6.4318186,81.1212273,Thanamalwila wetlands and rice fields,2026-06-29 17:43,120,110
L6868396,LK,LK-81,LK-81-005,6.7718358,80.9304374,Thangamale Sanctuary,2026-07-10 06:53,116,57
L15917908,LK,LK-71,LK-71-008,8.5726191,80.2543331,Thanthirimale,2026-05-02 15:50,84,19
L12355495,LK,LK-62,LK-62-015,8.26882,79.86549,The Backwaters Lodge,2026-09-21 13:06,63,1
L8723016,LK,LK-62,LK-62-006,8.207843,80.07038,The Ibis - Wilpattu,2019-10-29 11:56,79,8
L6220986,LK,LK-22,LK-22-004,7.5763077,80.895381,The Tank (SLWCS Observation Site),2026-05-06 16:36,55,3
L6215353,LK,LK-32,LK-32-014,6.0163839,80.5714023,Thihagoda,2025-08-28 10:28,108,24
L6941274,LK,LK-43,LK-43-005,8.94079,79.95455,"Thiruketheewaram Rd @ 08.94079, 079.95455",2026-03-09 16:41,164,72
L15917892,LK,LK-71,LK-71-011,8.3339943,80.3819926,Thissa Wewa,2026-09-27 11:44,115,47
L5130243,LK,LK-33,LK-33-010,6.2800217,81.291378,Thissamaharama Stupa temple,2026-04-24 14:01,151,22
L3435979,LK,LK-72,LK-72-006,7.9785168,81.0064352,Thivanka Image House,2025-11-18 13:39,23,10
L7468286,LK,LK-92,LK-92-002,7.1021277,80.3613102,"Thumbage, Bulathkohupitiya",2024-04-13 10:50,60,28
L4884280,LK,LK-33,LK-33-010,6.2885959,81.2879062,Tissa Lake,2026-08-30 16:30,253,604
L40117576,LK,LK-91,LK-91-007,6.7295643,80.8240557,Tree House Chalets,2026-05-22 12:37,102,71
L76666571,LK,LK-91,LK-91-007,6.7295643,80.8240557,Treehouse Chalets Belihuloya
L6729404,LK,LK-33,LK-33-009,6.047135,80.861794,Turtles view Resort,2026-09-13 16:35,128,22
L1122655,LK,LK-82,LK-82-010,6.4891,80.8658,Uda Walawe NP,2026-09-16 06:00,277,757
L31303047,LK,LK-82,LK-82-010,6.4561564,80.8782556,Uda Walawe National Park,2026-09-19 07:58,229,500
L3398911,LK,LK-91,LK-91-005,6.4280949,80.8163631,Udawalawa NP--Elephant Transit Home,2026-09-13 17:00,167,68
L5123593,LK,LK-82,LK-82-010,6.4314774,80.8496933,Udawalawa Reservoir (southeast end),2026-08-09 15:45,228,332
L5123587,LK,LK-91,LK-91-005,6.4142298,80.8319811,Udawalawa--Safari Village Hotel,2026-01-13 15:43,99,10
L8601752,LK,LK-21,LK-21-007,7.2989,80.6424,Udawatta Kele,2026-09-24 16:19,2,0
L10145625,LK,LK-61,LK-61-025,7.90822,80.37577,Ulpotha Yoga Retreat,2026-02-22 06:05,117,30
L8936179,LK,LK-31,LK-31-009,6.00951,80.24802,Unawatuna Beach,2019-03-21 08:00,5,0
L15917665,LK,LK-21,LK-21-007,7.2551058,80.5968665,University of Peradeniya,2026-08-24 07:30,96,70
L40374545,LK,LK-43,LK-43-002,9.0895191,79.6989414,Urumalai,2026-09-08 06:21,126,48
L7346019,LK,LK-43,LK-43-002,9.0921244,79.6985579,Urumalei,2026-05-29 08:30,192,174
L3398876,LK,LK-91,LK-91-009,6.4609601,80.4296851,Vaddagala-Kudawa Rd crossing of Delgoda Ganga,2026-02-18 18:02,139,38
L6523202,LK,LK-41,LK-41-010,9.7820177,80.1333225,Vallaiveli,2026-07-16 08:03,112,22
L3962486,LK,LK-43,LK-43-005,8.930852,79.9302578,Vankalai Bird Sanctuary,2026-08-11 12:32,216,322
L4513793,LK,LK-43,LK-43-005,8.9493026,79.9234343,Vankalai Marine Wildlife Sanctuary,2026-08-18 09:00,179,108
L5372021,LK,LK-43,LK-43-005,8.8905943,79.9343026,Vankalai Pond,2026-05-08 10:11,157,63
L5121239,LK,LK-91,LK-91-009,6.448757,80.4171324,Veddagala Kudawa Road (Siharaja Forest access road),2026-06-24 17:41,143,200
L11275983,LK,LK-21,LK-21-009,7.26123,80.77667,Victoria Golf and Country Resort,2020-06-11 10:08,52,7
L936705,LK,LK-23,LK-23-004,6.9674935,80.7675362,Victoria Park,2026-09-25 15:15,215,1769
L5095030,LK,LK-23,LK-23-005,7.1822895,80.9233891,Victoria Randenigala Rantembe Sanctuary,2026-09-24 14:20,134,13
L9805393,LK,LK-32,LK-32-015,5.97318,80.43768,W15 Hotel - Weligama,2020-07-30 10:00,23,8
L13328906,LK,LK-82,LK-82-004,6.4131156,81.4587575,"Warahana Wildlife Bunglow, Yala National Park",2021-01-15 13:15,1,1
L5106640,LK,LK-72,LK-72-006,7.7681445,80.91362,Wasgamuwa National Park,2026-09-15 17:02,177,52
L64716852,LK,LK-91,LK-91-005,6.3760356,80.7936287,Wawe landa Tank,2026-02-18 06:08,6,1
L10976994,LK,LK-11,LK-11-011,6.8820475,79.8918546,"Weli Park, Nawala",2026-02-04 08:18,68,26
L12834090,LK,LK-11,LK-11-011,6.881103,79.891885,"Weli Park, Nawala",2021-03-20 15:45,50,2
L7981443,LK,LK-33,LK-33-010,6.291246,81.297683,Weliaragoda Wetland,2026-09-10 17:24,150,49
L6802782,LK,LK-32,LK-32-014,6.0234586,80.5421066,"Wellathota - Thihagoda Road, Southern Province, LK (6.023, 80.542)",2025-12-21 13:00,109,12
L6853141,LK,LK-43,LK-43-002,9.0676231,79.8476672,Wetland 500m NW of Palmyra House,2026-03-11 15:41,116,84
L4526168,LK,LK-62,LK-62-015,8.4649015,80.0223541,Wilpattu National Park,2026-09-27 05:39,257,806
L4750641,LK,LK-71,LK-71-014,8.5064982,80.0620937,Wilpattu National Park (General),2026-08-15 06:00,229,363
L8947756,LK,LK-71,LK-71-014,8.2440092,80.1536322,Wilpattu Teal Cottage,2019-03-27 06:15,19,1
L1090189,LK,LK-33,LK-33-010,6.2825812,81.2324381,Wirawila,2026-07-21 12:52,201,113
L6959102,LK,LK-33,LK-33-010,6.3004274,81.2574148,Wirawila Tissa Sanctuary,2026-09-27 15:50,182,172
L6865950,LK,LK-81,LK-81-006,6.7785318,80.8580232,World End Lodge,2026-03-16 06:02,55,7
L1122648,LK,LK-33,LK-33-010,6.3531747,81.4722061,Yala National Park (General),2026-09-11 14:46,313,2306
L6721090,LK,LK-53,LK-53-007,8.9057356,81.002605,Yan Oya Estuary,2026-01-19 10:34,118,7
L15917274,LK,LK-33,LK-33-010,6.267568,81.3103445,Yoda Lake,2026-08-22 10:49,151,37
L57673171,LK,LK-11,LK-11-001,6.935046,79.845035,York Street Public Car Park,2026-01-15 10:00,2,0
