L20055231,MD,MD-SV,,46.6329316,29.7400821,Adana Natural Reserve (Cioburciu),2024-02-24 10:47,49,3
L16602511,MD,MD-CS,,46.8071415,29.2899894,Balmaz-Hîrbovățul Nou,2024-02-19 09:00,108,18
L22416632,MD,MD-CS,,46.6754119,28.9409501,Baurci Forest,2023-01-31 08:49,14,1
L5562838,MD,MD-GA,,46.169465,28.637895,Besalma,2026-09-11 08:29,168,237
L20805763,MD,MD-IA,,46.7987799,28.9603914,Budăi Lake,2022-09-07 11:31,16,1
L31655177,MD,MD-IA,,46.9629539,28.7462526,Centru Științific Vitivinicol,2026-04-30 11:04,28,3
L5947221,MD,MD-CU,,46.935094,28.93503,Chișinău Airport,2026-09-13 16:24,41,13
L7813627,MD,MD-GA,,46.417472,28.755984,Ciucur-Mingir Lake,2023-09-09 14:21,85,39
L20217932,MD,MD-CS,,46.6237688,29.0399237,Ciufleşti-Surchiceni Lake,2023-04-22 14:40,47,3
L4964769,MD,MD-GA,,46.3472535,28.6709905,Comrat lake,2026-01-12 08:21,146,162
L4632185,MD,MD-HI,,46.8252815,28.5836095,Conacul Manuc Bei,2024-11-17 10:50,14,1
L15970232,MD,MD-CS,,46.65602,29.4256086,Căuşeni--eastern pasture,2022-05-23 17:00,46,3
L8866723,MD,MD-CU,,47.0320652,28.8129574,Dendrarium Park,2026-09-04 15:38,93,77
L39627480,MD,MD-DR,,48.030642,27.813084,Drochia,2026-07-01 00:00,3,1
L16897704,MD,MD-SI,,47.6807671,28.1021096,Drum adiacent for birdwatching,2022-04-14 10:55,11,0
L8150848,MD,MD-DU,,47.2758487,29.1180578,Dubasari Dam,2026-02-12 15:59,124,148
L29177056,MD,MD-CR,,47.1398179,29.2542952,Dubăsarii Vechi Forest,2024-02-09 09:30,21,0
L9184947,MD,MD-GA,,45.5539036,28.4349543,Etulia Fish Ponds,2026-08-19 16:55,66,7
L28617772,MD,MD-SV,,46.4923647,29.9885499,Flooded Peninsulas Olăneşti-Crocmaz,2024-01-03 12:40,22,0
L15165492,MD,MD-CS,,46.6302997,29.2622899,Florica-Sălcuța Lakes,2023-03-18 12:51,67,10
L23687047,MD,MD-AN,,46.8443036,29.091868,Geamăna Forest,2023-04-17 08:56,32,1
L17022746,MD,MD-AN,,46.8138484,29.1650513,Geamăna Lake,2023-04-17 14:03,38,5
L20709162,MD,MD-AN,,46.8160219,29.1184956,Geamăna pasture,2022-08-28 11:47,3,3
L8271538,MD,MD-CA,,45.469146,28.208958,Giurgiulesti,2026-04-21 16:50,31,6
L14278042,MD,MD-SI,,47.7295655,28.0532571,Golden Garden,2022-03-08 12:00,12,1
L39294592,MD,MD-CU,,46.9755401,28.884653,Grădina Botanică Națională,2026-09-26 16:15,95,112
L17828860,MD,MD-CS,,46.6750101,29.6140055,Grădina Turcească,2024-02-24 07:00,72,2
L18170799,MD,MD-AN,,46.8722754,29.3879565,Hîrbovăț Forest,2023-06-09 09:15,37,3
L14843179,MD,MD-CS,,46.6671358,29.1600897,Iazul Coscalia,2022-09-02 06:21,95,14
L7161392,MD,MD-CL,,47.2900683,28.205452,Iazul comunei Sipoteni,2026-05-04 15:30,109,77
L16658151,MD,MD-CM,,46.5535759,28.7796481,Iazul lui Iepure,2026-05-09 12:00,59,13
L15145761,MD,MD-CS,,46.7045531,29.2613229,Iazurile Baccelia,2021-05-29 13:04,23,1
L7813658,MD,MD-CM,,46.55076,28.754864,Jepar,2026-07-12 08:19,133,56
L13161321,MD,MD-CU,,47.0463615,28.7951982,La Izvor Park,2026-07-20 07:59,71,16
L23587363,MD,MD-CS,,46.6752592,29.2961906,Lac Baccelia,2023-04-14 14:00,12,1
L14960978,MD,MD-CS,,46.6490574,29.3326284,Lac Marianca de sus,2023-04-14 12:00,51,2
L5819951,MD,MD-CA,,45.6061119,28.1208801,Lacul Beleu,2026-09-06 06:27,185,80
L16177361,MD,MD-CS,,46.6509947,29.120266,Lacul Cîrnățenii Noi,2023-03-18 07:18,32,3
L18712207,MD,MD-UN,,47.2159452,27.8121981,Lacul Delia,2025-07-25 20:18,61,2
L5747315,MD,MD-ST,,47.122797,28.6857104,Lacul Ghidighici,2026-09-14 15:30,127,36
L20529063,MD,MD-IA,,46.7369297,29.0446988,Lacul Homuteanovca,2022-08-13 09:37,16,1
L5095676,MD,MD-OR,,47.280084,28.8191772,Lacul Ivancea,2026-04-20 00:00,75,8
L15147526,MD,MD-AN,,46.7417751,29.178516,Lacul Larga,2021-05-29 16:45,7,1
L20697655,MD,MD-SI,,47.5657647,28.0450921,Lacul Platina,2026-06-23 15:42,58,4
L18090580,MD,MD-IA,,46.7504708,28.9255718,Lacul Răzeni-Mileştii Noi,2026-03-25 13:31,94,9
L4874209,MD,MD-AN,,46.9202846,29.4260645,Lacul Salas,2026-08-02 09:47,130,34
L11969744,MD,MD-LE,,46.499451,28.4045433,Lacul Sărata Nouă,2026-04-27 18:57,134,45
L15121953,MD,MD-SV,,46.6063147,29.6239124,Lacul Talmaza,2023-06-11 09:18,117,14
L16225078,MD,MD-CS,,46.4156492,29.2546398,Lacul Ucrainca-Chervone,2026-03-26 09:39,107,15
L19182488,MD,MD-SV,,46.480498,29.6223332,Lacul mare Ştefan-Vodă,2024-02-09 13:29,57,3
L16984367,MD,MD-SV,,46.5405427,29.501798,Lacurile Ermoclia-Semionovca,2022-09-08 13:09,45,2
L15147045,MD,MD-CS,,46.7105252,29.2133776,Lacurile Plop,2026-07-16 10:28,133,30
L5727988,MD,MD-CL,,47.2901751,28.2053375,Lazul comunei Sipoteni
L14153389,MD,MD-CS,,46.6467912,29.3997453,Lunca inundabilă Căuşeni,2025-01-14 12:38,120,36
L8998184,MD,MD-CA,,45.8336058,28.1685843,Manta Lake and fish ponds,2026-08-19 14:02,148,77
L17024657,MD,MD-AN,,46.7815442,29.0983221,Ochiul Roş Lakes,2022-08-28 08:31,73,5
L28617689,MD,MD-SV,,46.4991017,29.956186,Olăneşti Peinsula,2024-01-02 09:52,14,0
L26812185,MD,MD-CR,,47.3078889,28.9639664,Orheiul Vechi Cultural-Natural Reserve,2026-09-08 11:47,78,25
L14478778,MD,MD-CS,,46.6350667,29.3858508,Padure Causeni,2021-10-21 16:45,22,3
L17211858,MD,MD-CS,,46.6085058,29.2621306,Pajişte Sălcuța,2022-12-24 08:28,36,3
L17640736,MD,MD-CS,,46.6213372,29.3643801,Pajişte Zaim-Căuşeni,2022-02-04 13:30,20,1
L17940532,MD,MD-AN,,46.7456126,29.2030117,Pajişte Zolotievca NE,2026-07-16 10:00,26,3
L19182504,MD,MD-SV,,46.511639,29.6399378,Pajiştea Stefan-Vodă,2025-08-14 06:00,58,5
L13142258,MD,MD-CU,,47.0513749,28.85396,Parc,2026-09-06 10:17,26,6
L14123825,MD,MD-CS,,46.648055,29.4116895,Parc Botna,2021-06-28 06:17,48,12
L14174423,MD,MD-CS,,46.6652155,29.4252541,Parcul Olimp,2021-05-26 21:15,46,7
L17081809,MD,MD-SV,,46.5658242,29.8594525,Peninsulele Nistrului La Purcari,2022-04-09 09:02,53,4
L20055260,MD,MD-CS,,46.6056854,29.2300852,Perete de argilă (Sălcuța),2022-07-09 17:32,14,3
L20709150,MD,MD-IA,,46.8054879,29.0318325,Puhoi Lake,2023-08-13 09:30,23,4
L14392331,MD,MD-CS,,46.6918998,29.1723787,Pădurea Coşcalia,2023-11-17 13:40,67,23
L16778123,MD,MD-CS,,46.7038744,29.5794708,Pădurea Plop Ştiubei-Copanca-Leuntea,2022-04-30 10:07,55,3
L28534364,MD,MD-CR,,47.147911,29.199707,Pădurea Pohorela,2024-03-07 12:25,31,4
L28617789,MD,MD-SV,,46.4697864,29.9533647,Pădurea Împărătească Nord,2024-01-03 05:17,1,0
L20616520,MD,MD-CS,,46.6960003,29.2402618,Raptor view point--Florica,2022-08-31 10:30,18,2
L7513445,MD,MD-IA,,46.78923,28.9402,Razeni Dam,2026-08-22 09:51,163,120
L15409780,MD,MD-CS,,46.7308384,29.4681976,Rezervația naturală Misilindra,2023-04-15 08:31,48,2
L18089076,MD,MD-CM,,46.7105829,28.8987911,Rezervația peisagistică Cărbuna,2023-06-25 08:32,48,7
L9155654,MD,MD-UN,,47.297711,28.065552,Rezervația științifică „Plaiul Fagului”,2026-05-02 14:47,80,18
L4521004,MD,MD-AN,,46.9129855,29.4007874,Salas Lake,2026-01-10 14:40,139,53
L5819700,MD,MD-LE,,46.4958438,28.3933714,Sarata-Noua,2020-07-25 16:25,28,6
L6275820,MD,MD-CA,,45.6049911,28.1664969,Slobozia Mare Raptor Observatory,2025-04-14 20:29,47,11
L31074336,MD,MD-CA,,45.6021099,28.1917001,Slobozia Mare--northern pasture,2024-04-20 11:40,14,1
L28617540,MD,MD-AN,,46.9890575,29.3042734,Speia Peninsula,2023-12-28 09:05,16,0
L20217939,MD,MD-CS,,46.6080032,29.0634971,Surchiceni Lake,2026-07-19 12:27,55,4
L8865204,MD,MD-IA,,46.988942,28.692119,Suruceni Lake--south of E581,2026-08-31 12:27,38,5
L8150953,MD,MD-IA,,46.9987576,28.6746198,Suruceni lakes,2026-08-31 09:02,107,50
L20823631,MD,MD-CM,,46.6891105,28.9200849,Tabăra Izvoraş vicinity,2022-09-09 11:50,10,1
L5771675,MD,MD-GA,,45.9918405,28.5869851,Taraclia Lakes,2026-07-12 14:52,133,71
L5562874,MD,MD-TA,,45.9371241,28.6078405,Taraclia lake,2026-09-10 16:39,140,95
L4964781,MD,MD-TA,,45.9916546,28.5798383,Taraclia lake--Svetlîi village,2025-08-07 13:02,124,67
L26812223,MD,MD-RE,,47.6050794,28.9846909,Tipova Landscape Reserve,2025-12-17 11:38,25,6
L16225184,MD,MD-CS,,46.5038531,29.281823,Tocuz Lakes,2026-03-25 16:20,51,8
L8126382,MD,MD-OR,,47.332917,28.9713609,Trebujenio-Furceni birding trail,2026-09-19 10:36,101,38
L20709209,MD,MD-AN,,46.7843319,29.2611614,Troița Nouă little lake,2026-07-16 09:23,26,4
L21692267,MD,MD-CS,,46.4564423,29.2510179,Ucrainca--big forest NW,2026-03-26 13:51,28,2
L16219688,MD,MD-CS,,46.4651976,29.2721233,Ucrainca--little lake,2023-02-02 13:30,18,2
L15673405,MD,MD-CS,,46.6984584,29.3917779,"Unnamed road--Ursoaia, Raionul, Căușeni",2021-07-07 08:15,23,1
L15673362,MD,MD-CS,,46.6850529,29.431838,"Ursoaia, Raionul Căușeni",2021-07-07 06:16,23,1
L4597728,MD,MD-CU,,47.0175115,28.8165722,Valea Morilor Lake,2026-09-06 16:39,119,188
L8271944,MD,MD-CU,,47.000908,28.849819,Valea Trandafirilor Park,2026-08-15 16:53,88,94
L14813344,MD,MD-CS,,46.6536478,29.3567646,Zaim-Căuşeni small Lakes,2023-04-14 11:40,57,5
L22416622,MD,MD-CM,,46.678546,28.9019692,Zloți Monastery,2023-01-31 14:09,11,1
L16602546,MD,MD-AN,,46.7273687,29.1742014,Zolotievca pajişte S-W,2023-08-11 10:00,17,2
L16472482,MD,MD-CS,,46.504118,29.3313912,Zviozdocica--northern pasture,2026-03-25 17:51,31,3
L28617621,MD,MD-AN,,46.9993695,29.3561628,Şerpeni Forest,2023-12-28 10:30,17,0
L35726659,MD,MD-CU,,47.049614,28.80622,"Между озером №3 парка ""La Izvor"" и озером тракторного завода",2025-04-12 10:35,42,2
L38546879,MD,MD-OR,,47.3299694,28.9554361,Старый Орхей (Требужены),2025-10-27 09:00,77,14
