L8022895,MG,MG-U,,-23.4237615,43.8065546,Aire protégée Tsinjoriake,2026-06-02 14:24,90,257
L10941506,MG,MG-A,,-18.8008,48.8092,"Ambalafary, CR Fanasana",2025-10-18 09:22,47,3
L7871971,MG,MG-D,,-13.7166832,47.8994722,Ambariomena,2023-06-28 06:18,25,5
L10941829,MG,MG-M,,-16.4764811,46.7108417,Ambato Boeny,2011-05-11 00:00,6,0
L8432220,MG,MG-T,,-19.3837722,47.4382473,Ambatolampy,2025-12-22 10:15,44,13
L7869187,MG,MG-D,,-13.400449,48.2406884,Ambatoloaka,2026-04-28 07:57,41,6
L1856075,MG,MG-D,,-12.5882162,49.1403695,Amber Mountain NP,2026-06-29 09:49,112,134
L4533040,MG,MG-A,,-15.715159,49.962205,Ambodiforaha,2025-12-07 07:00,89,71
L959078,MG,MG-F,,-21.2039382,47.369049,Amboditanimena Trail,2025-12-01 06:38,110,217
L2574452,MG,MG-T,,-18.7608767,47.5628614,Ambohimanga,2026-07-20 15:43,56,37
L3350597,MG,MG-T,,-18.6785554,47.3159923,Ambohitantely Reserve,2024-10-20 08:31,40,7
L3353012,MG,MG-U,,-23.2613889,43.6283333,Ambondrolava Wetland Complex,2026-09-23 17:13,117,134
L8083380,MG,MG-M,,-16.4080556,47.1083333,Amboromdolo Pond,2026-08-16 07:13,45,84
L12369063,MG,MG-M,,-15.6816648,46.3520147,Amborovy Airport Pools,2026-04-12 11:54,64,31
L8082664,MG,MG-M,,-15.6545038,46.3736375,Amborovy Wetlands,2025-10-30 16:57,68,17
L8049577,MG,MG-M,,-16.4271888,47.1385452,Ambrondomamy Bridge Crossing,2026-08-16 07:29,54,50
L10127516,MG,MG-M,,-15.7856457,46.0819022,Ampapamena--mangrove et allentours,2019-08-18 00:00,20,0
L9513483,MG,MG-T,,-19.0816271,46.7446804,Ampefy--Lac Itasy,2026-09-19 10:01,35,9
L10216621,MG,MG-M,,-15.6403972,46.3798048,Ampitolova Lac,2023-11-07 12:54,49,6
L10941841,MG,MG-M,,-16.5833261,46.6063643,Anaboazo (Anosikary),2022-10-10 09:00,19,3
L2573962,MG,MG-U,,-23.667051,43.6390686,Anakao,2026-09-19 16:25,115,337
L3936735,MG,MG-A,,-18.92863,48.41687,Analamazaotra Forest Station,2026-09-27 07:33,121,412
L3776804,MG,MG-U,,-24.7582623,46.7672244,Andahohela NP,2024-11-05 07:00,87,31
L4752535,MG,MG-D,,-14.6648672,49.6560652,Andapa,2025-08-05 20:59,44,5
L10128242,MG,MG-A,,-18.9327962,48.4134436,Andasibe--Orchid garden,2026-07-31 18:17,94,154
L11360178,MG,MG-A,,-18.8388105,48.4438305,"Andasibe-Mantadia National Park,Taomasina, Madagascar.",2026-09-18 09:34,122,164
L6360421,MG,MG-U,,-24.766032,46.861669,Andhohahela National Park--rainforest block,2025-11-24 08:11,48,19
L10132168,MG,MG-D,,-13.2529963,48.1892657,Andilana,2026-05-22 15:49,60,71
L11355730,MG,MG-A,,-15.6815747,49.9572258,Andranobe research station,2024-08-15 09:00,66,7
L1030471,MG,MG-T,,-18.4113171,47.9450226,Andreba Forest--Anjozorobe-Angavo corridor,2026-06-21 07:39,123,77
L10941507,MG,MG-A,,-18.6772413,48.7896025,Andriantantely (Ankeniheny Zahamena Corridor),2010-11-30 00:00,6,0
L3776798,MG,MG-F,,-22.2228463,46.929152,Andringitra NP,2019-04-22 05:22,84,18
L11474492,MG,MG-F,,-22.2100726,46.9216289,Andringitra National Park,2026-08-08 07:30,43,5
L15268413,MG,MG-T,,-18.9268344,47.7374389,Angavokely Forest Station,2025-04-14 09:13,35,15
L1264880,MG,MG-F,,-21.8509407,46.8427876,Anja Community Reserve,2026-09-24 12:02,113,339
L3192220,MG,MG-M,,-14.9903147,47.2273874,Anjajavy Hotel,2026-05-27 06:35,101,89
L958941,MG,MG-M,,-16.2672836,46.8510833,Ankarafantsika NP (please use more precise locations),2025-09-17 07:00,154,420
L2569604,MG,MG-M,,-16.3318308,46.786319,Ankarafantsika NP--Canyon Viewpoint,2026-09-21 09:34,58,11
L10968078,MG,MG-M,,-16.3067782,46.8168999,Ankarafantsika NP--Lac Ravelobe,2026-09-27 16:06,132,515
L945692,MG,MG-M,,-16.0868162,47.0692806,Ankarafantsika NP--Lac Ravelova,2019-11-05 10:00,122,58
L4970071,MG,MG-M,,-16.3117346,46.8165164,Ankarafantsika Park Headquarters,2026-09-27 06:29,144,497
L4970058,MG,MG-M,,-16.3169873,46.8101027,Ankarafantsika--Circuit Coquereli,2026-09-21 10:07,113,569
L4970018,MG,MG-M,,-16.3004192,46.8124416,Ankarafantsika--Circuit Retendrika,2026-09-21 07:49,114,477
L3249953,MG,MG-D,,-12.9156807,49.1344643,Ankarana Reserve,2026-08-24 15:38,117,149
L7871994,MG,MG-D,,-13.5970876,47.9278153,Ankivonjy MPA,2023-06-27 06:19,36,12
L6856407,MG,MG-M,,-15.4663902,46.7342219,Antafiameva,2025-06-25 08:54,37,1
L11329796,MG,MG-T,,-18.9090888,47.5254379,Antananarivo (general area),2026-09-12 16:44,82,114
L10941925,MG,MG-T,,-18.8251476,47.4487979,Antananarivo--Ambohidratrimo,2026-09-17 19:41,27,7
L10937764,MG,MG-T,,-18.8742743,47.5415017,Antananarivo--Analamahitsy,2025-03-20 09:17,25,9
L10937729,MG,MG-T,,-18.8820789,47.5303772,Antananarivo--Marais Masay,2026-09-17 10:36,42,35
L10937709,MG,MG-T,,-18.8913723,47.5411948,Antananarivo--Soavimbahoaka,2025-07-26 10:08,26,242
L10127483,MG,MG-M,,-15.7140259,46.1709113,Antrema--aire protégée,2025-11-03 15:46,55,4
L3105986,MG,MG-M,,-15.5698897,46.4226265,Antsanitia Resort,2026-02-10 14:57,61,31
L9722270,MG,MG-T,,-19.8602586,47.0399737,Antsirabe--Park l'Est,2025-12-23 06:45,62,27
L10474778,MG,MG-U,,-23.4139891,43.7552941,Arboretum d'Antsokay,2026-09-26 16:00,99,413
L8329495,MG,MG-M,,-16.3392194,46.8470382,Asity Lodge,2026-09-19 18:23,76,60
L4081130,MG,MG-U,,-20.2507014,44.4195622,Avenue of the Baobobs,2026-09-20 13:32,99,105
L10076262,MG,MG-U,,-23.3878569,43.7231827,Aéroport de Tuléar,2025-12-18 05:41,55,21
L10941862,MG,MG-A,,-17.0095258,49.8484369,Baie des Forbans,2026-07-30 09:54,40,9
L10998172,MG,MG-U,,-23.4330374,43.749794,Bakuba Hotel,2025-11-21 10:48,64,16
L12216701,MG,MG-M,,-16.3449274,46.8359871,Beamilaka Pool,2024-10-20 16:15,45,4
L6576334,MG,MG-D,,-13.276912,48.249037,Befotaka Bay,2024-06-30 14:35,52,9
L10130198,MG,MG-M,,-19.1401243,44.8041865,Bekopaka--le lac,2026-08-04 08:03,88,56
L2595790,MG,MG-U,,-23.2828847,43.6428795,Belalanda Wetlands,2026-09-06 15:31,131,571
L4083984,MG,MG-M,,-14.3629962,48.5872858,Bemanevika,2025-09-23 06:30,122,44
L11549072,MG,MG-M,,-14.3483553,48.5792699,Bepaipaiky Camp (Peregrine Fund),2026-08-18 10:50,105,52
L920181,MG,MG-U,,-25.0049462,46.3007428,Berenty Reserve,2026-06-26 16:03,142,758
L6462768,MG,MG-U,,-25.0073091,46.3065941,Berenty Reserve--Gallery Forest,2026-06-26 09:24,91,227
L6462770,MG,MG-U,,-25.029146,46.288478,Berenty Reserve--Spiny Forest,2026-06-25 15:22,79,144
L3113081,MG,MG-M,,-16.9420294,46.9517211,Betsiboka River Crossing,2026-09-19 14:10,71,179
L8082596,MG,MG-M,,-15.9189155,46.3551242,Betsiboka River Estuary,2025-11-23 08:45,127,162
L12216451,MG,MG-M,,-16.3321243,46.8479562,Blue Vanga Lodge,2024-10-03 11:11,52,3
L2573338,MG,MG-M,,-15.8900397,46.3238525,Bombetoka Bay,2026-09-26 12:03,123,273
L10939038,MG,MG-U,,-20.103936,44.5495463,Camp des Amoreux,2026-09-13 11:33,55,53
L10093070,MG,MG-F,,-22.1343953,48.0206113,Canal des Pangalanes,2023-10-18 00:00,25,3
L10941457,MG,MG-A,,-18.6056002,49.2133566,Canal des Pangalins--Palmarium Reserve,2026-09-23 07:00,89,109
L11001747,MG,MG-T,,-18.9232173,47.81046,Commune Manjakandriana,2026-09-16 15:44,31,33
L4752520,MG,MG-D,,-12.2755791,49.2967169,Diego beach,2025-10-19 17:31,42,11
L10151665,MG,MG-F,,-20.7728,47.1818,D’Ankazomivada Community Reserve,2026-09-21 13:37,71,160
L9336708,MG,MG-A,,-15.7136908,49.9617422,Ecolodge chez Arol,2026-09-10 17:29,98,159
L10981750,MG,MG-U,,-24.0758214,43.698842,Efoetsy,2024-10-13 16:14,22,11
L8033539,MG,MG-A,,-18.9851331,48.433786,Eulophiella,2026-07-10 16:30,95,213
L8432018,MG,MG-T,,-18.9167639,47.7001115,Farariana,2025-11-18 11:36,30,11
L10941933,MG,MG-D,,-12.7516415,49.2533726,Farihy Antanavo (Lac Sacré),2024-10-28 12:58,22,1
L10127535,MG,MG-F,,-22.6412094,45.3086311,Fenetre d'Isalo,2026-09-23 18:27,49,29
L3778596,MG,MG-F,,-21.448619,47.0953846,Fianarantsoa town,2026-06-09 11:29,66,25
L8001342,MG,MG-U,,-22.8976801,44.3435805,"Fiherenana River, Mahaboboka",2025-10-01 13:59,23,14
L1007282,MG,MG-U,,-25.0314836,46.9948769,Fort Dauphin,2026-02-10 14:23,118,100
L6456257,MG,MG-U,,-25.036532,46.954484,Fort Dauphin--Airport,2026-01-05 07:00,31,26
L7353297,MG,MG-D,,-12.4542856,49.2099602,Forêt d'Ambre,2025-07-19 08:47,65,5
L10941869,MG,MG-T,,-18.9262667,46.6401592,Geysers d'Andranomandroatra,2010-04-27 00:00,3,0
L8304635,MG,MG-A,,-15.6069132,49.8218666,Helodrano Antongila Bay,2026-06-22 06:47,43,29
L10093031,MG,MG-F,,-22.1583935,48.0169058,Hotel Antemoro,2019-10-17 12:00,2,1
L3994429,MG,MG-T,,-18.8242916,47.4908108,Hotel Au Bois Vert,2026-09-16 11:40,72,305
L3840135,MG,MG-A,,-18.9472501,48.4183386,Hotel Feon'ny Ala,2026-09-22 13:17,115,501
L12272001,MG,MG-T,,-18.871468,47.486107,Hotel Le Combava,2026-09-20 07:33,35,27
L10093044,MG,MG-F,,-22.1449886,48.0238795,Hotel Restaurante Partheney,2022-09-07 11:06,6,3
L6489758,MG,MG-A,,-19.0083372,48.4557945,Iaroka Forest,2025-11-22 07:20,108,288
L10076278,MG,MG-U,,-23.1261527,43.607955,Ifaty Beach Club Hotel,2026-09-25 17:26,71,34
L2595156,MG,MG-U,,-23.2164222,43.6167526,Ifaty--coastal flats,2026-08-25 10:43,129,214
L11329231,MG,MG-U,,-23.1477681,43.6330822,Ifaty--dry forest,2026-05-11 06:00,128,88
L3099280,MG,MG-U,,-23.1590725,43.6177139,Ifaty--salt pans,2026-09-12 09:39,128,680
L920191,MG,MG-U,,-23.1226796,43.6177826,Ifaty--spiny forest reserves,2026-09-27 07:15,170,1650
L1067579,MG,MG-F,,-22.4809959,45.3330231,Isalo NP,2026-09-20 12:52,120,221
L4111548,MG,MG-F,,-22.5391958,45.3790283,Isalo NP--Namaza Canyon,2026-09-25 09:20,87,270
L10995816,MG,MG-F,,-22.693963,45.2244078,Isalo NP--western border,2026-08-10 08:00,41,12
L3839389,MG,MG-F,,-22.592901,45.392131,Isalo Ranch Hotel,2025-11-25 06:17,62,70
L10941376,MG,MG-T,,-19.0306156,46.6845207,Itasy--Les Chutes de la Lily,2025-06-18 12:56,14,2
L10938678,MG,MG-T,,-18.785475,47.46428,Ivato Croc Farm,2025-07-22 09:36,41,7
L2573939,MG,MG-T,,-18.7984885,47.4748421,Ivato International Airport,2026-09-26 07:32,53,183
L10093123,MG,MG-F,,-21.2537819,47.4477196,Karibotel Ranomafana,2026-09-23 15:38,35,34
L10127461,MG,MG-M,,-15.7648673,46.2431086,Katsepy,2026-09-26 11:18,49,16
L10127571,MG,MG-M,,-15.7160459,46.2165709,Katsepy--le phare,2026-04-05 19:42,41,15
L10937845,MG,MG-U,,-20.2551177,44.3009539,Kimony,2026-07-28 07:13,35,13
L4084199,MG,MG-M,,-16.1713576,45.8428418,Kinkony--Sakalava Rail site,2026-08-11 05:21,112,51
L2440860,MG,MG-U,,-20.0670296,44.6573172,Kirindy Forest Camp,2026-09-14 10:01,111,155
L11430148,MG,MG-U,,-20.068958,44.6571069,Kirindy Forest Reserve,2026-09-21 07:30,99,235
L9497276,MG,MG-U,,-20.7397399,44.1719913,Kirindy Mitea NP,2026-07-10 08:13,96,22
L1250601,MG,MG-U,,-23.4556562,43.7891579,La Table,2025-10-13 07:45,105,277
L959061,MG,MG-M,,-16.135622,46.7491729,Lac Amboromalandy,2026-09-21 14:15,118,124
L8432238,MG,MG-T,,-19.8748201,46.975145,Lac Andraikiba,2026-09-19 16:16,24,9
L10129048,MG,MG-T,,-18.8262363,47.4500432,Lac Andranotapahina,2025-10-10 11:15,49,17
L920187,MG,MG-U,,-25.0995904,46.4714813,Lac Anony,2025-11-11 14:57,67,13
L5543580,MG,MG-T,,-18.9150356,47.5207636,Lac Anosy,2026-09-12 15:48,63,28
L3665757,MG,MG-U,,-22.1063169,43.2560921,Lac Antsirabe,2022-06-02 07:45,93,119
L4315608,MG,MG-M,,-18.8530108,44.468708,Lac Bemamba,1982-06-02 07:00,72,1
L10038238,MG,MG-D,,-12.440512,49.244008,Lac Mahery,2025-09-25 08:57,58,20
L4315717,MG,MG-M,,-18.8422074,44.4788361,Lac Masama,1982-06-04 07:00,50,1
L26986139,MG,MG-T,,-18.8882591,47.5361252,Lac Masay,2023-09-08 09:15,12,1
L4967941,MG,MG-M,,-14.3255542,48.5811524,Lac Matsaborimaitso,2024-10-10 07:04,43,9
L4967865,MG,MG-M,,-14.3340753,48.5899029,Lac Matsaborimena,2026-08-18 14:43,111,95
L10127547,MG,MG-M,,-15.7478633,46.1345366,Lac Sahariaka,2022-06-28 14:15,13,0
L10937736,MG,MG-T,,-18.890971,47.525776,Lac Tana Water Front,2026-08-19 05:57,48,81
L10941805,MG,MG-T,,-19.8328079,46.8584195,Lac Tatamarina,2025-10-04 07:14,26,5
L3281958,MG,MG-T,,-19.9288852,46.9247639,Lac Tritriva,2026-08-08 09:24,28,18
L2238730,MG,MG-U,,-24.0590045,43.7434387,Lac Tsimanampetsotsa,2026-09-20 06:58,118,102
L15053119,MG,MG-T,,-18.8084089,47.5050288,Lake Ivato,2026-07-27 07:36,50,34
L5543319,MG,MG-A,,-15.7316227,49.9595547,"Le Petit Relais, Masoala",2025-10-25 12:15,63,16
L3350363,MG,MG-F,,-22.6431545,45.3292551,Le Relais de la Reine/Le Jardin du Roy,2026-09-25 17:44,104,657
L10113507,MG,MG-A,,-18.8897671,48.4311699,Lemur Island,2026-09-20 15:20,61,64
L10016393,MG,MG-T,,-18.9535498,47.3585854,Lemur Park,2026-07-05 09:41,47,57
L10939000,MG,MG-U,,-25.0415717,46.9948626,Libanona Bay,2025-06-06 12:05,26,23
L10938915,MG,MG-U,,-24.939021,47.1150042,Lokaro,2023-06-11 10:43,30,5
L3283991,MG,MG-D,,-13.411662,48.3352947,Lokobe Reserve,2026-09-23 09:41,101,73
L1123904,MG,MG-M,,-15.7262857,46.3182821,Mahajanga (Majunga),2026-08-09 17:24,137,138
L4018060,MG,MG-A,,-15.2913054,49.8867702,Makira Parc Naturelle,2015-11-08 07:12,39,1
L10130222,MG,MG-M,,-19.1540632,44.9330096,Manambolo--les gorges,2025-11-21 08:15,63,9
L10914644,MG,MG-T,,-18.4491534,47.9366749,Mananara Lodge,2026-07-26 05:36,127,103
L8432255,MG,MG-T,,-20.0639741,47.0611171,Manandoana,2026-01-02 17:27,35,8
L7767428,MG,MG-U,,-24.7588256,46.8615618,Manangotry Forest,2025-10-21 08:16,46,10
L12273399,MG,MG-T,,-18.913086,47.893073,Mandraka Park,2026-09-07 09:35,62,13
L2569679,MG,MG-U,,-24.8123038,46.1566794,Mandrare River Camp,2026-08-24 06:24,74,49
L3978977,MG,MG-A,,-19.0339174,48.1534088,Mangabe Nature Reserve,2023-10-17 05:24,60,5
L3104928,MG,MG-A,,-18.8763413,48.1068993,Mangoro River Crossing,2026-09-09 09:56,90,241
L11012827,MG,MG-A,,-18.8935058,48.4306427,Mantadia NP--pond,2026-09-17 17:10,57,14
L10937823,MG,MG-T,,-19.0106772,47.8629256,Mantasoa,2025-11-08 00:00,27,5
L6856795,MG,MG-M,,-15.4915715,46.6949072,Mariarano Forest,2026-06-09 19:13,69,21
L3157932,MG,MG-A,,-15.452522,49.7433186,Maroansetra River Mouth,2026-06-28 08:54,103,100
L2675837,MG,MG-A,,-15.7660086,49.9957001,Marofototra,2019-11-12 07:44,83,13
L6466409,MG,MG-D,,-14.4304826,49.7390127,Marojejy NP,2026-03-22 08:02,101,72
L2463752,MG,MG-A,,-18.9760025,48.4648883,Maromizaha Forest,2026-09-26 07:26,109,212
L4967969,MG,MG-M,,-14.331812,48.5798435,Marotaolana Swamp,2025-11-12 07:00,72,39
L6050216,MG,MG-A,,-15.7220804,49.9597639,Masoala Forest Lodge,2026-06-24 15:30,118,195
L2574349,MG,MG-D,,-15.6110012,50.0992584,Masoala NP (Antsiranana province),2025-09-09 16:51,132,95
L10104895,MG,MG-A,,-15.6774382,50.0138255,Masoala NP (Toamasina province),2026-06-26 10:10,113,79
L10104939,MG,MG-A,,-15.7318143,49.9667697,Masoala--Tampolo,2026-06-27 10:02,87,42
L6855352,MG,MG-M,,-15.4895395,46.6499341,Matsedroy Lakes,2025-07-31 14:21,83,46
L3404246,MG,MG-A,,-18.9196028,48.3832741,Mitsinjo Community Reserve,2026-09-09 08:39,94,47
L3192355,MG,MG-M,,-14.8978888,47.3379245,Moramba Bay,2025-11-19 05:27,58,14
L10106100,MG,MG-U,,-20.2993518,44.2656419,Morondava Beach,2026-09-15 16:11,72,45
L3823738,MG,MG-U,,-20.2925097,44.2654181,Morondava Beach & estuary,2026-08-12 15:16,82,46
L10997311,MG,MG-F,,-22.6179362,45.3625892,Musee d'Isalo,2026-09-24 06:48,50,151
L7353558,MG,MG-D,,-12.2767311,49.3760777,NAP d'Oronjia,2026-09-19 05:36,70,20
L5546395,MG,MG-U,,-24.9745434,46.9811493,Nahampoana Reserve,2025-12-30 08:49,52,19
L10941833,MG,MG-T,,-18.88406,47.551122,Nanisana,2026-07-29 00:00,19,5
L8127575,MG,MG-A,,-18.9570625,48.4109638,"National Route 2 Wetland. GPS -18.957228, 48.410722",2026-07-28 17:00,29,6
L9148216,MG,MG-D,,-13.6143608,47.889009,Naturalia Lodge,2019-05-02 06:30,37,8
L6604364,MG,MG-D,,-13.185833,48.233887,Nosy Fanihy,2022-04-12 08:07,10,4
L11042957,MG,MG-D,,-13.5964484,47.8189494,Nosy Iranja,2026-09-26 10:08,35,28
L11041241,MG,MG-D,,-13.4431748,48.3473207,Nosy Komba,2026-09-24 11:00,56,44
L2574284,MG,MG-A,,-15.4953707,49.76964,Nosy Mangabe,2026-09-13 11:47,69,81
L5129846,MG,MG-D,,-13.4825762,48.2366538,Nosy Tanikely,2026-07-20 09:56,49,47
L2573953,MG,MG-U,,-23.6487526,43.6042105,Nosy Ve,2026-09-19 12:59,115,621
L7616416,MG,MG-D,,-15.2961034,50.3562534,Onive river,2006-11-11 07:00,27,4
L10941424,MG,MG-A,,-18.8349776,48.4587353,PN Andasibe-Mantadia,2026-09-27 07:02,153,904
L8122794,MG,MG-A,,-18.9354228,48.4151579,PN Andasibe-Mantadia--Analamazoatra Reserve,2026-09-26 07:00,151,1148
L4982228,MG,MG-A,,-18.8256029,48.4349442,PN Mantadia--Circuit Chute Sacrée,2026-09-27 07:44,108,188
L9338205,MG,MG-A,,-18.8050806,48.4280777,PN Mantadia--Circuit Eulophia,2026-09-25 07:54,117,316
L11012737,MG,MG-A,,-18.7696749,48.435021,PN Mantadia--Circuit Tsakoka,2026-09-08 08:03,99,126
L9485546,MG,MG-A,,-18.0593338,49.357903,Parc Ivoloina,2026-01-04 14:00,51,15
L10955426,MG,MG-A,,-18.9381545,48.4143019,Parc Mitsinjo,2026-09-27 07:11,100,153
L8083407,MG,MG-T,,-18.8678789,47.5177087,Parc de Tsarasaotra (Lac Alarobia),2026-09-27 16:21,116,1452
L920192,MG,MG-A,,-18.9265853,48.4144306,Perinet (Analamazaotra Special Reserve),2026-09-23 09:07,158,583
L9338303,MG,MG-A,,-18.7922682,48.4169845,Pond at Mantadia,2025-11-30 07:24,71,59
L8000655,MG,MG-T,,-20.0216842,47.0521922,Pont de Manandona,2024-10-22 06:09,41,13
L6248127,MG,MG-T,,-18.9237233,47.5320536,Queen's Palace,2026-09-12 11:00,18,23
L10941550,MG,MG-D,,-12.2463335,49.3434556,Ramena,2026-01-31 11:36,39,15
L10120755,MG,MG-F,,-21.2698787,47.4722029,Ranomafana Arboretum,2026-09-09 14:41,73,21
L10960986,MG,MG-F,,-21.265903,47.4193154,Ranomafana NP,2026-09-26 13:03,168,2834
L10007555,MG,MG-F,,-21.2406471,47.3944392,Ranomafana NP--Sahamalaotra Track,2026-09-21 10:30,124,646
L3341582,MG,MG-F,,-21.2555683,47.4001064,Ranomafana NP--Telatekely,2026-09-13 05:57,101,199
L6342105,MG,MG-F,,-21.256243,47.421555,Ranomafana NP--Varibolo,2026-09-26 13:03,118,528
L959015,MG,MG-F,,-21.2381628,47.3857645,Ranomafana NP--Vohiparara,2026-09-12 11:35,126,359
L6438347,MG,MG-T,,-18.833776,47.462729,Relais de Plateux Hotel,2026-09-04 08:33,52,379
L10937854,MG,MG-A,,-18.7149513,48.9826083,Rianala River,2026-05-14 12:11,52,16
L7829139,MG,MG-U,,-18.7770964,45.2838268,Rio Mananbolo (Ankavandra),2018-08-08 06:00,26,2
L2439115,MG,MG-U,,-23.4963104,43.7614632,Road to St. Augustine,2026-09-19 06:40,90,108
L6610875,MG,MG-U,,-23.1764486,43.6217791,Roadside Pools opposite Le Paradisier Hotel,2026-09-05 11:52,70,155
L8431965,MG,MG-T,,-18.9237233,47.5320911,Rova of Antananarivo,2026-09-22 17:55,42,12
L7728223,MG,MG-A,,-18.932087,47.950013,Réserve Peyrieras Madagascar Exotic,2026-09-13 10:30,60,30
L37565479,MG,MG-A,,-18.9208207,48.5172129,Réserve de Vohimana,2026-06-20 21:40,44,4
L7926948,MG,MG-M,,-14.438004,47.8656395,Sahamalaza National Park,2021-12-14 13:26,18,2
L9250047,MG,MG-A,,-19.9906279,48.7871333,Salehy
L9659297,MG,MG-U,,-22.922775,44.334809,Sandgrouse spot (ask at market for local guides),2026-09-13 07:09,40,145
L5547479,MG,MG-F,,-21.2504021,47.42697,Setam Lodge,2026-09-19 14:43,72,70
L10156341,MG,MG-A,,-15.1990165,49.6209937,Silky Sifaka Community EcoLodge (Simpona),2024-11-08 05:15,63,16
L10941375,MG,MG-T,,-18.838157,47.494868,Soamahatony,2025-07-22 08:28,23,4
L920195,MG,MG-U,,-23.5436878,43.7631798,St. Augustin--Onilahy River mouth,2026-08-26 09:28,123,120
L10216015,MG,MG-T,,-18.8917054,47.5265121,Tamboho Hotel,2026-07-25 17:15,51,50
L10942514,MG,MG-A,,-17.275556,49.4210788,Tampolo,2023-12-14 09:00,3,1
L10182998,MG,MG-U,,-22.224117,43.260369,Tampolove,2019-11-22 06:09,33,1
L7616388,MG,MG-D,,-15.2655686,50.4797959,Tanjona Angontsy (Cap Est),2006-11-09 14:00,10,2
L27185360,MG,MG-M,,-19.01965,44.435566,The Peregrine Fund’s Ankivahivahi Camp,2023-09-19 20:06,47,5
L10941326,MG,MG-A,,-18.1456156,49.3953835,Toamasina,2025-12-26 11:10,102,11
L920141,MG,MG-U,,-23.354352,43.6531448,Toliara,2026-03-28 08:30,142,99
L2595933,MG,MG-U,,-23.3727896,43.668766,Toliara--harbor,2025-11-20 09:33,75,107
L8036373,MG,MG-A,,-18.918886,48.3756508,Torotorofotsy Marsh,2026-05-01 07:43,87,66
L1894177,MG,MG-U,,-24.0854697,43.7886544,Tsimanampetsotsa NP,2025-11-11 07:10,99,59
L959013,MG,MG-T,,-18.9297924,47.5265087,Tsimbazaza Zoo and Botanical Gardens,2026-09-18 14:17,83,136
L1224706,MG,MG-M,,-18.9179789,44.7720337,Tsingy de Bemaraha NP,2026-08-10 06:06,115,81
L10172941,MG,MG-T,,-19.6826909,47.7579093,Tsinjoarivo--Amabalaomby Protected Area Center,2026-08-19 06:30,51,4
L10952286,MG,MG-U,,-19.7164351,44.5580545,Tsiribihina River (Mania River),2026-08-06 10:23,87,33
L1829425,MG,MG-U,,-24.8113863,47.0218449,Tsitongambarika Forest,2019-09-11 00:00,86,7
L4943092,MG,MG-A,,-18.9270115,48.4180248,V.O.I. M.M.A (Community Reserve),2026-09-26 15:09,117,668
L4968077,MG,MG-A,,-18.8896901,48.4352011,Vakona Forest Lodge,2026-09-27 06:54,106,198
L10981839,MG,MG-A,,-18.8944289,48.4363135,Vakona Lodge--Crocodile Valley,2025-11-05 14:33,63,7
L4968088,MG,MG-A,,-18.8862478,48.4293523,Vakona marsh,2026-09-25 06:36,86,86
L10288936,MG,MG-M,,-16.4283527,47.1388753,Wetland near Antanambazaha,2026-09-19 16:04,54,30
L920160,MG,MG-U,,-22.8856644,44.6918678,Zombitse-Vohibasia NP,2026-09-26 06:12,130,910
