L5280997,MR,MR-NKC,,18.3095664,-15.9608374,Aéroport de Nouakchott,2026-08-29 18:51,27,8
L29857736,MR,MR-08,,20.772862,-17.0444378,Cap Blanc (Mauritanian side),2026-05-03 13:25,59,28
L4089489,MR,MR-06,,16.2209001,-16.4146071,Diama,2026-03-24 09:50,119,8
L3284736,MR,MR-06,,16.3833911,-16.3469696,Diawling National Park,2026-03-22 15:27,213,29
L13036898,MR,MR-06,,16.2279699,-16.3807079,"Diawling National Park, Mauritania",2009-11-28 00:00,45,0
L9007130,MR,MR-08,,19.877665,-16.303011,Iwik,2026-02-08 09:28,58,15
L28778347,MR,MR-08,,19.8807485,-16.3058996,Iwik village,2026-02-07 16:59,40,3
L29730095,MR,MR-08,,20.9281214,-17.0509194,Jardins Maraîchers Nouadhibou,2026-03-16 11:23,53,36
L3325157,MR,MR-05,,17.0712258,-13.9574432,Lac Aleg,2022-01-16 13:31,124,7
L3325148,MR,MR-03,,17.1053551,-12.1062469,Massif de Bellar,2007-03-12 00:00,30,1
L5544152,MR,MR-NKC,,18.1116892,-15.9665546,North Nouakchott Lake,2024-12-31 23:31,41,6
L40701117,MR,MR-08,,20.9141344,-17.0214774,Nouadhibou--Lagoons (south of the airport),2026-05-03 16:52,37,6
L41089297,MR,MR-07,,19.8475206,-13.0063634,Oasis Trelissar,2019-12-22 17:00,10,1
L41089483,MR,MR-07,,19.8611619,-13.0226607,Oasis maaden,2019-12-23 15:00,6,1
L41088902,MR,MR-07,,19.8675963,-12.9451072,Oued Timinit,2019-12-22 08:00,10,1
L3284656,MR,MR-08,,19.9359143,-16.259079,Parc National di Banc d'Arguin,2026-02-08 11:32,97,19
L5647281,MR,MR-NKC,,18.1013132,-16.0275185,Port de pèche de Nouakchott,2026-05-02 16:37,40,6
L5556744,MR,MR-NKC,,18.0869643,-15.9969172,Reserve Naturel de Sel Iode (Sebkha),2026-03-18 16:24,60,13
L56185869,MR,MR-07,,20.2527054,-13.0897319,Terjit Oasis,2026-05-11 17:50,22,4
