L76588545,PR,PR-SJ,,18.3893615,-66.0591881,ANP Antiguo Acueducto del río Piedras,2026-09-23 12:23,12,3
L44974208,PR,PR-VB,,18.411337,-66.4099101,ANP Cerro El Faro,2025-04-29 10:39,34,4
L39890572,PR,PR-OR,,18.249863,-66.503295,ANP Charco el Morón,2025-04-25 09:38,19,2
L9601623,PR,PR-CR,,17.987289,-67.1259203,ANP El Conuco (Sierra Bermeja),2026-03-05 18:36,63,72
L16639567,PR,PR-RG,,18.2978863,-65.8373821,ANP El Verde,2022-05-19 10:30,16,5
L28946130,PR,PR-FL,,18.351214,-66.5605448,ANP Finca Escalera,2026-04-28 10:32,68,72
L27971875,PR,PR-FL,,18.3587431,-66.5784604,ANP Finca Florida,2026-06-21 10:00,45,26
L74028204,PR,PR-VB,,18.4202157,-66.3780486,ANP Río Indio,2026-05-29 08:18,21,2
L4825197,PR,PR-MT,,18.3516743,-66.5336752,ANPRE,2026-09-23 12:51,47,14
L68101590,PR,PR-AJ,,18.162617,-66.723137,Adjuntas Pueblo/Casco Urbano,2026-09-18 18:05,12,2
L30905368,PR,PR-CN,,18.4378432,-66.0041857,Aeropuerto Internacional Luis Muñoz Marín (SJU),2026-09-09 17:40,53,96
L5127141,PR,PR-AL,,18.5051091,-67.1414094,Aguadilla--Surfers Beach,2026-09-08 17:44,71,90
L21108985,PR,PR-SJ,,18.3819847,-66.0216116,Algarrobo MTB Trail,2026-02-23 16:36,30,6
L16982517,PR,PR-DO,,18.4693078,-66.2450745,Antiguas Camaroneras,2026-01-05 11:54,83,29
L16851800,PR,PR-LZ,,18.4341307,-65.8813888,Antiguo Ancón de Loíza,2026-07-11 15:30,69,32
L343150,PR,PR-SJ,,18.3698415,-66.0523477,Arboretum de Cupey,2026-06-02 19:56,22,11
L3988771,PR,PR-CO,,18.0377124,-66.3760887,Area Natural Protegida Finca Gabia,2020-11-17 14:22,29,4
L5047454,PR,PR-AJ,,18.2046556,-66.7007554,Area Natural Protegida Hacienda Pellejas PRCT,2026-01-23 09:20,55,21
L55829136,PR,PR-SB,,18.0828541,-66.9582635,Area Recreativa Orlando López Martinez,2026-05-18 13:43,17,5
L60144924,PR,PR-AC,,18.471959,-66.715923,Arecibo Pueblo/Casco Urbano,2026-07-15 10:08,9,3
L17717101,PR,PR-LJ,,18.0265924,-67.0370514,Arroceras Valle de Lajas  - Rice Tech,2026-09-10 19:52,109,594
L5201626,PR,PR-VQ,,18.1098466,-65.4079963,Bahía Tapón-Vieques NWR east,2026-07-27 09:54,62,35
L293189,PR,PR-GC,,17.9652139,-66.9069222,Bahía de Guánica,2026-06-22 17:03,92,71
L47285480,PR,PR-SA,,17.9366648,-66.256832,Bahía de Jobos NERR - Vereda Camino del Indio,2026-07-03 16:38,49,9
L3983493,PR,PR-AL,,18.5121578,-67.1141213,Bajura,2026-09-03 06:41,89,49
L14037077,PR,PR-CR,,18.0140155,-67.1726704,Balneario de Boquerón,2026-08-05 12:35,84,55
L23645417,PR,PR-LQ,,18.3827913,-65.7298279,Balneario de Luquillo (La Monserrate),2026-09-19 13:10,28,7
L61924110,PR,PR-HU,,18.1519,-65.764807,Balneario de Punta Santiago,2026-09-13 11:50,20,4
L485880,PR,PR-CO,,18.0358716,-66.3727856,Banos de Coamo,2026-08-29 10:17,62,68
L41362991,PR,PR-BQ,,18.180674,-66.252551,Barranquitas Horse Trail,2025-03-14 06:39,16,0
L73733373,PR,PR-BQ,,18.186365,-66.306418,Barranquitas Pueblo/Casco Urbano,2026-07-17 11:16,7,1
L9780233,PR,PR-CR,,18.0839352,-67.197994,"Belvedere, Puerto Real",2015-12-10 06:40,21,1
L56643955,PR,PR-NG,,18.2158027,-65.6788296,Bennington Road Loop,2025-12-30 11:15,22,1
L7920403,PR,PR-VB,,18.4858335,-66.3847054,Boca del Cibuco,2026-09-07 10:27,94,210
L865422,PR,PR-CR,,18.0310054,-67.1722502,Boquerón-Cabo Rojo,2026-08-03 09:39,85,42
L8969366,PR,PR-CY,,18.128812,-66.0740515,"Bosque Carite, Cayey PR",2026-07-09 18:29,12,2
L4979754,PR,PR-MG,,18.1742697,-67.1324864,Bosque Comunitario de Río Hondo  - Mayaguez,2026-09-05 09:04,31,19
L61639127,PR,PR-SJ,,18.4507486,-66.0382283,Bosque Costero Punta Las Marías,2026-06-17 07:48,20,7
L7732287,PR,PR-AJ,,18.138071,-66.7117638,Bosque Escuela La Olimpia,2026-04-24 13:29,16,9
L9634940,PR,PR-CZ,,18.28818,-66.29014,Bosque Estatal Montechoca,2026-09-24 10:33,31,5
L353004,PR,PR-GM,,17.9411723,-66.1724782,Bosque Estatal de Aguirre,2026-09-18 10:45,134,344
L5441994,PR,PR-CR,,18.028057,-67.1756056,Bosque Estatal de Boquerón - Paseo Tablado (Poblado),2026-09-26 07:26,96,165
L5270898,PR,PR-AC,,18.4525966,-66.5972085,Bosque Estatal de Cambalache,2026-08-29 09:36,136,2502
L323785,PR,PR-PT,,18.10365,-66.0535,Bosque Estatal de Carite,2026-05-09 18:30,88,139
L4230137,PR,PR-CY,,18.1154443,-66.0704698,Bosque Estatal de Carite Los Baldios,2020-01-20 12:30,36,9
L323782,PR,PR-IS,,18.4167,-66.97464,Bosque Estatal de Guajataca,2026-09-17 08:14,100,385
L4008120,PR,PR-AJ,,18.1461576,-66.7676785,Bosque Estatal de Guilarte,2026-05-20 16:12,50,58
L77768962,PR,PR-AJ,,18.14533,-66.7678567,Bosque Estatal de Guilarte - Vereda Cerro Monte Guilarte,2026-09-26 14:13,26,3
L77768957,PR,PR-AJ,,18.144875,-66.767475,Bosque Estatal de Guilarte - Vereda San Andrés,2026-09-26 11:15,23,6
L323786,PR,PR-GC,,17.97142,-66.8686,Bosque Estatal de Guánica,2026-09-22 16:54,165,2654
L293186,PR,PR-GC,,17.9652348,-66.8976474,Bosque Estatal de Guánica - 333,2026-04-12 09:22,101,83
L293187,PR,PR-GC,,17.9806778,-66.8797722,Bosque Estatal de Guánica - 334,2026-07-06 20:16,98,539
L1122895,PR,PR-GC,,17.97546,-66.86714,Bosque Estatal de Guánica - Granados Trail,2026-06-06 16:36,102,138
L3688338,PR,PR-GC,,17.949685,-66.8981123,Bosque Estatal de Guánica - PR-333,2026-07-11 15:45,89,60
L682832,PR,PR-GL,,17.9535659,-66.8482232,Bosque Estatal de Guánica - Playa Tamarindo,2026-09-22 16:54,123,351
L5540500,PR,PR-GC,,17.9610164,-66.9028759,Bosque Estatal de Guánica - Ruta a Fuerte Caprón,2026-07-06 16:57,78,79
L4451074,PR,PR-YU,,17.9602509,-66.847499,Bosque Estatal de Guánica - Sendero Cueva,2026-03-26 14:09,64,29
L323784,PR,PR-SG,,18.15055,-66.99353,Bosque Estatal de Maricao,2026-08-09 09:00,110,4320
L27530269,PR,PR-SG,,18.140177,-66.973715,Bosque Estatal de Maricao - Centro Vacacional Monte del Estado,2026-08-09 09:00,59,356
L27530301,PR,PR-SG,,18.144324,-66.979904,Bosque Estatal de Maricao - La Torre de Piedra,2026-07-07 12:30,48,167
L682737,PR,PR-MR,,18.1575963,-66.9983733,Bosque Estatal de Maricao - Trail at km 16.8,2026-07-24 07:28,85,1393
L323796,PR,PR-LZ,,18.4425358,-65.9571548,Bosque Estatal de Piñones,2026-09-12 07:27,144,1515
L5708233,PR,PR-AC,,18.33036,-66.70679,Bosque Estatal de Río Abajo,2026-09-18 08:17,116,2669
L323791,PR,PR-SJ,,18.40843,-66.09239,Bosque Estatal de San Patricio,2026-09-18 13:50,67,213
L323788,PR,PR-YU,,18.0714786,-66.9070888,Bosque Estatal de Susúa,2026-09-20 09:55,84,339
L4978191,PR,PR-OR,,18.175719,-66.491278,Bosque Estatal de Toro Negro,2026-05-22 12:03,101,368
L323821,PR,PR-CL,,18.21389,-66.5363,Bosque Estatal de Tres Picachos,2023-04-19 08:16,46,9
L13161651,PR,PR-SJ,,18.3824655,-66.0389042,Bosque Estatal del Nuevo Milenio,2021-01-03 07:38,18,1
L5040164,PR,PR-CY,,18.1227045,-66.0799742,Bosque Insular Carite-Área de los Gacebos,2026-06-06 09:24,67,283
L813486,PR,PR-RG,,18.3310623,-65.7638168,Bosque Nacional El Yunque,2026-09-25 10:50,152,5415
L17532640,PR,PR-LQ,,18.3229718,-65.7471345,Bosque Nacional El Yunque - Angelito Trail,2026-09-18 13:35,69,284
L818138,PR,PR-RG,,18.3007508,-65.7858753,Bosque Nacional El Yunque - Baño de Oro Trail,2026-09-17 11:18,84,376
L817311,PR,PR-RG,,18.3096329,-65.7754469,Bosque Nacional El Yunque - Big Tree Trail,2026-07-25 12:00,55,99
L323802,PR,PR-RG,,18.3392677,-65.7613605,Bosque Nacional El Yunque - El Portal de El Yunque Rainforest Center,2026-09-24 10:21,112,1521
L4457172,PR,PR-CV,,18.2800411,-65.8539498,Bosque Nacional El Yunque - El Toro Trail,2026-09-07 13:44,75,117
L817319,PR,PR-RG,,18.315622,-65.7708549,Bosque Nacional El Yunque - La Coca Trail,2026-04-21 16:11,67,123
L1552147,PR,PR-RG,,18.3196923,-65.7692897,Bosque Nacional El Yunque - Mirador,2026-07-13 10:41,69,145
L323803,PR,PR-RG,,18.30099,-65.79312,Bosque Nacional El Yunque - Mt. Britton,2026-09-25 10:50,89,614
L4450988,PR,PR-RG,,18.3036539,-65.7828055,Bosque Nacional El Yunque - Palma de Sierra Picnic Area,2026-09-21 08:53,59,247
L323804,PR,PR-RG,,18.31037,-65.79146,Bosque Nacional El Yunque - Pico El Yunque,2026-07-29 09:45,82,118
L17359722,PR,PR-RG,,18.311819,-65.7769925,Bosque Nacional El Yunque - Quebrada Juan Diego,2026-09-13 10:01,36,73
L4451634,PR,PR-NG,,18.2653604,-65.801062,Bosque Nacional El Yunque - Río Cubuy,2026-06-30 09:18,88,276
L28313576,PR,PR-NG,,18.2754485,-65.7964886,Bosque Nacional El Yunque - Río Sabana Trail,2023-12-16 07:31,21,1
L689406,PR,PR-NG,,18.2926017,-65.7941365,Bosque Nacional El Yunque - Tradewinds Trail,2026-08-10 09:37,93,93
L817321,PR,PR-RG,,18.3127294,-65.7708549,Bosque Nacional El Yunque - Yokahu Tower,2026-09-17 10:26,73,414
L3514450,PR,PR-PO,,18.1667814,-66.597501,Bosque Toro Negro oeste Cerro Punta
L4001042,PR,PR-AJ,,18.1338577,-66.7389883,Bosque al Puente de Hamaca (Lago Garzas),2026-01-25 16:07,37,6
L16827818,PR,PR-CY,,18.0798908,-66.1830775,Bosque de Pinos,2026-05-29 08:05,61,93
L18495673,PR,PR-HU,,18.0941134,-65.8014321,Bosque de Pterocarpus Palmas del Mar,2026-09-24 17:25,97,232
L323812,PR,PR-DO,,18.46883,-66.28252,Bosque de Pterocarpus de Dorado,2026-04-24 13:59,105,204
L4452755,PR,PR-RC,,18.3638529,-67.2666156,Bosque de Punta Higueras (antigua planta nuclear),2026-05-27 10:07,105,166
L16920835,PR,PR-TB,,18.4660953,-66.1882925,Bosque de Punta Salinas,2026-09-23 11:43,114,342
L293474,PR,PR-CR,,17.93575,-67.19452,Bosque del Manglar y Faro los Morrillos,2026-08-04 08:17,149,546
L5546545,PR,PR-AJ,,18.1785653,-66.6696954,Bosque del Pueblo,2026-01-29 08:41,41,8
L5872141,PR,PR-SB,,18.0700864,-66.9111207,"Bosques Estatal Susua - Sabana Grande, PR",2026-06-20 07:01,68,94
L293471,PR,PR-CR,,17.95205,-67.1958833,Cabo Rojo - Salt Flats,2026-08-04 09:57,164,1089
L358880,PR,PR-CR,,17.97961,-67.16844,Cabo Rojo NWR,2026-09-19 16:29,208,4157
L682443,PR,PR-CR,,17.9742837,-67.211051,Cabo Rojo NWR--Combate,2026-07-17 07:35,144,508
L69220165,PR,PR-CG,,18.234481,-66.034858,Caguas Pueblo/Casco Urbano,2026-09-18 15:58,14,19
L11314424,PR,PR-CG,,18.199401,-66.048676,Caguas Real Golf,2026-05-09 17:11,66,118
L548083,PR,PR-PO,,17.9856723,-66.6791153,Caliza Penuelas/Ponce,2025-10-11 05:42,58,15
L68793125,PR,PR-CU,,18.3260336,-65.3243724,Camino Carlos Rosario,2026-07-12 08:10,12,5
L30928331,PR,PR-CR,,17.9772812,-67.1923877,"Camino Hernandez, Combate",2026-05-16 08:25,102,579
L65685843,PR,PR-HU,,18.1466743,-65.7923409,Camino a la Planta de Tratamiento,2026-05-20 07:16,31,5
L17401639,PR,PR-GM,,17.9757819,-66.1835888,Camino canal de riego,2026-05-26 17:01,56,27
L8408047,PR,PR-MT,,18.4737079,-66.511682,Camino del Humedal-HLE,2026-09-06 07:00,100,59
L906163,PR,PR-CM,,18.22,-66.2695556,Canon Las Bocas,2026-05-09 22:39,26,4
L5599295,PR,PR-NG,,18.26085,-65.796802,Casa Cubuy Ecolodge,2026-09-23 06:57,34,19
L682828,PR,PR-UT,,18.284279,-66.6414464,Casa Grande Mountain Resort,2026-07-06 20:45,69,124
L25036418,PR,PR-FJ,,18.369785,-65.6481158,Casa del Gobernador y Laguna Aguas Prietas,2026-09-01 08:31,77,4
L39397490,PR,PR-SS,,18.3604519,-66.983664,Cascada Gozalandia (Waterfalls),2026-07-25 18:00,36,24
L5605270,PR,PR-SB,,18.076564,-66.960255,Casco Urbando de Sabana Grande,2024-02-10 07:00,12,0
L41908923,PR,PR-AD,,18.3813929,-67.1845821,Casco Urbano de Aguada,2026-07-24 05:43,22,5
L39345012,PR,PR-AL,,18.4295857,-67.1541097,Casco Urbano de Aguadilla,2026-08-20 11:13,14,2
L5598719,PR,PR-FJ,,18.325081,-65.652994,Casco Urbano de Fajardo,2017-03-21 08:04,7,0
L20076924,PR,PR-CU,,18.3022854,-65.3005219,Casco Urbano/Pueblo Culebra,2026-08-07 08:54,44,35
L25925991,PR,PR-MC,,18.4530666,-67.0601911,Castillo Labadie (Palacete los Moreau),2026-07-13 18:49,67,112
L682519,PR,PR-GC,,17.9425222,-66.8719661,Cayo Aurora (Gilligan's Island),2026-02-17 15:18,59,41
L19505991,PR,PR-CU,,18.3016085,-65.3332004,Cayo Luis Peña,2022-06-06 15:00,3,0
L18248541,PR,PR-LJ,,17.9601082,-67.0382883,Cayo Mata la Gata,2026-07-02 19:30,47,29
L3575339,PR,PR-VQ,,18.0887082,-65.4667568,Cayo de Tierra,2026-06-23 07:26,86,98
L32071511,PR,PR-GM,,17.9268871,-66.2135937,Cayos Caribe,2026-07-16 07:45,17,28
L24319333,PR,PR-MG,,18.1754188,-67.1694367,Caño Corazones,2026-03-01 10:51,58,11
L21494948,PR,PR-MT,,18.4724535,-66.529354,Caño María Hernández a la Boca,2026-09-27 06:38,103,72
L2376795,PR,PR-BC,,18.4730965,-66.5633941,Caño Tiburones-Finca Este,2026-04-19 16:20,83,25
L41360138,PR,PR-UT,,18.226719,-66.640693,Cañón Blanco,2026-08-03 10:22,55,8
L5543589,PR,PR-CB,,18.2735312,-65.6779003,Ceiba Country Inn,2025-03-20 15:07,19,5
L38388547,PR,PR-CB,,18.1886181,-65.5594693,Ceiba to Vieques Island Ferry,2026-08-15 10:04,4,4
L13402611,PR,PR-BY,,18.4119344,-66.1728125,Cementerio Nacional de Puerto Rico,2026-08-30 09:27,36,15
L17629139,PR,PR-SA,,17.9567618,-66.2232553,Central Aguirre,2026-09-22 06:08,114,826
L66090144,PR,PR-AD,,18.385013,-67.159722,Central Coloso,2026-07-15 06:41,22,1
L60017926,PR,PR-SI,,17.9954759,-66.4328724,Central Cortada,2026-08-02 14:50,17,2
L17016227,PR,PR-PO,,18.041275,-66.6205667,Centro Ceremonial Indígena Tibes,2026-06-25 11:46,60,68
L26180284,PR,PR-UT,,18.2948473,-66.7804056,Centro Ceremonial Indígena de Caguana,2026-06-09 13:55,46,30
L16445914,PR,PR-HU,,18.1424625,-65.8012675,Centro Comunal Villa Humacao,2026-04-03 10:26,28,8
L3975067,PR,PR-SJ,,18.4319195,-66.0344987,Centro Comunitario Península de Cantera,2026-07-01 11:19,78,60
L19864714,PR,PR-SJ,,18.4532242,-66.0911266,Centro de Convenciones de Puerto Rico,2026-07-23 12:59,72,116
L10114108,PR,PR-AC,,18.3222049,-66.6822595,Centro de Visitantes Río Abajo,2026-05-13 05:36,64,106
L682870,PR,PR-PO,,18.1676071,-66.5770304,Cerro Jayuya,2026-02-09 08:30,69,113
L40993290,PR,PR-SA,,18.0929222,-66.2297652,Cerro Las Tetas,2025-03-08 10:00,34,1
L738062,PR,PR-JY,,18.1533757,-66.5541136,Cerro Maravilla,2026-04-26 08:58,67,23
L4310199,PR,PR-UT,,18.2488527,-66.6234913,Cerro Morales,2024-07-20 10:59,46,6
L723593,PR,PR-AC,,18.4774925,-66.6294622,Cerro Nacho,2023-11-10 10:04,112,46
L2038962,PR,PR-VQ,,18.1118207,-65.4158385,Cerro Playuela--Vieques NWR east,2026-08-30 18:08,76,53
L56719645,PR,PR-JY,,18.169495,-66.5876833,Cerro Punta,2026-03-11 06:16,17,4
L1386674,PR,PR-AC,,18.4800179,-66.5961812,Cerro Víbora,2026-04-28 06:31,55,25
L41785097,PR,PR-AC,,18.4088602,-66.6912274,Charca Arizona,2026-07-06 11:02,47,11
L9888316,PR,PR-SA,,17.9726271,-66.240959,Charca Las Trinitarias,2026-06-14 09:26,44,30
L341215,PR,PR-CA,,18.4891345,-66.8677464,Charca Salobre Los Amadores,2026-09-22 08:30,139,1568
L6643170,PR,PR-AC,,18.488104,-66.634464,Charca Valdés,2026-02-09 08:59,97,227
L6991902,PR,PR-CA,,18.4822567,-66.8879092,Charca Yeguada,2026-09-22 09:30,136,1179
L723598,PR,PR-AC,,18.4857143,-66.624527,Charca de la Tembladera,2025-03-18 18:20,89,20
L4190364,PR,PR-GC,,17.9419506,-66.9522071,Charcas Playa Santa,2026-06-18 17:07,89,45
L738824,PR,PR-PO,,18.0631283,-66.5640163,Charcas Ponce,2026-05-09 10:35,86,55
L8457973,PR,PR-PT,,18.0911541,-66.0345974,Charco Azul,2026-09-22 10:53,70,173
L61938758,PR,PR-NG,,18.246963,-65.786619,Charco El Hippie,2026-04-05 12:23,5,1
L17618844,PR,PR-CB,,18.2699654,-65.7192707,Charco Frío,2026-05-26 09:00,62,44
L70667936,PR,PR-BY,,18.2852735,-66.1864428,Charco Prieto,2026-06-25 12:02,22,2
L62217085,PR,PR-CL,,18.336554,-66.468376,Ciales Pueblo/Casco Urbano,2026-04-08 10:11,7,1
L831581,PR,PR-CL,,18.3131368,-66.4863396,Cialitos,2023-11-19 18:42,42,8
L3904429,PR,PR-CL,,18.24324,-66.53105,Cialitos Cruce,2022-06-30 16:38,27,3
L1657553,PR,PR-VA,,18.457605,-66.3425381,Ciénaga Prieta,2026-03-15 16:02,60,7
L15609701,PR,PR-CN,,18.4558372,-65.9916759,Club Náutico de Cangrejos,2021-06-13 15:00,4,1
L60728962,PR,PR-CO,,18.081033,-66.356269,Coamo Pueblo/Casco Urbano,2026-03-21 17:26,11,1
L9778776,PR,PR-RG,,18.412177,-65.802176,Coco Beach,2026-08-26 15:39,82,27
L53960859,PR,PR-HA,,18.4827135,-66.8155801,Coliseo Hatillo,2026-08-20 08:35,29,5
L55112071,PR,PR-GC,,17.952519,-66.87879,Copamarina Beach Resort,2026-08-08 06:18,56,36
L3906794,PR,PR-CR,,17.9624861,-67.1622133,Corozo,2026-05-09 15:19,106,43
L64579459,PR,PR-LQ,,18.3565891,-65.6981044,Corredor Ecológico del Noreste,2026-09-25 09:08,144,816
L5499535,PR,PR-LQ,,18.3690255,-65.7059669,Corredor Ecológico del Noreste - Bosque y Playa San Miguel,2026-08-18 10:44,32,3
L4408529,PR,PR-LQ,,18.3615313,-65.6970835,Corredor Ecológico del Noreste - Camino,2026-09-19 07:20,128,451
L3976962,PR,PR-FJ,,18.3749868,-65.641315,Corredor Ecológico del Noreste - Seven Seas Beach Trail,2026-08-18 11:45,118,346
L8102462,PR,PR-IS,,18.5048995,-67.0094065,Costa de Pozo Brujo,2026-09-25 08:00,91,86
L37671923,PR,PR-AC,,18.3731776,-66.6923979,Cueva Ventana,2026-08-08 10:03,63,38
L1822696,PR,PR-CL,,18.3101063,-66.5502752,Cueva Yuyú,2025-10-19 07:40,40,12
L342801,PR,PR-CU,,18.3174443,-65.2946316,Culebra (When possible use a more specific location),2026-06-24 12:43,120,249
L35207606,PR,PR-CU,,18.3255219,-65.2913189,Culebra National Wildlife Refuge,2026-06-18 18:24,18,6
L18461233,PR,PR-CU,,18.3157442,-65.2293491,Culebrita,2026-08-23 14:32,39,14
L21141976,PR,PR-MT,,18.4606623,-66.5004499,De las 50 a karso Sur,2026-03-23 08:30,98,57
L21824288,PR,PR-AC,,18.4717994,-66.7115821,Desembocadura Del Río Grande De Arecibo,2026-09-07 17:34,69,105
L7619251,PR,PR-HA,,18.4873627,-66.8362525,Desembocadura Río Camuy,2026-09-09 16:30,113,562
L1372570,PR,PR-LZ,,18.4390283,-65.8770797,Desembocadura Río Grande de Loíza,2026-08-15 10:46,90,78
L682838,PR,PR-BC,,18.4809115,-66.534276,Desembocadura Río Grande de Manatí (La Boca),2026-09-22 07:58,144,947
L3857465,PR,PR-AD,,18.4059065,-67.1766302,Desembocadura del Río Culebrinas,2026-09-05 08:15,84,159
L16791698,PR,PR-DO,,18.4743177,-66.2543821,Desembocadura del Río la Plata,2026-09-08 14:30,75,35
L7891803,PR,PR-BC,,18.4560484,-66.5376499,El Ancón,2026-08-28 08:52,80,107
L1102108,PR,PR-CR,,17.9907837,-67.1273618,El Cayul-Bermeja,2026-03-29 11:32,48,28
L33547853,PR,PR-SJ,,18.4573376,-66.0721847,El Condado y Playa,2026-09-22 20:49,45,52
L59641269,PR,PR-HA,,18.4864469,-66.8336105,El Gran Parque del Norte,2026-09-18 12:59,42,6
L17259393,PR,PR-VB,,18.4694945,-66.4214767,El Manantial de Tortuguero,2026-05-05 17:12,45,12
L9653969,PR,PR-UT,,18.2709782,-66.6537153,Embalse Caonillas,2025-06-30 13:42,71,19
L4232171,PR,PR-YU,,18.0960613,-66.8587536,Embalse Luchetti,2026-09-22 13:34,82,56
L3874675,PR,PR-CD,,18.181687,-66.1499892,Embalse de Cidra,2026-06-19 08:45,88,281
L293478,PR,PR-RG,,18.4076167,-65.7830167,Ensenada Comezón - Punta Picua,2026-07-28 09:45,76,33
L2302146,PR,PR-VQ,,18.097234,-65.461483,"Ensenada Sombe, Vieques",2026-07-24 18:22,100,167
L5195221,PR,PR-CM,,18.221904,-66.2019998,Escuela Superior Sabana (Plain Pigeon spot),2026-06-11 13:15,67,293
L590720,PR,PR-VQ,,18.094246,-65.4713273,Esperenza--Beach,2026-07-12 07:32,81,101
L7303892,PR,PR-RG,,18.32104,-65.8198,Estación experimental verde,2019-09-21 20:45,22,2
L2927526,PR,PR-FJ,,18.3279629,-65.6274587,Estuario del Río Fajardo,2026-04-11 18:41,42,10
L341209,PR,PR-IS,,18.4882287,-66.9572062,Estuario del Río Guajataca,2026-09-15 06:59,102,234
L17934875,PR,PR-FJ,,18.3348508,-65.6360686,Fajardo Inn,2026-06-06 12:21,69,89
L7306798,PR,PR-CR,,17.9335398,-67.1921682,Faro Los Morrillos,2026-04-09 17:32,144,382
L323799,PR,PR-RC,,18.362,-67.2708,Faro de Rincón,2026-08-15 08:08,147,669
L4284114,PR,PR-PO,,18.134823,-66.588286,Finca Buena Vibra,2017-03-28 09:00,20,4
L43095636,PR,PR-AC,,18.4181449,-66.6944629,Finca González,2026-09-24 09:55,59,20
L5392514,PR,PR-AC,,18.3309005,-66.6463438,Finca Opiolla,2020-12-26 16:11,51,7
L20668592,PR,PR-MT,,18.4303993,-66.507859,Finca Seafty Klean,2026-06-18 15:24,62,140
L16823338,PR,PR-TA,,18.3793563,-66.2293589,Finca/Escuela Agroecológica El Josco Bravo,2024-03-31 06:38,64,41
L10048914,PR,PR-BC,,18.4700067,-66.5494061,Fincas de Heno CT Este (HEX 393)(E),2026-07-27 10:17,77,63
L389402,PR,PR-GB,,18.3766824,-66.1040497,Fort Buchanan,2026-05-26 09:57,54,15
L724803,PR,PR-AC,,18.4554301,-66.636157,Fragmento de Bosque de Factor,2025-09-28 14:19,40,5
L8364682,PR,PR-SJ,,18.38713,-66.028664,Fundación Luis Muñoz Marín,2026-08-07 10:24,54,340
L65407984,PR,PR-GB,,18.320312,-66.106978,Gavillan Viewpoint,2026-07-02 11:40,22,2
L4921782,PR,PR-TB,,18.4497207,-66.2414056,Gramas Lindas,2026-09-27 15:56,124,581
L10351910,PR,PR-PT,,17.9867377,-65.9357311,Guardarraya,2025-07-24 08:27,41,6
L4957934,PR,PR-CR,,18.0918216,-67.1901035,Hacienda Belvedere,2026-07-05 10:08,57,15
L323779,PR,PR-PO,,18.08404,-66.65493,Hacienda Buena Vista,2026-09-23 14:30,78,1067
L10958667,PR,PR-MR,,18.1785496,-66.9935606,Hacienda Juanita,2026-06-15 09:59,73,482
L323780,PR,PR-MT,,18.4677,-66.52408,Hacienda La Esperanza,2026-09-27 08:49,192,3756
L12173823,PR,PR-CD,,18.195455,-66.145307,Hacienda Sabanera,2025-12-22 12:46,43,35
L56223707,PR,PR-CD,,18.1929151,-66.1428938,Hacienda Sabanera
L10131102,PR,PR-AL,,18.4893265,-67.1563983,Hoyo 8 MTB,2026-09-07 06:45,113,277
L1486943,PR,PR-HA,,18.4908647,-66.7911322,Humedal Carrizales,2026-09-26 18:19,92,202
L32461124,PR,PR-GM,,17.9400882,-66.1682892,Humedal Quebrada Melania,2026-09-12 14:58,42,9
L360553,PR,PR-SI,,17.9584423,-66.3633597,"Humedal, Jauca, Bosque de Aguirre",2025-09-05 12:35,93,19
L17305480,PR,PR-SG,,18.0902498,-67.0533241,"Inter-American University Campus, San German",2025-05-09 19:09,22,5
L8898279,PR,PR-VQ,,18.1492208,-65.4413179,Isabel Segunda,2026-04-13 13:56,54,71
L2311150,PR,PR-VQ,,18.1523358,-65.4427028,Isabel Segunda Ferry Terminal,2026-08-15 09:18,52,97
L5868839,PR,PR-BC,,18.4888751,-66.5611091,Isla Roque,2026-09-19 10:08,84,302
L5154151,PR,PR-CT,,18.4550588,-66.1348064,Islote Parque La Esperanza,2025-05-18 15:39,65,87
L527077,PR,PR-SA,,17.9502386,-66.2505627,Jagueyes-Jobos Bay,2026-04-29 06:53,142,293
L10314842,PR,PR-SJ,,18.394368,-66.0605071,Jardín Botánico de la UPR (Norte),2019-12-19 11:03,11,1
L323790,PR,PR-SJ,,18.3891006,-66.055892,Jardín Botánico de la UPR (Sur),2026-09-25 16:16,121,2003
L13422386,PR,PR-CG,,18.24219,-66.061612,Jardín Botánico y Cultural de Caguas,2026-08-28 10:02,69,273
L823338,PR,PR-JD,,18.007672,-66.4627361,Juana Diaz farmland,2026-06-06 08:31,82,25
L60315735,PR,PR-JD,,18.053002,-66.505928,Juana Díaz Pueblo/Casco Urbano,2026-03-15 15:06,9,1
L39613095,PR,PR-MT,,18.4628771,-66.512037,Karso Norte-RNHLE,2026-09-10 07:20,84,17
L2292777,PR,PR-VQ,,18.1166501,-65.5574799,Kiani Lagoon-Vieques NWR west,2026-05-09 17:35,56,28
L8685780,PR,PR-LQ,,18.3804313,-65.7360882,Kioskos de Luquillo,2026-08-14 18:09,80,171
L1148594,PR,PR-BC,,18.4827736,-66.5394795,La Boca (pedregal),2026-09-19 07:18,92,351
L18419336,PR,PR-VQ,,18.1129611,-65.3915262,La Chiva Bridge-Vieques NWR east,2026-05-16 13:44,64,51
L5195271,PR,PR-PO,,17.9655173,-66.6131632,La Guancha de Ponce,2026-09-16 14:43,84,145
L9399870,PR,PR-YB,,18.1153228,-65.8565123,La Loma De La Niña Mariana,2019-06-03 09:52,11,2
L21566180,PR,PR-GC,,17.9461439,-66.9299777,La Paraguera,2026-04-20 15:27,75,19
L293193,PR,PR-LJ,,17.9736861,-67.0498028,La Parguera - Villa Parguera,2026-08-06 13:13,127,705
L802780,PR,PR-LJ,,17.9762091,-67.0537663,La Parguera - town and nearest environs,2026-09-10 12:51,151,1616
L10049180,PR,PR-CR,,17.9520253,-67.1341061,La Pitahaya,2026-08-15 06:58,124,146
L13148960,PR,PR-LJ,,17.9607227,-67.0950554,La Pitahaya,2026-04-11 07:11,69,16
L20925894,PR,PR-MT,,18.4557872,-66.5243108,La Recta y Caño San José,2026-07-30 13:33,81,123
L40991918,PR,PR-SI,,17.9785392,-66.3430774,Lago Canta Sapo,2026-09-16 11:55,68,75
L39345137,PR,PR-GM,,18.06619,-66.0981,Lago Carite,2024-05-18 16:59,1,1
L14822250,PR,PR-PO,,18.0985051,-66.5808819,Lago Cerrillos,2026-08-14 09:09,85,158
L9975616,PR,PR-AC,,18.33198,-66.67019,Lago Dos Bocas--El Embarcadero,2019-09-30 14:36,14,0
L682847,PR,PR-UT,,18.3124238,-66.6527438,Lago Dos Bocas--Rte. 612 access,2024-12-30 13:39,50,9
L682837,PR,PR-AC,,18.3350545,-66.6673136,Lago Dos Bocas--dam and spillway,2026-05-16 09:38,89,185
L9888954,PR,PR-AJ,,18.136834,-66.740629,Lago Garzas,2026-06-08 11:39,58,28
L39724619,PR,PR-JD,,18.0925292,-66.5021212,Lago Guayabal (Juana Diaz),2026-06-21 17:17,48,1
L13509252,PR,PR-VL,,18.0874793,-66.5057046,"Lago Guayabal, Villalba",2021-02-21 08:50,32,6
L527312,PR,PR-OR,,18.1587993,-66.5249634,Lago Guineo,2025-02-27 06:41,60,66
L65295030,PR,PR-TB,,18.461288,-66.188757,Lago Levittown,2026-07-26 08:25,31,4
L15111759,PR,PR-PT,,18.0213116,-66.0166326,Lago Patillas,2026-05-23 13:03,61,19
L1077795,PR,PR-JD,,18.0569266,-66.5400696,Lago Ponceña,2006-07-21 12:20,31,5
L39724892,PR,PR-VL,,18.1020757,-66.4871088,Lago Toa Vaca,2026-08-29 09:40,48,23
L49904267,PR,PR-JD,,18.0383761,-66.4950997,Lago de Piedra Aguzá,2026-09-20 06:35,29,4
L13894281,PR,PR-PO,,18.0618762,-66.5621658,Lagos Hacienda Ana María - Cerrillo Hoyos,2026-06-04 16:32,87,81
L293452,PR,PR-LJ,,18.01033,-67.10868,Laguna Cartagena NWR - Tower,2026-08-21 17:28,147,980
L293340,PR,PR-LJ,,18.01254,-67.10862,Laguna Cartagena NWR - West End,2026-09-13 11:39,162,1893
L1781801,PR,PR-VQ,,18.0873639,-65.5192776,Laguna Playa Grande West Side--Vieques NWR west,2026-03-22 10:00,76,82
L8572825,PR,PR-VQ,,18.0907686,-65.5119985,Laguna Playa Grande-Eastside,2026-08-18 08:06,73,116
L20046602,PR,PR-CU,,18.3082531,-65.2794687,Laguna Refugio,2026-09-10 18:25,58,34
L29885716,PR,PR-LZ,,18.4451695,-65.9776676,Laguna Torrecilla,2026-06-17 10:30,46,11
L5401835,PR,PR-CU,,18.3245034,-65.3141284,Laguna del Flamenco,2026-06-21 15:28,78,79
L293476,PR,PR-FJ,,18.3651667,-65.6332833,Las Croabas,2026-06-15 17:39,90,100
L3905142,PR,PR-SA,,17.9509324,-66.261626,"Las Mareas, Salinas",2026-09-18 08:45,111,589
L7900509,PR,PR-CR,,17.9395002,-67.192357,Las Salinas,2026-08-21 10:06,123,494
L22447971,PR,PR-MG,,18.1970652,-67.1539521,Litoral de mayaguez,2024-05-11 09:45,16,3
L39856317,PR,PR-MT,,18.4801092,-66.5207393,Litoral y Bosque costeroRNHLE,2026-09-22 08:55,94,69
L3156948,PR,PR-BC,,18.4630932,-66.5411049,Llano de la Antigua Central Plazuela,2026-09-19 10:29,37,12
L42059743,PR,PR-VB,,18.4838475,-66.3938828,Llanuras del Cibuco,2026-09-11 08:42,63,12
L5193647,PR,PR-CT,,18.442143,-66.1248503,Los Muelles,2026-05-01 13:30,74,171
L1089482,PR,PR-CR,,17.9997949,-67.2008801,Los Pozos,2026-09-13 06:41,97,10
L16909343,PR,PR-MT,,18.4649305,-66.4755209,Los Tubos MTB,2026-06-29 15:01,84,131
L29193380,PR,PR-CO,,18.0377844,-66.3740784,Los baños de Coamo.,2026-06-13 09:47,57,14
L17265339,PR,PR-AR,,17.9614705,-66.0641369,Malecón Arroyo,2026-09-13 09:33,63,27
L61931345,PR,PR-NG,,18.189265,-65.712549,Malecón de Naguabo,2026-08-22 15:37,16,5
L12799024,PR,PR-MG,,18.2011062,-67.1391108,Mayaguez--Plaza Colon,2026-08-14 19:32,3,0
L72082768,PR,PR-OR,,18.268197,-66.396956,Mirador El Gato,2026-08-25 10:31,9,3
L65602579,PR,PR-DO,,18.45733,-66.25867,Mirador Laguna Dorado/ Río de la Plata,2026-07-27 10:36,23,2
L21833591,PR,PR-CD,,18.1762634,-66.1503811,Mirador del Lago de Cidra,2026-06-04 10:55,24,3
L11249939,PR,PR-RG,,18.3989025,-65.8448972,Miñi Miñi,2026-04-22 14:20,43,5
L2120160,PR,PR-CN,,18.4103882,-65.9333244,Mogotes Carolina,2014-04-28 08:45,38,5
L17680104,PR,PR-AC,,18.4529094,-66.6755497,Molino de Arroz Arecibo,2026-08-28 13:40,20,6
L67363245,PR,PR-PT,,18.102795,-66.022742,Montaña Santa,2026-05-23 10:48,8,1
L4492680,PR,PR-AC,,18.4524176,-66.6900158,Monte Grande,2026-01-27 07:47,100,30
L1776419,PR,PR-VQ,,18.0954217,-65.5522318,Monte Pirata --Vieques NWR west,2026-07-11 10:38,78,129
L50770287,PR,PR-IS,,18.51284,-67.06693,Montones Beach,2025-07-27 13:25,1,1
L2311164,PR,PR-VQ,,18.1334284,-65.5054343,Mosquito-Ceiba tree,2026-09-06 13:23,72,73
L10509122,PR,PR-HU,,18.16413,-65.743227,Muelle de Punta Santiago,2026-09-13 12:16,73,246
L30778712,PR,PR-AL,,18.445497,-67.1595311,Muelle de azucar,2026-09-24 10:37,24,13
L39343192,PR,PR-CU,,18.310205,-65.283255,Museo Polvorin de Culebra,2026-08-04 16:51,2,1
L29444464,PR,PR-SJ,,18.44813,-66.06599,Museo de Arte de Puerto Rico,2026-09-26 13:07,42,59
L8355649,PR,PR-CN,,18.420476,-65.967613,Museo del Niño de Carolina,2026-08-15 13:42,64,196
L1122897,PR,PR-NG,,18.2137,-65.7354,Naguabo--general area,2026-08-15 08:38,82,22
L682836,PR,PR-AC,,18.3478453,-66.7526293,Observatorio de Arecibo,2026-07-24 10:17,69,180
L1122888,PR,PR-SJ,,18.4522,-66.0536,Ocean Park,2026-07-19 08:40,74,210
L11566631,PR,PR-SJ,,18.4509216,-66.0485923,Ocean Park - Parque Barbosa,2026-07-16 07:44,8,5
L63705359,PR,PR-MT,,18.468904,-66.4664698,Ojo de Agua Beach,2026-04-13 12:39,5,1
L8645663,PR,PR-VQ,,18.1076636,-65.5462397,PLN Wildlife area (bunker),2026-06-24 13:16,55,62
L332509,PR,PR-SB,,18.1429851,-66.9760171,PN Monte del Estado,2026-06-27 11:44,64,332
L58419780,PR,PR-CA,,18.34639,-66.82334,PN de Las Cavernas del Río Camuy,2016-01-07 10:16,39,1
L22160712,PR,PR-MR,,18.1670193,-66.9932725,PR 120-Km 18.8,2026-04-21 09:16,46,108
L10718878,PR,PR-PO,,18.1666273,-66.5745827,PR 143 Km 19,2026-01-02 08:00,39,53
L1430368,PR,PR-NG,,18.27025,-65.78424,PR-191 south El Yunque,1998-10-26 09:00,19,1
L10946901,PR,PR-MT,,18.445248,-66.457045,PR22--Manati Rest Area,2025-11-17 08:49,25,24
L29988487,PR,PR-CL,,18.3097764,-66.4775108,Paeque del niño Genesis A. Mendez Ocasio,2024-03-04 07:18,30,1
L68119468,PR,PR-PO,,18.016203,-66.617864,Panteón Nacional Román Baldorioty de Castro,2026-05-28 13:11,20,1
L5606736,PR,PR-LJ,,18.015417,-67.07275,Parcelas de Agricultura Experimental,2026-05-12 18:25,81,103
L7666027,PR,PR-VB,,18.4551998,-66.4229231,Parque Atlético de Vega Baja,2026-08-19 08:35,81,146
L54340356,PR,PR-AL,,18.4970157,-67.1433349,Parque Central Ramey,2026-09-19 08:19,38,13
L323792,PR,PR-SJ,,18.44008,-66.07835,Parque Central de San Juan,2026-08-10 07:49,142,1123
L18331387,PR,PR-AD,,18.4143794,-67.1604469,Parque Colón,2026-09-24 11:12,94,275
L4189734,PR,PR-QB,,18.4902182,-66.9504261,Parque Eugenio María de Hostos (Los Merenderos de Guajataca),2026-09-06 13:37,115,1323
L60059860,PR,PR-GB,,18.293125,-66.116265,Parque Forestal La Marquesa,2026-09-13 07:41,34,7
L17637068,PR,PR-CN,,18.41006,-65.966405,Parque Julia de Burgos,2022-02-02 17:30,11,2
L323793,PR,PR-SJ,,18.4364,-66.06913,Parque Lineal Enrique Martí Coll,2026-09-07 08:37,89,60
L4190509,PR,PR-BY,,18.375084,-66.155024,Parque Lineal de Bayamón,2026-09-20 17:36,121,689
L8358073,PR,PR-BY,,18.4100638,-66.1534385,Parque Lineal de Bayamón - La Cambija,2026-09-20 17:36,94,253
L16422583,PR,PR-BY,,18.39216,-66.138627,Parque Lineal de Bayamón - Santa Rosa,2026-09-19 11:57,103,386
L40314374,PR,PR-PO,,18.0723158,-66.5763438,"Parque Luis ""Wito"" Morales",2026-01-16 09:35,32,7
L323794,PR,PR-SJ,,18.40924,-66.0727,Parque Luis Muñoz Marín,2026-09-18 15:24,79,119
L683018,PR,PR-SJ,,18.4645078,-66.0916257,Parque Luis Muñoz Rivera,2026-09-23 16:29,93,499
L2296041,PR,PR-FJ,,18.369849,-65.639093,Parque Nacional Balneario Seven Seas,2025-07-04 19:15,43,6
L340971,PR,PR-VA,,18.4814,-66.3358,Parque Nacional Cerro Gordo,2026-09-27 06:16,137,504
L7986889,PR,PR-TB,,18.468235,-66.1361201,Parque Nacional Isla de Cabras,2026-09-27 21:57,69,126
L28664121,PR,PR-BY,,18.4093422,-66.140871,Parque Nacional Julio Enrique Monagas,2026-09-19 07:30,129,2431
L337441,PR,PR-AN,,18.2908505,-67.1961707,Parque Nacional Tres Hermanos,2026-05-19 07:05,84,21
L60897114,PR,PR-TJ,,18.3652456,-66.0048501,Parque Pasivo Lago Trujillo Alto,2026-03-21 16:30,4,1
L2802775,PR,PR-FJ,,18.36194,-65.62469,Parque Pasivo de Las Croabas,2026-08-14 16:28,90,219
L11182313,PR,PR-MG,,18.2061702,-67.1379285,Parque de los Próceres Puertorriqueños,2026-06-24 08:59,52,21
L73171925,PR,PR-TJ,,18.357011,-66.003691,Parque del Bicentenario/Puente de Trujillo Alto,2026-07-17 11:59,19,2
L32061129,PR,PR-SJ,,18.4663046,-66.0891796,Parque del Tercer Milenio y Balneario del Escambrón,2026-09-05 15:00,62,78
L60717315,PR,PR-JD,,17.990409,-66.483111,Paseo Costero del Sur,2026-09-16 13:32,17,8
L8421692,PR,PR-CG,,18.2406166,-66.0347864,Paseo Honor al Río,2026-05-15 14:50,58,70
L60898629,PR,PR-SJ,,18.34353,-66.04942,Paseo Lago Las Curías,2026-08-31 10:53,94,283
L17282402,PR,PR-NR,,18.3202076,-66.2072368,Paseo Lienal de Naranjito,2026-09-06 09:57,42,14
L65792739,PR,PR-CN,,18.4124113,-65.9605375,Paseo Lineal Blasina,2026-09-12 09:37,62,164
L7734594,PR,PR-CT,,18.4433537,-66.1295958,"Paseo Lineal Gustavo Adolfo ""Pibe"" Grana Rivera",2026-09-18 11:28,61,88
L62210802,PR,PR-CL,,18.353906,-66.468538,Paseo Lineal Juan Antonio Corretjer,2026-09-13 17:52,15,2
L21741246,PR,PR-PO,,18.0130622,-66.6077435,"Paseo Lineal, Ponce, PR",2026-05-21 17:46,56,17
L3995187,PR,PR-IS,,18.5121136,-67.0430589,Paseo Mabodamaca,2026-09-09 05:59,109,285
L67388542,PR,PR-PT,,18.005903,-66.014574,Patillas Pueblo/Casco Urbano,2026-05-23 13:51,10,1
L72081474,PR,PR-MV,,18.283146,-66.399325,Perchas Viewpoint,2026-08-25 10:12,6,3
L1028554,PR,PR-CR,,17.9995092,-67.1759033,Peñones de Melones,2026-07-01 18:59,131,63
L67006062,PR,PR-PN,,18.05726,-66.722265,Peñuelas Pueblo/Casco Urbano,2026-05-20 14:44,8,1
L4205149,PR,PR-LQ,,18.38212,-65.71974,Playa Azul,2026-07-12 12:40,106,269
L22504063,PR,PR-IS,,18.5159051,-67.0933964,Playa Bajuras,2023-02-07 16:30,1,1
L41407898,PR,PR-JD,,17.9905909,-66.4619851,Playa Bizarreta,2026-07-09 15:10,39,6
L5613353,PR,PR-LZ,,18.44649,-65.8939,Playa Bonita,2026-08-19 15:53,16,5
L30461232,PR,PR-AC,,18.4883293,-66.6016853,Playa Brava,2026-07-03 07:26,7,1
L12339624,PR,PR-VB,,18.4906269,-66.3953333,Playa Cibuco,2026-09-07 09:11,11,3
L24242421,PR,PR-AL,,18.4584598,-67.1630977,Playa Crash Boat,2026-09-20 08:30,72,101
L16868015,PR,PR-NG,,18.2031025,-65.6689333,Playa El Corcho,2025-02-26 09:47,37,4
L11942227,PR,PR-GL,,18.001439,-66.7841093,Playa El Faro,2018-12-29 15:00,1,1
L4066186,PR,PR-VQ,,18.1352452,-65.5032228,Playa El Gallito,2026-05-16 16:10,33,7
L4900664,PR,PR-DO,,18.467625,-66.236782,Playa El Único,2026-09-26 13:37,44,43
L66093924,PR,PR-AD,,18.391371,-67.19633,Playa Espinar,2026-05-13 14:01,8,1
L20098151,PR,PR-CU,,18.3296698,-65.3208974,Playa Flamenco /área de acampar,2026-08-16 07:52,57,60
L22089920,PR,PR-VQ,,18.0892229,-65.5169183,Playa Grande Lagoon--Vieques NWR west,2026-03-24 12:11,48,9
L39605071,PR,PR-YB,,18.0633209,-65.8045335,Playa Icacos,2026-02-19 08:00,42,4
L4451120,PR,PR-GC,,17.9536099,-66.9043063,Playa Jaboncillo,2026-06-01 11:06,62,60
L56379330,PR,PR-SI,,17.9617396,-66.3610206,Playa Jauca,2025-10-11 09:36,32,2
L11981733,PR,PR-GC,,17.9455916,-66.9650974,Playa La Jungla,2026-09-02 08:10,31,1
L15966174,PR,PR-LQ,,18.3761595,-65.7141906,Playa La Pared,2026-08-14 13:40,52,69
L9782418,PR,PR-CU,,18.3044965,-65.2447506,Playa Larga,2019-07-21 15:29,2,0
L30461275,PR,PR-BC,,18.4844017,-66.5774596,Playa Las Criollas,2026-04-08 18:10,22,4
L40177374,PR,PR-GC,,17.949812,-66.898121,Playa Los Congres,2026-04-29 18:50,32,10
L13226656,PR,PR-CB,,18.266068,-65.6313767,Playa Los Machos,2026-09-07 08:10,122,425
L63706592,PR,PR-MT,,18.47257,-66.48502,Playa Mar Chiquita,2026-08-16 07:58,12,6
L33733638,PR,PR-CR,,18.0948477,-67.1949363,Playa Ostiones,2026-07-13 07:54,84,51
L17352477,PR,PR-IS,,18.4916542,-66.974582,Playa Pastillo,2026-09-21 17:17,90,396
L41408066,PR,PR-JD,,17.9893785,-66.4800249,Playa Pastillo y Rio Canas,2026-09-19 06:22,64,5
L66096799,PR,PR-AD,,18.384145,-67.212847,Playa Pico de Piedra,2026-05-13 14:21,10,1
L40372376,PR,PR-BC,,18.4876069,-66.5517426,Playa Puerto Las Vacas,2026-06-14 14:16,6,1
L59944387,PR,PR-VB,,18.48981,-66.399346,Playa Puerto Nuevo,2026-09-02 18:17,29,7
L28353578,PR,PR-VQ,,18.1165707,-65.5757649,Playa Punta Arenas,2026-04-24 10:41,42,20
L15785098,PR,PR-MB,,17.9904549,-65.8843298,Playa Punta Tunas,2026-04-03 13:17,55,26
L54615341,PR,PR-IS,,18.5152607,-67.1011448,Playa Quique Bravo,2026-09-22 07:54,43,5
L20032850,PR,PR-CU,,18.329768,-65.298665,Playa Resaca,2022-07-07 11:36,7,0
L69750446,PR,PR-CU,,18.3015606,-65.3025225,Playa Sardinas I/Ferry Terminal,2026-09-18 10:47,14,6
L6781410,PR,PR-HA,,18.491975,-66.7923743,Playa Sardinera,2026-08-24 09:29,84,74
L69791992,PR,PR-CU,,18.317865,-65.3174149,Playa Tamarindo,2026-08-04 16:28,12,8
L69751737,PR,PR-CU,,18.3196935,-65.2551037,Playa Zoni,2026-06-02 10:22,4,4
L5597180,PR,PR-CN,,18.445384,-66.029105,Playa de Isla Verde,2026-09-18 15:57,28,25
L18462324,PR,PR-AR,,17.9562614,-66.0529546,Playa y Faro Punta Figura,2026-09-25 06:57,107,188
L527078,PR,PR-SA,,17.9586486,-66.2832642,Playita-Vertedero Salinas,2026-07-18 06:24,98,66
L11550273,PR,PR-AL,,18.4719222,-67.1691218,Playuela,2026-04-02 17:09,71,54
L682773,PR,PR-PO,,18.0116104,-66.614002,Plaza Las Delicias,2026-08-01 12:33,39,96
L1450133,PR,PR-PO,,17.972389,-66.5964896,Ponce Cabuyones,2026-09-13 17:35,80,13
L1122896,PR,PR-PO,,17.9866,-66.6093,Ponce--general area,2026-05-17 18:27,93,131
L1781819,PR,PR-VQ,,18.1146964,-65.4455888,Pond off Rt. 997/4.7 km,2026-05-06 09:19,84,194
L39559625,PR,PR-SL,,18.1895464,-65.9610306,Pueblo de San Lorenzo,2026-09-04 15:49,38,10
L35271258,PR,PR-CD,,18.1765993,-66.1598371,Pueblo/Cidra,2025-05-10 09:47,28,2
L63072493,PR,PR-DO,,18.4666912,-66.1990962,Puente y Costa Río Cocal,2026-08-26 06:26,27,8
L690814,PR,PR-AC,,18.4801789,-66.70362,Puerto Arecibo,2026-08-22 13:38,122,797
L21249984,PR,PR-QB,,18.4835266,-66.9020605,Puerto Hermina,2026-08-04 17:42,50,23
L35332976,PR,PR-QB,,18.4789353,-66.9094295,Puerto Hermina BTrail,2026-04-13 08:36,52,24
L550396,PR,PR-BC,,18.482373,-66.549747,Puerto Las Vacas,2026-06-07 08:39,143,275
L17826997,PR,PR-VQ,,18.1215054,-65.4254954,Puerto Mosquito NNL Trail--Vieques NWR east,2026-07-25 08:38,44,36
L17261710,PR,PR-YB,,18.0497059,-65.8318695,Puerto de Yabucoa,2026-07-26 15:58,20,5
L293226,PR,PR-MG,,18.2662333,-67.1873556,Punta Algarrobo,2026-06-16 07:23,124,316
L18258477,PR,PR-MG,,18.211812,-67.159036,Punta Boca Morena,2026-09-19 13:13,84,763
L22348606,PR,PR-VQ,,18.1131197,-65.5752951,Punta Boca Quebrada - ViequesPR,2026-05-09 17:04,68,33
L4564395,PR,PR-AL,,18.4855664,-67.1600461,Punta Borinquen,2026-05-02 10:09,97,75
L5613362,PR,PR-LZ,,18.45969,-65.99093,Punta Cangrejos,2026-09-14 17:53,14,4
L58605548,PR,PR-VQ,,18.1109787,-65.3946525,Punta Galintez Road,2026-02-15 12:30,15,2
L4182800,PR,PR-AR,,17.9620771,-66.0350925,Punta Guilarte,2026-09-13 09:01,99,101
L7564231,PR,PR-NG,,18.1838352,-65.6980062,Punta Lima,2025-03-05 15:05,87,12
L43205443,PR,PR-RG,,18.4189526,-65.8221574,Punta San Agustín,2026-05-23 18:05,31,7
L1115476,PR,PR-LJ,,18.0019172,-67.1052647,Quebrada La Tinaja NWR,2026-01-21 09:00,82,24
L61039877,PR,PR-IS,,18.5107754,-67.0960139,Quebrada de Los Cedros,2026-06-18 10:34,47,20
L61040153,PR,PR-IS,,18.5107754,-67.0960139,Quebrada de Los Cedros,2025-11-28 10:06,47,10
L61040173,PR,PR-IS,,18.5107754,-67.0960139,Quebrada de Los Cedros,2026-07-11 10:01,43,13
L37190688,PR,PR-MG,,18.083379,-67.9405992,RN Isla de Mona - Campamento hasta el Aeropuerto,2026-09-27 09:20,32,3
L5053537,PR,PR-MG,,18.0874105,-67.9393405,RN Isla de Mona - Campamento y Playa Sardinera,2026-09-15 07:30,88,46
L12634818,PR,PR-MG,,18.0795501,-67.9352141,RN Isla de Mona - Entrada a la Pista,2023-10-14 07:17,59,4
L54216009,PR,PR-MG,,18.0741719,-67.9285132,RN Isla de Mona - Pista de Avión hacia Campamento Sardinera Camino Principal,2025-10-18 08:00,32,1
L5071648,PR,PR-MG,,18.0603849,-67.9057185,RN Isla de Mona - Playa Uvero,2026-05-19 17:55,23,4
L16767137,PR,PR-RG,,18.3358081,-65.8137918,Rainforest Inn Eco Lodge,2026-06-22 08:11,57,147
L323787,PR,PR-LJ,,18.01446,-67.09795,Refugio Nacional de Vida Silvestre Laguna Cartagena,2026-09-13 11:39,182,3857
L9777436,PR,PR-SS,,18.3758882,-66.9267315,"Refugio de Vida Silveste, embalse Guajataca",2026-09-05 15:41,31,3
L5065007,PR,PR-TA,,18.33846,-66.23481,Refugio de Vida Silvestre Embalse La Plata,2026-07-31 09:17,82,85
L323797,PR,PR-CR,,18.01684,-67.15495,Refugio de Vida Silvestre de Boquerón,2026-08-25 06:41,164,1645
L323823,PR,PR-VQ,,18.09931,-65.54809,Refugio de Vida Silvestre de Vieques,2026-01-20 08:29,67,27
L13132399,PR,PR-TJ,,18.3281751,-66.0167901,Represa Embalse Carraízo,2026-05-25 16:45,25,3
L7198189,PR,PR-YU,,18.0463682,-66.8828023,Represa Río Loco,2022-12-21 13:45,56,6
L9778862,PR,PR-RC,,18.3499656,-67.2644558,Reserva Marina Tres Palmas,2026-09-12 14:57,57,84
L748291,PR,PR-FJ,,18.3625903,-65.5314732,Reserva Natural Arrecifes de la Cordillera,2026-09-06 08:45,50,21
L40535879,PR,PR-FJ,,18.3842988,-65.590992,Reserva Natural Arrecifes de la Cordillera - Cayo Icacos,2026-09-06 08:45,39,12
L17329677,PR,PR-FJ,,18.3773796,-65.5702839,Reserva Natural Arrecifes de la Cordillera - Cayo Lobos,2026-05-16 11:11,13,6
L323819,PR,PR-GC,,17.95284,-66.86562,Reserva Natural Bahía Ballenas,2026-09-06 15:19,114,212
L323811,PR,PR-NG,,18.18511,-65.7473,Reserva Natural Bosque de Pterocarpus de Humacao,2026-04-12 17:27,88,35
L323781,PR,PR-FJ,,18.37144,-65.63097,Reserva Natural Cabezas de San Juan,2026-07-31 07:59,131,547
L9780271,PR,PR-MG,,18.252858,-67.1758222,Reserva Natural Caño Boquillas,2026-04-19 10:09,75,46
L323805,PR,PR-AC,,18.4670637,-66.6343972,Reserva Natural Caño Tiburones,2026-07-19 06:24,159,433
L4081868,PR,PR-AC,,18.4741273,-66.6976688,Reserva Natural Caño Tiburones - Extremo Oeste,2026-07-03 15:11,118,232
L323809,PR,PR-VQ,,18.10503,-65.54103,Reserva Natural Cerro El Buey,2026-02-18 08:22,65,53
L10118088,PR,PR-CT,,18.4370502,-66.1347156,Reserva Natural Ciénaga Las Cucharillas,2025-03-14 08:09,66,40
L4648087,PR,PR-AC,,18.4924299,-66.6414839,Reserva Natural Cueva del Indio,2026-07-24 14:14,79,300
L332254,PR,PR-SJ,,18.45465,-66.07583,Reserva Natural Estuarina de la Laguna del Condado,2026-09-26 07:54,89,502
L4564353,PR,PR-CA,,18.4887947,-66.8462169,Reserva Natural Finca Nolla,2026-09-21 07:36,133,457
L16839675,PR,PR-MB,,17.9956425,-65.8807494,Reserva Natural Humedal Punta Tuna,2026-07-25 07:10,97,69
L323810,PR,PR-YB,,18.02163,-65.83521,Reserva Natural Inés Mendoza/Punta Yegua,2026-04-12 08:58,70,97
L42022777,PR,PR-PO,,17.8875444,-66.5271287,Reserva Natural Isla Caja de Muertos,2025-10-13 09:33,52,31
L323822,PR,PR-MG,,18.08683,-67.89123,Reserva Natural Isla de Mona,2026-09-27 09:20,123,140
L323820,PR,PR-LJ,,17.97336,-67.00407,Reserva Natural La Parguera,2026-08-15 10:49,134,369
L323824,PR,PR-QB,,18.3789,-66.91854,Reserva Natural Lago Guajataca,2026-06-21 06:58,95,62
L323789,PR,PR-MT,,18.46126,-66.4397,Reserva Natural Laguna Tortuguero,2026-06-18 09:06,133,208
L9936649,PR,PR-VB,,18.4606852,-66.4252071,Reserva Natural Laguna Tortuguero,2026-08-25 08:02,116,294
L11883729,PR,PR-MV,,18.349063,-66.449542,Reserva Natural Las Cabachuelas,2026-02-20 08:50,43,21
L7374401,PR,PR-PO,,17.9692218,-66.666863,Reserva Natural Las Cucharas,2026-08-29 18:02,139,657
L14117149,PR,PR-CB,,18.2067128,-65.6369734,Reserva Natural Medio Mundo y Daguao,2025-10-01 15:00,70,9
L17636330,PR,PR-CB,,18.2410225,-65.6036823,Reserva Natural Medio Mundo y Daguao,2026-09-27 07:42,148,756
L5580314,PR,PR-DO,,18.4676625,-66.2327957,Reserva Natural Playa Grande El Paraíso,2026-08-12 05:55,54,41
L7447184,PR,PR-LJ,,17.9722605,-67.0321165,Reserva Natural Playita Rosada,2026-09-24 15:11,105,503
L341846,PR,PR-CR,,18.0392008,-67.2038286,Reserva Natural Punta Guaniquilla,2026-09-19 15:16,167,655
L16987710,PR,PR-CR,,18.033469,-67.183165,Reserva Natural Punta Guaniquilla - Villa Taína,2026-04-01 16:30,48,10
L17263907,PR,PR-PT,,17.9708798,-65.9810969,Reserva Natural Punta Viento,2026-09-05 12:58,25,3
L11445864,PR,PR-RG,,18.4058042,-65.8071242,Reserva Natural Río Espíritu Santo,2026-08-20 08:09,72,31
L323795,PR,PR-HU,,18.15036,-65.77197,Reserva Natural de Humacao,2026-09-19 14:49,162,1317
L682835,PR,PR-HU,,18.1569031,-65.7750177,Reserva Natural de Humacao - Acceso Norte,2026-08-28 07:52,117,217
L1649000,PR,PR-SI,,17.9518839,-66.3834901,Reserva natural Punta Petrona,2024-06-29 06:39,89,18
L1122971,PR,PR-RC,,18.34,-67.2502,Rincón - general area,2026-08-10 11:00,101,157
L1340822,PR,PR-AC,,18.4805987,-66.6662825,Rincón Chiquito,2026-04-14 16:12,112,144
L682875,PR,PR-UT,,18.3016676,-66.6439784,Rio Caonillas downstream from dam,2024-12-30 13:34,27,6
L11385130,PR,PR-CO,,18.0248782,-66.3349426,Rio Jueyes,2024-12-25 14:00,28,6
L16689303,PR,PR-NG,,18.2672747,-65.7949357,Rio Sabana Recreational Area and Trails
L3890675,PR,PR-LZ,,18.4549405,-65.9706503,Rompeolas de Piñones,2026-09-01 13:16,126,897
L5944654,PR,PR-CB,,18.24267,-65.63315,Roosevelt Roads,2026-09-07 09:51,137,266
L23618287,PR,PR-CB,,18.2260448,-65.6576857,Roosevelt Roads - Lagos del Langley Drive,2026-09-23 12:00,39,33
L343336,PR,PR-CR,,17.95658,-67.19935,Salinas de Cabo Rojo - Centro Interpretativo y Veredas,2026-08-22 09:01,169,1200
L4840671,PR,PR-CR,,17.9669766,-67.1787357,Salinas de Cabo Rojo NWR - Fraternidad,2026-09-19 16:29,138,664
L33176139,PR,PR-JD,,17.99109,-66.47403,Salistrar Pastillo,2023-10-23 10:47,7,1
L4135149,PR,PR-GM,,17.93461,-66.20116,Salitral de Punta Pozuelo,2026-09-20 07:06,123,548
L58209277,PR,PR-JD,,18.1150186,-66.5438461,Salto Collores,2026-02-07 09:45,5,1
L25059678,PR,PR-SG,,18.0703141,-67.0360897,San German Mountain Track,2023-06-01 07:00,21,2
L66995966,PR,PR-SG,,18.08226,-67.043468,San Germán Pueblo,2026-06-21 14:35,10,2
L1643930,PR,PR-SI,,17.9754032,-66.3883502,Santa Isabel famland,2024-06-29 08:34,73,43
L323813,PR,PR-AJ,,18.13639,-66.69663,Servidumbre Escénica Río Portugués,2026-07-15 18:14,57,50
L4062899,PR,PR-CY,,18.0781422,-66.1499584,Servidumbre de Conservación La Robleda,2026-09-25 09:09,36,9
L323814,PR,PR-SA,,18.04115,-66.2898,Servidumbre de Conservación Montes Oscuros
L323817,PR,PR-CD,,18.17524,-66.19824,Servidumbre de Conservación Rabanal,2024-08-03 08:35,39,13
L5602495,PR,PR-AC,,18.335163,-66.640278,TJ Ranch,2026-04-27 07:59,58,41
L738860,PR,PR-BY,,18.4021755,-66.1281681,Tintillo,2026-08-03 18:15,38,47
L10132542,PR,PR-OR,,18.2564862,-66.3902199,Toro Verde Park,2026-09-20 07:40,19,2
L60854888,PR,PR-QB,,18.398592,-66.9231319,Torre Lago Guajataca,2026-08-22 06:35,27,2
L823132,PR,PR-CL,,18.2341764,-66.5416521,Tres Picachos Norte PR-533,2026-02-24 08:33,39,4
L20410855,PR,PR-QB,,18.4823971,-66.9491507,Túnel Negro,2026-07-05 09:49,59,13
L12785344,PR,PR-IS,,18.490805,-66.962708,Túnel de Guajataca,2026-09-05 13:51,77,100
L3897911,PR,PR-BY,,18.3510448,-66.1821207,Universidad Interamericana de P.R. - Bayamón,2026-03-29 08:47,60,73
L4835198,PR,PR-SJ,,18.368836,-66.0773849,Universidad Interamericana de P.R. - Metro,2025-08-01 06:54,26,26
L9978628,PR,PR-AC,,18.468833,-66.740981,Universidad de Puerto Rico - Arecibo,2019-10-01 15:20,23,1
L4525698,PR,PR-BY,,18.3694736,-66.1442184,Universidad de Puerto Rico - Bayamón,2026-03-08 17:20,46,9
L16490725,PR,PR-HU,,18.1459758,-65.8360092,Universidad de Puerto Rico - Humacao,2026-04-29 19:10,44,45
L20294914,PR,PR-MG,,18.210876,-67.141654,Universidad de Puerto Rico - Mayagüez,2026-08-26 19:12,62,50
L4889140,PR,PR-PO,,17.993779,-66.608336,Universidad de Puerto Rico - Ponce,2026-09-16 14:46,34,14
L4577268,PR,PR-SJ,,18.4039468,-66.0493058,Universidad de Puerto Rico - Río Piedras,2026-09-23 09:00,64,675
L56030054,PR,PR-UT,,18.2543771,-66.7210007,Universidad de Puerto Rico - Utuado,2026-09-18 14:01,65,19
L2190978,PR,PR-LZ,,18.4506264,-65.9040642,Vacía Talega,2023-08-05 08:05,35,21
L60897984,PR,PR-VB,,18.382295,-66.4303367,Vaquería Martinez Dairy,2026-03-07 16:40,2,1
L17117228,PR,PR-MT,,18.4797978,-66.5275678,Vereda Mirador de la costa,2026-09-22 06:38,121,100
L20032839,PR,PR-CU,,18.325969,-65.302617,Vereda Playa Brava,2026-01-27 10:18,8,4
L8575428,PR,PR-LJ,,17.97593,-67.06175,Vereda hacia la Pitahaya - La Parguera,2008-11-09 06:55,56,4
L294049,PR,PR-SJ,,18.467376,-66.1169114,Viejo San Juan,2026-09-27 15:50,170,3290
L853622,PR,PR-SJ,,18.4709392,-66.1241341,Viejo San Juan - El Morro,2026-09-27 15:50,125,839
L9781411,PR,PR-SJ,,18.4637207,-66.1191129,Viejo San Juan - Paseo de la Princesa,2026-09-25 07:37,118,505
L10425584,PR,PR-SJ,,18.4678318,-66.1087863,Viejo San Juan - San Cristobal,2026-08-13 07:59,13,4
L5201780,PR,PR-VQ,,18.120666,-65.414647,Vieques NWR (When possible use a more specific location),2026-03-30 10:00,79,52
L8645066,PR,PR-VQ,,18.1376148,-65.3955052,"Vieques NWR east (When possible, be more specific)",2025-06-16 14:29,54,5
L3020476,PR,PR-VQ,,18.116487,-65.5627584,Vieques NWR--Punta Arenas Rd.,2026-06-24 12:53,86,82
L7282875,PR,PR-VQ,,18.1130608,-65.5559778,"Vieques NWR-west (When possible,  a specific area preferred)",2025-06-05 13:00,64,9
L5239259,PR,PR-CR,,18.0633748,-67.1973288,Villa La Mela,2025-09-21 10:00,80,25
L38575971,PR,PR-IS,,18.5080984,-67.0228672,Villa Pesquera (HEX 296),2026-09-14 08:05,60,21
L26004073,PR,PR-RG,,18.3894621,-65.7601463,Wyndham Rio Mar (restricted access),2026-09-24 18:29,95,200
L5058551,PR,PR-YB,,18.0455315,-65.8694921,Yabucoa,2026-04-07 08:28,61,5
L28353914,PR,PR-YU,,18.03249,-66.8553535,Yauco Urban Park,2023-12-19 16:06,12,1
L10801544,PR,PR-RG,,18.351376,-65.809672,Yuquiyu Treehouses (private),2026-07-05 07:24,16,2
L382736,PR,PR-MG,,18.214595,-67.1329021,Zoológico de Puerto Rico Juan A. Rivero,2026-03-04 10:32,45,9
L5191307,PR,PR-CR,,18.0008969,-67.1639943,scrub lands south of Refugio Boqueron,2026-08-14 16:57,135,266
L16687257,PR,PR-CU,,18.3234003,-65.2680521,ÁNP Cerro Feliz,2026-09-17 17:20,32,20
L10069093,PR,PR-HA,,18.3998235,-66.8095671,Área Natural Protegida Bayaney,2025-12-06 10:36,50,9
L323816,PR,PR-BQ,,18.1729,-66.28273,Área Natural Protegida Cañón San Cristóbal,2026-09-20 06:16,63,107
L323807,PR,PR-GL,,18.04165,-66.744,Área Natural Protegida Cuevas El Convento,2026-09-04 17:47,70,65
L323815,PR,PR-CG,,18.11742,-66.05275,Área Natural Protegida Jorge Sotomayor del Toro,2024-04-05 17:22,30,6
L323808,PR,PR-YB,,18.1145291,-65.9179688,Área Natural Protegida La Pandura,2024-03-07 14:35,5,1
L14551061,PR,PR-CL,,18.3455496,-66.5276763,Área Natural Protegida Luyando,2026-05-15 09:07,34,8
L11378259,PR,PR-QB,,18.4323672,-66.940213,Área Natural Protegida Montadero,2026-06-10 08:45,37,19
L8561624,PR,PR-FL,,18.3632862,-66.5374194,Área Natural Protegida Río Encantado,2026-06-19 16:44,39,21
L323818,PR,PR-MR,,18.18448,-67.01072,Área Natural Protegida Río Maricao,2026-06-15 10:31,71,143
L67373866,PR,PR-PT,,18.07271,-66.056425,Área Recreativa Bosque Real,2026-05-23 12:44,22,2
L13874564,PR,PR-CG,,18.173776,-66.041984,Área Recreativa Eco Parque Borinquen,2026-07-02 12:00,73,520
L7356165,PR,PR-CR,,18.129,-67.183,Área de Joyuda,2026-05-09 11:36,90,56
