L2762356,PY,PY-9,,-25.8866824,-57.1659395,"Acahay, Paraguari (Paraguay Central)",2026-06-06 13:24,120,3
L2761832,PY,PY-16,,-19.5597222,-59.5180556,"Adrián Jara, Alto Paraguay (Alto Chaco)",2024-02-19 07:00,139,4
L2763121,PY,PY-11,,-25.2441667,-57.5185,Aeropuerto Silvio Pettirossi,2026-09-26 10:03,84,41
L2762714,PY,PY-6,,-26.08,-55.33,"Agropeco, Alto Paraná (Alto Paraná)",2005-04-02 00:00,140,0
L2761835,PY,PY-19,,-23.1666667,-61.6166667,"Agropil, Estancia, Dpto. Boquerón (Alto Chaco)",2005-03-06 00:00,203,3
L2761396,PY,PY-1,,-22.399,-57.459,"Agropozo, Concepción (Campos Cerrados)",2024-08-26 10:23,275,2
L2761837,PY,PY-16,,-19.95,-59.7,"Agua Dulce, Alto Paraguay (Alto Chaco)",2026-05-26 15:48,217,40
L2761840,PY,PY-19,,-22.7333333,-61.9,"Algarrobo (Fn. Conchitas), Dpto. Boquerón (Alto Chaco)"
L2761845,PY,PY-15,,-22.6805556,-59.32,"Anaconda, Dpto. Pte. Hayes (Alto Chaco)",2002-12-14 00:00,141,1
L2762358,PY,PY-2,,-24.13,-57.11,"Antequera, Dpto. San Pedro",1988-09-14 00:00,11,0
L2761848,PY,PY-15,,-23.25,-59.25,"Apéndice, Estancia, Dpto. Pte. Hayes (Alto Chaco)",1980-10-21 00:00,56,1
L2762720,PY,PY-10,,-25.55,-54.68,"Area Río Monday, Dpto. Alto Paraná",2025-05-04 10:50,71,2
L2762363,PY,PY-3,,-25.059,-57.379,"Arecutacuá, Puerto de Emboscada, Dpto. Cordillera",2024-02-20 15:51,160,3
L2762366,PY,PY-11,,-25.249,-57.329,"Areguá, Parque Nacional Ypacaray, Dpto. Central",2020-12-31 14:00,41,2
L2763040,PY,PY-8,,-26.7006667,-57.2581667,Arrocera Zub
L2762650,PY,PY-7,,-27.1397222,-56.2875,"Arroyo Aguapey, Itapúa (Ñeembucú)",2025-06-06 00:00,157,10
L2761859,PY,PY-1,,-22.43,-57.58,Arroyo Alegre (Concepción),2025-11-09 09:50,83,3
L2762157,PY,PY-13,,-22.4833333,-56.1333333,Arroyo Blanco,2000-10-28 00:00,225,0
L2762376,PY,PY-7,,-27.26,-56.02,"Arroyo Caraguata, Dpto. Itapúa",2024-10-12 14:05,101,13
L2762379,PY,PY-9,,-25.8,-57.23,"Arroyo Mbaey, Dpto. Paraguari",2026-05-26 11:44,32,1
L2762559,PY,PY-1,,-22.83,-57.48,Arroyo Tagatiya guasu (Concepción),2022-11-26 07:19,201,1
L2762165,PY,PY-1,,-22.7333333,-57.55,"Arroyo Tagatiya, Concepción (Campos Cerrados)",2007-04-23 00:00,289,1
L2763176,PY,PY-1,,-22.66,-57.55,Arroyo Tagatiyami (Concepción),2002-05-08 00:00,242,1
L2762381,PY,PY-2,,-24.66,-56.41,"Arroyo Tapiracuai, Dpto. San Pedro",2026-09-15 12:17,95,5
L2763333,PY,PY-1,,-22.3,-57.25,Arroyo Toro Paso (Concepción),1999-10-26 00:00,161,0
L2762169,PY,PY-7,,-27.1,-56.25,"Arroyo Tymaca, Itapúa (Ñeembucú)",2025-02-08 16:13,71,0
L2763191,PY,PY-3,,-25.0481667,-57.0716667,Arroyos y Esteros km 69,2026-09-15 15:04,177,35
L13435738,PY,PY-3,,-25.0478115,-57.0608378,Arroyos y Esteros km 70,2024-09-14 09:31,68,8
L2763189,PY,PY-3,,-24.9965,-57.0318333,Arroyos y Esteros km 79,2026-09-11 07:55,83,19
L2762384,PY,PY-3,,-25.11,-57.28,"Arroyos y Esteros, Cordillera y San Pedro (Paraguay Central)",2022-11-03 18:00,176,24
L1621543,PY,PY-3,,-24.9163023,-56.8589323,"Arroyos y Esteros, camino a Juan de Mena",2026-09-27 10:53,282,514
L2762173,PY,PY-6,,-26.4833333,-56.3,"Arrozal Codas, Caazapá",2026-03-02 15:09,81,9
L2762387,PY,PY-3,,-25.08,-57.26,"Arrozal Cue, Dpto. Cordillera",2026-09-17 05:54,92,8
L2762677,PY,PY-7,,-27.1111111,-56.3694444,"Arrozal, localidad San Rafael, Dpto. Itapúa (Ñeembucú)",2022-11-28 13:48,73,9
L2762840,PY,PY-8,,-26.6167,-57.483,"Arrozales del Tebicuary, Dpto. Misiones (Ñeembucú)",2012-02-01 17:00,95,1
L839417,PY,PY-ASU,,-25.2667806,-57.6373887,Asuncion--Club Mbigua,2026-05-16 15:21,154,46
L1621522,PY,PY-ASU,,-25.249005,-57.5723559,Asunción Jardin Botanico,2026-09-27 08:32,250,893
L2763171,PY,PY-ASU,,-25.286,-57.6328333,Asunción--Caballero y Azara,2026-09-20 07:30,46,6
L2763139,PY,PY-9,,-26.3356,-57.5205,Asunción--Campus Universidad Nacional de Asunción/Central,2026-01-11 12:07,11,2
L2762870,PY,PY-ASU,,-25.3410008,-57.6413155,Asunción--Cerro Lambaré,2026-03-08 13:39,142,46
L3369731,PY,PY-ASU,,-25.2678285,-57.6126051,Asunción--Lagunas Banco San Miguel,2026-05-14 09:23,204,337
L2762954,PY,PY-ASU,,-25.2701667,-57.6088333,Asunción--Mirador las Garzas,2026-02-01 20:30,174,217
L2762852,PY,PY-ASU,,-25.287,-57.651,Asunción--Parque Carlos Antonio López,2026-09-23 17:34,67,32
L2762997,PY,PY-ASU,,-25.2763888,-57.58055,Asunción--Parque de la Salud,2026-09-27 15:15,129,105
L2901490,PY,PY-ASU,,-25.2365151,-57.5807244,Asunción--Viñas Cue,2026-09-12 07:17,141,61
L72517533,PY,PY-19,,-22.747,-60.015,"Aurora Chaqueña, Neuland",2026-07-05 09:06,48,6
L2762710,PY,PY-8,,-27.3833333,-56.85,"Ayolas, Dpto. Misiones (Ñeembucú)",2026-09-26 12:38,261,146
L4898876,PY,PY-ASU,,-25.2725243,-57.6330543,Bahia de Asuncion,2026-09-23 13:11,298,708
L2762739,PY,PY-16,,-20.1841667,-58.2691667,"Bahía Negra y alrededores: línea 1, línea 2, Río Paraguay y Río Negro (Matogrosense)",2022-09-05 16:36,185,6
L2762771,PY,PY-16,,-20.23,-58.17,"Bahía Negra, Dpto. Alto Paraguay (Matogrosense)",2026-04-01 06:51,266,25
L15795345,PY,PY-ASU,,-25.2672098,-57.6280469,Bahía de Asunción--Banco San Miguel/Playa del Sol,2026-09-17 06:34,180,62
L2763108,PY,PY-ASU,,-25.2759824,-57.6230146,Bahía de Asunción--Costanera (hasta Gral. Santos),2026-09-21 16:43,220,471
L15800378,PY,PY-ASU,,-25.2756871,-57.6284623,Bahía de Asunción--Costanera Playa Central,2026-09-21 17:07,209,413
L2762855,PY,PY-ASU,,-25.2756667,-57.6366667,Bahía de Asunción--Parque Litoral (histórico),2026-09-21 16:36,132,72
L2762959,PY,PY-ASU,,-25.2799845,-57.6333164,Bahía de Asunción--desde el Cabildo (histórico),2026-09-11 07:51,114,32
L2762389,PY,PY-3,,-25.248,-57.328,"Balneario Dazunil, Dpto. Cordillera",2021-08-31 14:35,73,3
L2763182,PY,PY-10,,-25.5235,-54.6423333,Barrio Amambay 2,2013-12-29 00:00,23,0
L2762947,PY,PY-ASU,,-25.3016667,-57.5765,Barrio Mcal Estigarriba,2026-09-10 09:37,61,23
L7857379,PY,PY-ASU,,-25.2473923,-57.593688,Bañado Norte--Bañado Cara Cara,2026-09-16 18:37,75,10
L7652944,PY,PY-ASU,,-25.260033,-57.6067736,Bañado Norte--Costanera (entre rotondas),2026-04-11 12:03,110,17
L8339670,PY,PY-ASU,,-25.2479296,-57.5997399,Bañado Norte--Desembocadura Arroyo Mburicao,2026-04-11 11:32,130,125
L8323322,PY,PY-ASU,,-25.2619375,-57.6049375,Bañado Norte--Laguna Cara Cara,2026-09-20 09:14,107,12
L2763448,PY,PY-13,,-22.159,-56.499,Bella Vista Norte (Amambay),2023-05-01 06:56,184,2
L4757647,PY,PY-7,,-26.9965589,-55.5957127,Bella Vista Sur - Reserva Privada Yerba Selecta,2026-09-23 07:22,244,143
L2762723,PY,PY-7,,-27.08,-55.5,"Bella Vista, Dpto. Itapúa",2026-09-20 19:01,117,10
L2761589,PY,PY-15,,-25.0,-57.55,"Benjamin Aceval, Pte. Hayes (Bajo Chaco)",2026-08-01 10:11,229,46
L2762392,PY,PY-9,,-25.659,-56.909,"Bosque de Yvyraty, Dpto. Paraguari",2000-02-26 00:00,59,0
L2762394,PY,PY-3,,-25.247,-57.327,"Brisas del Mediterráneo, San Bernardino, Parque Nacional Ypacaray, Dpto. Cordillera",2006-01-07 00:00,56,0
L2763102,PY,PY-15,,-22.5865,-59.7131667,Buena Vista (Paraguay),2026-09-12 14:59,105,9
L2763043,PY,PY-6,,-26.1831667,-56.0823333,"Buena Vista, Dpto. Caazapá",2026-09-22 15:26,38,1
L2762396,PY,PY-9,,-25.45,-57.13,"Caacupé, Dpto. Cordillera",2026-09-01 11:32,62,5
L38017682,PY,PY-9,,-25.5792643,-56.9833315,Cabaña Arasarí.,2026-09-07 18:57,159,113
L2763137,PY,PY-9,,-25.5828333,-57.1026667,"Cabañas Mbatovi, Paraguarí",2025-02-16 16:21,14,3
L2762797,PY,PY-12,,-26.3833333,-57.7833333,"Cambushi, Estancia, Dpto. Ñeembucú (Ñeembucú)",2021-10-11 18:30,131,1
L2761853,PY,PY-19,,-22.5333333,-61.9166667,"Campamento Pelícano, Dpto. Boquerón (Alto Chaco)",2006-11-08 00:00,114,1
L2762825,PY,PY-16,,-20.7747222,-58.3080556,"Campamento ZZ, Dpto. Alto Paraguay (Matogrosense)",2002-07-20 00:00,105,0
L2761856,PY,PY-15,,-22.6666667,-59.5833333,"Campo Esperanza, Dpto. Pte. Hayes (Alto Chaco)"
L2761867,PY,PY-19,,-20.8366667,-61.8833333,"Campo Iris, Dpto. Boquerón (Alto Chaco)",2025-10-30 08:06,105,13
L2762179,PY,PY-8,,-26.7833333,-57.4166667,"Campo Llano, Dpto. Misiones (Ñeembucú)",2021-01-02 15:41,154,11
L2762398,PY,PY-9,,-26.05,-56.78,"Campo María Auxiliadora, Dpto. Paraguari",2008-01-20 00:00,107,0
L2761870,PY,PY-15,,-22.5689999,-59.3395615,"Campo María, Dpto. Pte. Hayes. (Alto Chaco)",2026-09-14 13:03,290,107
L3965636,PY,PY-11,,-25.3364627,-57.5137389,Campus - Universidad Nacional de Asunción,2026-09-14 09:04,183,340
L2762726,PY,PY-2,,-24.81,-55.93,"Capiibary, Reserva Ecológica, Dpto. Caaguazú",2002-11-30 00:00,101,0
L2762404,PY,PY-13,,-23.41,-56.0,"Capitan Bado, Dpto. Amambay"
L2762729,PY,PY-7,,-27.159,-55.749,"Capitán Miranda, Dpto. Itapúa",2005-06-11 00:00,47,0
L2762407,PY,PY-3,,-25.06,-57.2,"Carlos Franco Country and Golf Club, Dpto. Cordillera",2025-02-17 16:50,69,2
L2762412,PY,PY-7,,-27.21,-56.15,"Carmen del Paraná, Itapúa (Alto Paraná)",2026-07-16 12:20,139,14
L2761878,PY,PY-19,,-22.4833333,-62.2666667,"Carmencita, Dpto. Boquerón (Alto Chaco)",2024-04-23 06:54,21,1
L2763037,PY,PY-3,,-25.383333,-57.0966663,"Casa del Monte, Atyra, Dpto. Cordillera",2025-09-28 09:10,43,1
L2762415,PY,PY-2,,-23.629,-57.099,"Cayo Ortellado, Dpto. San Pedro",2002-07-26 00:00,38,0
L2761873,PY,PY-19,,-21.6333333,-62.35,"Cañada El Carmen, Reserva, Dpto. Boquerón (Alto Chaco)",2026-03-05 10:29,218,132
L2761876,PY,PY-19,,-21.6658333,-61.1116667,"Cañada La Paz, Dpto. Boquerón (Alto Chaco)",2003-06-06 00:00,8,1
L2762732,PY,PY-10,,-25.5,-54.75,"Centro Forestal Alto Paraná, Dpto. Alto Paraná",2016-09-06 14:54,55,2
L2762186,PY,PY-1,,-22.4166667,-57.1666667,"Cerrados de Concepción, Concepción (Campos Cerrados)",2025-09-23 12:38,354,4
L2762920,PY,PY-12,,-27.32,-57.605,"Cerrito, Dpto. Ñeembucú (Ñeembucú)",2021-07-30 11:33,127,3
L2762190,PY,PY-13,,-23.0833333,-56.0166667,"Cerro Guazú, Amambay (Campos Cerrados)",2002-07-02 00:00,127,0
L4849615,PY,PY-3,,-25.3028038,-57.1247531,Cerro Kavaju,2026-03-22 11:20,64,8
L44659920,PY,PY-11,,-25.3502796,-57.3561628,"Cerro Patiño, Itaugua",2026-09-25 07:13,151,103
L2762421,PY,PY-13,,-22.88,-56.18,"Cerro Sarambí, Dpto. Concepción",2006-07-11 00:00,105,0
L2761884,PY,PY-19,,-22.5,-60.0,"Chaco Central, Dptos. Boquerón-Presidente Hayes (Alto Chaco)",2026-07-25 14:32,218,7
L2761887,PY,PY-15,,-22.5450274,-59.3106724,"Chaco Lodge, Dpto. Pte. Hayes (Alto Chaco)",2026-09-21 19:15,307,263
L2761597,PY,PY-ASU,,-25.25,-57.63,"Chaco-í, Pte. Hayes (Bajo Chaco)",2022-01-05 16:30,162,14
L2762427,PY,PY-2,,-24.25,-56.58,"Chore, Dpto. San Pedro",1988-01-01 00:00,136,0
L2763184,PY,PY-10,,-25.5181667,-54.6301667,Ciudad del Este,2025-10-09 18:16,102,49
L2762353,PY,PY-10,,-25.5268333,-54.63,Ciudad del Este: Area 4,2024-10-05 05:19,53,3
L2763105,PY,PY-ASU,,-25.3191667,-57.6366667,Club Silvio Petirossi,2015-11-17 06:40,28,1
L2763152,PY,PY-1,,-22.265,-56.90167,"Colonia 6 de Enero Apa, Puentesiño, Concepción",2013-06-09 00:00,102,0
L2762983,PY,PY-16,,-21.6833333,-57.9,"Colonia Carmelo Peralta, Dpto. Alto Paraguay (Matogrosense)",2025-08-31 08:40,169,10
L2761900,PY,PY-19,,-22.3333333,-59.9166667,"Colonia Fernheim, Dpto. Pte. Hayes (Alto Chaco)",2021-04-11 17:40,5,0
L2763154,PY,PY-15,,-22.8038333,-59.8511667,Colonia Neuland
L2761398,PY,PY-13,,-22.33,-56.66,Colonia Rinconada (Amambay),2023-09-30 17:04,169,16
L4956441,PY,PY-14,,-24.2097111,-55.683925,Comunidad Aché Chupa Pou,2019-03-22 07:37,139,10
L2761530,PY,PY-1,,-23.0,-57.0,Concepción Dept. (Concepción),2025-03-01 11:26,39,3
L2761579,PY,PY-1,,-22.5,-57.5,Concepción norte (Concepción),2022-10-07 07:00,50,0
L2761619,PY,PY-1,,-23.41,-57.28,"Concepción, Ciudad (Concepción)",2025-09-25 07:32,17,1
L11634092,PY,PY-11,,-25.1539324,-57.5147442,"Costa Azul--Limpio, Central, PY (-25.174, -57.496)",2026-08-29 08:01,209,177
L15684542,PY,PY-14,,-24.0801151,-54.3055598,"Costanera de Salto del Guairá, Canindeyú, PY",2026-09-27 18:26,198,107
L2762962,PY,PY-10,,-25.5026667,-54.6678333,"Country Club Paraná, Alto Paraná",2011-12-28 07:30,50,1
L2763018,PY,PY-16,,-20.7508333,-58.5255556,"Cruce San Carlos, Dpto. Alto Paraguay (Matogrosense)",2026-04-04 13:45,85,0
L51956528,PY,PY-ASU,,-25.3407031,-57.6521113,"Desembocadura Arroyo Ferreira, Costanera Sur, Asunción",2026-09-16 08:11,81,10
L56995473,PY,PY-ASU,,-25.3454367,-57.6449572,"Desembocadura Arroyo Lambaré, Asunción",2026-09-21 20:48,38,3
L2763051,PY,PY-12,,-27.1166667,-58.1,"Desmochados, Dpto. Ñeembucú (Ñeembucú)",2025-12-07 08:58,130,8
L2762430,PY,PY-2,,-23.58,-57.0,"Don Luis, Dpto. San Pedro",2002-07-28 00:00,142,0
L2761653,PY,PY-13,,-22.158,-56.498,Dpt. Amambay (Amambay),2018-05-14 17:30,63,0
L2762734,PY,PY-7,,-27.158,-55.748,"El Tirol, Dpto. Itapúa",2018-06-21 10:00,212,8
L2762737,PY,PY-7,,-27.33,-55.83,"Encarnación, Dpto. Itapúa",2025-10-06 14:05,195,22
L2761906,PY,PY-15,,-23.8333333,-60.7666667,"Escalantes, Dpto. Boquerón (Alto Chaco)",2003-07-19 00:00,57,1
L2762475,PY,PY-3,,-24.96,-57.3,"Estación Puerto Olivares, Dpto. Cordillera",2026-09-22 20:25,282,216
L2761826,PY,PY-15,,-23.6930556,-60.0216667,"Estancia 10 Caballos, Pte. Hayes (Alto Chaco)",2002-03-25 00:00,125,1
L2761605,PY,PY-15,,-24.509,-59.049,"Estancia 11 de Junio, Pte. Hayes (Bajo Chaco)",2012-08-05 00:00,177,4
L2762743,PY,PY-6,,-25.74,-55.69,"Estancia 4 Vientos, Dpto. Caazapá",2002-06-28 00:00,117,0
L2762562,PY,PY-16,,-20.05,-58.4166667,"Estancia 42, Dpto. Alto Paraguay (Matogrosense)",1997-09-05 00:00,160,0
L2762438,PY,PY-3,,-25.245,-57.325,"Estancia Aguapey, Río Salado, Parque Nacional Ypacaray, Dpto. Central",2021-09-26 08:58,106,2
L2762441,PY,PY-2,,-23.55,-56.43,"Estancia Alegría, Dpto. San Pedro",2002-06-25 00:00,184,0
L2761843,PY,PY-15,,-22.5761111,-59.1652778,"Estancia Amalia, Dpto. Pte. Hayes (Alto Chaco)",1989-11-14 00:00,60,4
L2761731,PY,PY-13,,-22.18,-56.48,Estancia Apa mi (Amambay)
L2762929,PY,PY-1,,-22.2611667,-57.4726667,"Estancia Arrecife, Concepción",2026-01-18 07:00,289,96
L2762831,PY,PY-9,,-26.2755,-57.0658333,Estancia Barrerito,2018-12-07 05:45,134,3
L2762924,PY,PY-2,,-23.9758333,-57.2465,Estancia Buena Vista,2010-08-06 00:00,108,1
L2761593,PY,PY-15,,-23.93,-57.48,"Estancia Cachiveo, Pte. Hayes (Bajo Chaco)",2007-05-06 00:00,141,4
L2761864,PY,PY-16,,-19.7802778,-58.7819444,"Estancia Campo Grande, Alto Paraguay (Alto Chaco)",2003-01-09 00:00,156,3
L2761791,PY,PY-15,,-22.5666667,-59.5,Estancia Campo León,2023-07-03 14:50,27,3
L2762888,PY,PY-1,,-22.25,-57.9166667,"Estancia Casilda, Dpto. Alto Paraguay (Matogrosense)",1988-10-07 00:00,8,0
L2762950,PY,PY-16,,-21.45,-57.9333333,"Estancia Cerrito, Dpto. Alto Paraguay (Matogrosense)",2019-09-02 09:00,100,3
L2762444,PY,PY-2,,-24.75,-56.16,"Estancia Cerrito, Dpto. San Pedro",2000-07-03 00:00,80,0
L2761889,PY,PY-16,,-19.5875,-58.6991667,"Estancia Chovoreka, Dpto. Alto Paraguay (Alto Chaco)",2025-08-15 17:28,208,28
L2761896,PY,PY-19,,-20.6333333,-61.95,"Estancia Co'é Puajhú, Dpto. Boquerón (Alto Chaco)",2026-07-19 15:14,3,0
L2762447,PY,PY-1,,-23.16,-56.33,"Estancia Coe Porâ, Dpto. Concepción"
L2762746,PY,PY-14,,-24.07,-55.3,"Estancia Colorado, Dpto. Canindeyú",2003-05-10 00:00,115,0
L2762450,PY,PY-5,,-25.26,-56.13,"Estancia Don Federico, Dpto. Caaguazú",2002-09-11 00:00,102,0
L2762193,PY,PY-10,,-25.85,-54.85,"Estancia Don Oscar, Alto Paraná (Alto Paraná)",2001-08-24 00:00,213,0
L2763083,PY,PY-16,,-20.1833333,-58.15,"Estancia Dona Julia, Dpto. Alto Paraguay (Matogrosense)",2021-07-24 10:12,28,0
L2763093,PY,PY-15,,-23.5623333,-58.7581667,"Estancia Dos Hermanas, km 260 Ruta Transchaco",2026-09-12 11:30,40,1
L2762454,PY,PY-2,,-23.65,-56.18,"Estancia El Ciervo, Dpto. San Pedro",2005-11-14 07:00,61,2
L2761601,PY,PY-15,,-25.06,-57.83,"Estancia El Trébol, Pte. Hayes (Bajo Chaco)",2022-03-12 08:23,209,13
L2762372,PY,PY-1,,-22.1006432,-57.6155243,"Estancia Estrella, Dpto. Concepción, (Concepción)",2024-02-25 09:23,236,1
L2761910,PY,PY-19,,-21.7333333,-60.0166667,"Estancia Faro Moro, Dpto.Boquerón (Alto Chaco)",2025-07-17 08:45,129,7
L2762203,PY,PY-14,,-24.15,-55.6833333,"Estancia Felicidad, Canindeyú (Paraguay Central)",2026-09-22 15:31,225,1
L2762458,PY,PY-3,,-25.058,-57.378,"Estancia Ganadera Karandayty, Dpto. Cordillera",2003-07-06 00:00,78,0
L2761770,PY,PY-1,,-22.68,-57.36,Estancia Garay cue S.A. (Concepción),2018-08-20 06:30,249,15
L2763203,PY,PY-16,,-20.1136111,-58.4472222,"Estancia Gloria Paya de Ferreira, Alto Paraguay (Matogrosense)",2002-07-13 00:00,34,0
L2761924,PY,PY-19,,-22.65,-60.86,"Estancia Gran Siete, Dpto. Boquerón (Alto Chaco)",2023-01-16 10:48,104,1
L2763159,PY,PY-9,,-26.2231667,-57.2841667,Estancia Guajho,2020-10-16 16:45,111,9
L2762749,PY,PY-5,,-25.2,-56.06,"Estancia Guayaki, Dpto. Caaguazú",2021-08-15 14:00,212,0
L2762461,PY,PY-2,,-23.5,-56.38,"Estancia Guyra Campana, Dpto. San Pedro",2002-06-06 00:00,166,0
L2763275,PY,PY-11,,-25.6811373,-57.7190781,"Estancia Guyratî, Dpto. Central (Ñeembucú)",2026-04-02 08:06,146,2
L2762556,PY,PY-9,,-25.9937144,-57.05157,"Estancia Huerta Grande (ex-Mamoreí), Dpto. Paraguari",2022-09-08 07:12,138,3
L2763301,PY,PY-16,,-20.0833333,-58.1666667,"Estancia Inmaculada Concepcion, Alto Paraguay (Matogrosense)",1988-09-25 00:00,17,0
L2762752,PY,PY-5,,-25.03,-55.8,"Estancia Ita pytâ, Dpto. Caaguazú",2001-08-08 00:00,203,2
L2762211,PY,PY-14,,-24.4666667,-54.6333333,"Estancia Itabó, Canindeyú (Alto Paraná)",2016-02-24 06:14,330,29
L2762464,PY,PY-1,,-23.23,-56.2,"Estancia Ka¿i rague, Dpto. Amambay",2016-09-01 07:30,213,8
L2761939,PY,PY-19,,-22.5111111,-59.7605556,"Estancia Korakue, Pte. Boquerón (Alto Chaco)",2025-09-16 13:55,117,4
L2761943,PY,PY-19,,-22.6813333,-61.548,"Estancia La Conquista, Dpto. Boquerón (Alto Chaco)",1985-08-03 00:00,29,1
L2762468,PY,PY-14,,-24.51,-55.7,"Estancia La Fortuna, Dpto. Curuguaty",1991-06-01 00:00,192,1
L2761613,PY,PY-15,,-24.66,-57.66,"Estancia La Gauloise, Pte. Hayes (Bajo Chaco)",2004-05-29 00:00,195,7
L2761806,PY,PY-9,,-26.5166667,-56.8666667,"Estancia La Graciela, Dpto. Misiones (Ñeembucú)",2026-09-21 14:47,283,24
L2761616,PY,PY-15,,-24.37,-59.13,"Estancia La Manada, Pte. Hayes (Bajo Chaco)",2006-05-26 00:00,72,1
L2761950,PY,PY-19,,-21.3513889,-61.5211111,"Estancia La Patria, Dpto. Boquerón (Alto Chaco)",2024-02-03 07:10,70,7
L2762215,PY,PY-15,,-24.8833333,-57.45,"Estancia La Rafaela, Pte. Hayes (Bajo Chaco)",2026-09-14 07:34,271,95
L2761623,PY,PY-15,,-24.28,-58.67,"Estancia La Vanguardia, Pte. Hayes  (Bajo Chaco)",2005-11-26 00:00,165,3
L2762472,PY,PY-5,,-25.22,-56.17,"Estancia La Vencedora, Dpto. Caaguazú",2002-08-27 00:00,194,0
L2761627,PY,PY-15,,-23.63,-58.57,"Estancia La Victoria, Pte. Hayes (Bajo Chaco)",1997-09-29 00:00,161,8
L2762846,PY,PY-16,,-19.372,-59.819,"Estancia Laguna Porâ, Dpto. Alto Paraguay (Alto Chaco)",2024-02-19 12:00,109,4
L2761629,PY,PY-15,,-24.63,-57.88,"Estancia Las Delicias, Pte. Hayes (Bajo Chaco)"
L2763436,PY,PY-16,,-20.75,-57.95,"Estancia Maria Elena, Dpto. Alto Paraguay (Matogrosense)",1988-10-04 00:00,3,0
L2761632,PY,PY-15,,-24.46,-59.31,"Estancia Maria teresa, Pte. Hayes (Bajo Chaco)",2006-02-03 00:00,67,1
L2761636,PY,PY-15,,-23.43,-57.85,"Estancia Maroma, Pte. Hayes (Bajo Chaco)",1994-09-26 00:00,124,1
L2761650,PY,PY-12,,-27.16,-57.71,"Estancia Pariri, Pte. Hayes (Bajo Chaco)",1999-07-17 00:00,106,2
L2762478,PY,PY-13,,-23.21,-55.93,"Estancia Pa¿i Kuára, Dpto. Amambay",2006-01-23 00:00,112,1
L6126375,PY,PY-15,,-24.961482,-57.3693328,Estancia Playada,2026-05-28 07:00,242,82
L2761693,PY,PY-1,,-23.08,-57.5,Estancia Primavera (Concepción),2019-02-22 08:02,79,0
L2762483,PY,PY-5,,-25.24,-56.17,"Estancia Quinto Potrero, Dpto. Caaguazú",2002-09-10 00:00,227,0
L2762486,PY,PY-14,,-24.15,-55.51,"Estancia Rama 3, Dpto. Canindeyú",2004-02-21 00:00,145,0
L2762606,PY,PY-2,,-23.61,-57.05,"Estancia Rancho 75, Dpto. San Pedro",2002-07-14 00:00,148,0
L2762610,PY,PY-2,,-24.78,-56.16,"Estancia Rancho Adela, Dpto. San Pedro",2001-05-19 00:00,108,0
L2761659,PY,PY-15,,-24.05,-58.59,"Estancia Rancho Aroma, Pte. Hayes (Bajo Chaco)",2003-03-22 00:00,163,4
L2762056,PY,PY-19,,-22.1036111,-59.7588889,"Estancia Rancho K, Boquerón (Alto Chaco)",2012-05-27 00:00,117,3
L2762218,PY,PY-12,,-26.55,-58.0166667,"Estancia Redondo, Ñeembucú (Ñeembucú)",2005-10-23 00:00,153,0
L2762489,PY,PY-2,,-23.5,-57.4,"Estancia Ruoti, Dpto. San Pedro",2003-05-19 00:00,101,0
L2761517,PY,PY-12,,-26.5833333,-57.7833333,Estancia Salvese Quien Pueda (SQP) Dpto. Ñeembucú (Ñeembucú),2004-09-04 00:00,131,0
L2761402,PY,PY-16,,-21.0255556,-58.6402778,"Estancia San Andrés, Dpto. Alto Paraguay (Matogrosense)",2001-10-13 00:00,114,0
L2762755,PY,PY-5,,-25.3,-55.33,"Estancia San Antonio, Dpto. Alto Paraná",2026-04-06 18:24,190,1
L2762758,PY,PY-5,,-24.63,-55.51,"Estancia San Blas, Dpto. Caaguazú",2003-06-10 00:00,33,0
L2762492,PY,PY-5,,-25.16,-56.43,"Estancia San Ignacio, Dpto. Caaguazu"
L2762073,PY,PY-19,,-23.4894444,-60.7483333,"Estancia San José, Dpto. Boquerón (Alto Chaco)",2003-07-19 00:00,109,1
L2761721,PY,PY-15,,-24.49,-57.76,"Estancia San Juan, Pte. Hayes (Bajo Chaco)",2006-12-17 00:00,81,1
L2761830,PY,PY-1,,-22.398,-57.458,"Estancia San Luis de la Sierra, Arroyo La Paz (Concepción)",2016-05-12 13:01,194,5
L2761727,PY,PY-15,,-23.85,-59.83,"Estancia Sanidad, Pte. Hayes (Bajo Chaco)",2018-07-04 00:00,235,8
L2762221,PY,PY-15,,-23.9333333,-58.5833333,"Estancia Santa Asunción, Pte. Hayes (Bajo Chaco)",2001-03-08 00:00,221,2
L2761738,PY,PY-15,,-24.86,-57.64,"Estancia Santa Carmen, Pte. Hayes (Bajo Chaco)",2010-04-05 00:00,142,5
L2762495,PY,PY-2,,-23.51,-56.46,"Estancia Santa Librada, Dpto. San Pedro",2026-01-09 08:52,96,0
L2761746,PY,PY-15,,-24.9,-57.36,"Estancia Santa María del Doce, Pte. Hayes (Bajo Chaco)",2006-03-03 00:00,143,3
L2762501,PY,PY-2,,-23.53,-57.36,"Estancia Santa María, Dpto. San Pedro",2003-10-01 00:00,149,0
L2761469,PY,PY-12,,-26.0,-57.5333333,"Estancia Santa Oliva, Dpto. Ñeembucú (Ñeembucú)",1997-07-12 00:00,135,0
L2762504,PY,PY-5,,-25.26,-56.15,"Estancia Santa Rosa, Dpto. Caaguazú",2002-09-04 00:00,181,0
L2762083,PY,PY-19,,-22.54,-61.8638889,"Estancia Sol, Dpto. Boquerón (Alto Chaco)",1998-10-16 00:00,75,1
L2762224,PY,PY-3,,-25.0166667,-56.5833333,"Estancia Sombrero, Cordillera (Paraguay Central)",1995-08-20 00:00,247,3
L2761505,PY,PY-16,,-19.7911111,-58.6766667,"Estancia Sorpresa, Dpto. Alto Paraguay (Matogrosense)",2019-09-01 06:00,105,1
L2762509,PY,PY-6,,-26.33,-56.2,"Estancia Tarumá, Dpto. Caazapá",2024-10-08 06:29,140,0
L2762512,PY,PY-1,,-23.26,-56.28,"Estancia Terrado, Dpto. Concepción",2006-01-23 00:00,99,1
L2762094,PY,PY-19,,-23.5252778,-60.5280556,"Estancia Toro Mocho, Dpto. Boquerón (Alto Chaco)",2019-01-17 09:00,156,3
L2761547,PY,PY-16,,-20.1,-58.2666667,"Estancia Triunfo, Dpto. Alto Paraguay (Matogrosense)",1999-10-05 00:00,96,0
L2762102,PY,PY-19,,-21.3333333,-61.3333333,"Estancia Tte. Prieto, Dpto. Boquerón (Alto Chaco)",2001-03-01 00:00,72,1
L2762106,PY,PY-15,,-22.6497222,-58.4591667,"Estancia Tuparendá, Dpto. Pte. Hayes (Alto Chaco)",2002-11-08 00:00,116,1
L2762114,PY,PY-16,,-19.7102778,-58.9572222,"Estancia Uruguay, Dpto. Alto Paraguay (Alto Chaco)",2002-07-27 00:00,19,1
L2762515,PY,PY-2,,-23.93,-56.75,"Estancia Villa Josefina, Dpto. San Pedro",2002-09-04 00:00,121,0
L2761559,PY,PY-12,,-26.6305556,-58.1219444,"Estancia Yacaré, Dpto. Ñeembucú (Ñeembucú)",2026-07-21 13:23,171,4
L2762118,PY,PY-15,,-23.1972222,-59.1833333,"Estancia Yatamasit, Dpto. Pte. Hayes (Alto Chaco)",2022-05-28 16:10,85,2
L2762127,PY,PY-15,,-23.0666667,-59.2333333,"Estancia Zalazar, Dpto. Pte. Hayes (Alto Chaco)",2023-01-29 15:37,119,10
L2761640,PY,PY-15,,-24.26,-58.56,"Estancia Ñ, Pte. Hayes (Bajo Chaco)",2018-09-20 00:00,188,3
L2761802,PY,PY-1,,-22.76,-57.43,Estancia Ña Blanca (Concepción),2026-09-21 10:55,221,81
L2761642,PY,PY-15,,-23.41,-58.66,"Estancia, Fortin Orihuela, Pte. Hayes (Bajo Chaco)"
L2761456,PY,PY-12,,-27.0875,-58.4152778,"Estancia, San Solano, Dpto. Ñeembucú (Ñeembucú)",2021-01-22 08:04,145,3
L2762076,PY,PY-19,,-23.5941667,-60.6738889,"Estancia, Santa Herminia, Dpto. Boquerón (Alto Chaco)",2004-06-18 00:00,113,1
L2761575,PY,PY-12,,-26.7222222,-57.945,"Estancia, Yvera, Dpto. Ñeembucú (Ñeembucú)",2009-02-25 12:00,165,1
L2762226,PY,PY-15,,-25.0,-57.7333333,"Estancias Golondrina: El Trébol, Pte. Hayes (Bajo Chaco)",2026-09-19 07:22,319,107
L2762518,PY,PY-3,,-25.244,-57.324,"Estanzuela, Parque Nacional Ypacaray, Dpto. Central",2006-01-01 00:00,70,0
L2762235,PY,PY-6,,-26.3166667,-55.95,"Estero Cabacuá, Caazapá (Paraguay Central)",2021-06-22 13:00,27,1
L2762249,PY,PY-7,,-27.1,-56.4666667,"Estero Kuruñai, Itapúa (Ñeembucú)",2021-10-26 18:50,47,4
L2762254,PY,PY-7,,-26.9166667,-56.0666667,"Estero San José, Itapúa (Paraguay Central)",2026-09-06 14:54,106,5
L2762258,PY,PY-7,,-27.05,-56.2333333,"Estero Ypyta, Itapúa (Ñeembucú)",2011-05-04 16:00,100,4
L2762245,PY,PY-7,,-27.2333333,-56.3166667,"Estero de San Mauricio, Itapúa (Ñeembucú)",2026-08-06 11:06,97,7
L2762926,PY,PY-8,,-27.267,-56.767,"Estero Ñeembucú, Dpto. Misiones, región Ñeembucú",2026-04-25 16:21,87,5
L2762230,PY,PY-7,,-26.9333333,-56.3,"Estero Ñu Guazú: General Artigas, Itapúa (Ñeembucú)",2026-09-07 07:26,182,61
L2762941,PY,PY-ASU,,-25.2965,-57.5528333,Fabrica de Pepsi (vieja),2026-05-25 17:27,25,3
L2761914,PY,PY-19,,-22.35,-60.0333333,"Filadelfia, Dpto. Boquerón (Alto Chaco)",2026-09-15 07:58,218,59
L2763003,PY,PY-15,,-25.161389,-57.603056,Finca 916 (Bajo Chaco),2024-09-12 09:45,37,4
L2761851,PY,PY-19,,-22.7666667,-59.95,"Fortín Boquerón, Dpto. Boquerón (Alto Chaco)",2026-09-12 19:53,127,18
L2761998,PY,PY-19,,-23.5,-60.0833333,"Fortín Mayor R. Avalos Sanchez, Dpto. Boquerón (Alto Chaco)",1999-09-30 00:00,58,2
L2763117,PY,PY-16,,-19.9658333,-58.2044444,"Fortín Patria, Dpto. Alto Paraguay (Matogrosense)",2022-08-14 09:31,291,16
L2762262,PY,PY-19,,-22.3553571,-60.3417708,"Fortín Toledo, Dpto. Boquerón (Alto Chaco)",2026-09-22 07:50,262,305
L2762098,PY,PY-19,,-22.0833333,-59.9166667,"Fortín Tte. Montanía, Dptos. Boquerón-Alto Paraguay (Alto Chaco)",2019-08-29 19:30,89,4
L2763144,PY,PY-1,,-22.4833333,-57.8,"Frente a Puerto Fonciere, Dpto. Pte. Hayes (Matogrosense)"
L2762849,PY,PY-11,,-25.3318333,-57.5451667,Frigorifico Guarani: Predio Fernando de la Mora,2026-09-21 07:51,37,0
L2763179,PY,PY-16,,-21.0363889,-57.8697222,"Fuerte Olimpo, Dpto. Alto Paraguay (Matogrosense)",2022-12-22 09:41,140,5
L2762523,PY,PY-2,,-23.628,-57.098,"Galive, Dpto. San Pedro",2002-07-24 00:00,176,0
L54536103,PY,PY-19,,-22.467421,-59.872315,Giesbrechts Park,2026-09-15 13:11,36,4
L2762526,PY,PY-9,,-25.959,-56.809,"Gloria Elizabeth, Dpto. Paraguari",2003-05-22 00:00,18,0
L2761921,PY,PY-19,,-23.5727778,-60.575,"Gral. Díaz, Dpto. Boquerón (Alto Chaco)",2026-05-09 21:07,96,7
L2762533,PY,PY-ASU,,-25.2991203,-57.6378908,Gran Asunción,2020-02-28 08:46,216,2
L2763114,PY,PY-ASU,,-25.2638333,-57.543,Gran Asunción--Parque Guasu Metropolitano,2026-09-27 07:19,288,1692
L2762873,PY,PY-11,,-25.2662761,-57.5372458,"Gran Asunción--Parque Ñu Guasu, Luque",2026-09-22 11:07,194,169
L2762536,PY,PY-3,,-25.41,-56.91,"Granja de Karin Krone, Dpto. Cordillera",2000-04-16 00:00,73,0
L2763241,PY,PY-12,,-26.8722222,-57.9911111,"Guasu cua, Dpto. Ñeembucú (Ñeembucú)",2026-05-01 13:23,175,10
L2763262,PY,PY-16,,-19.8091667,-58.6233333,"Guyra Toro, Campamento, Dpto. Alto Paraguay (Matogrosense)",2002-10-06 00:00,175,0
L2762761,PY,PY-10,,-25.33,-54.66,"Hernandarias, Dpto. Alto Paraná",2022-10-03 17:37,47,1
L2761893,PY,PY-1,,-23.4,-56.88,Horqueta (Concepción),2026-09-14 06:07,252,2
L1319170,PY,PY-7,,-27.183576,-55.7778078,Hotel Tirol,2024-11-10 11:35,256,68
L2762883,PY,PY-15,,-23.5628333,-58.3583333,Hotel del Lago,2010-03-31 00:00,24,1
L2763289,PY,PY-12,,-27.065,-58.5080556,"Humaitá, Dpto. Ñeembucú (Ñeembucú)",2024-11-12 15:26,153,12
L5898352,PY,PY-15,,-24.9908717,-57.5370634,Humedal de Benjamin Aceval,2026-08-01 06:18,228,160
L5008185,PY,PY-ASU,,-25.2192295,-57.5727153,Isla Caacupe mi,2016-11-06 09:30,49,5
L2761927,PY,PY-19,,-22.5,-59.7333333,"Isla Po'i, Dpto. Pte. Hayes (Alto Chaco)",2026-09-13 07:12,154,83
L2763321,PY,PY-12,,-27.1333333,-57.9333333,"Isla Ro'y, Dpto. Ñeembucú (Ñeembucú)",2002-03-06 00:00,30,0
L2762764,PY,PY-10,,-24.91,-55.16,"Itakyry, Dpto. Alto Paraná"
L2761929,PY,PY-1,,-22.75,-57.86,Itapucu-mi (Concepción)
L2762539,PY,PY-4,,-25.85,-56.61,"Itapé, Dpto. Guairá",2026-05-07 11:07,44,0
L2762935,PY,PY-11,,-25.5078333,-57.3641667,"Itá, Dpto. Central",2026-01-13 09:05,60,19
L2762994,PY,PY-ASU,,-25.317,-57.5865,Jockey Club,2026-05-13 11:59,32,5
L2761932,PY,PY-19,,-22.6823333,-61.549,"Jurado (Fn. Pratts Gill), Dpto. Boquerón (Alto Chaco)"
L2762269,PY,PY-5,,-24.7333333,-55.6833333,"Ka'aguy Rory, Caaguazú (Alto Paraná)",2002-11-25 00:00,227,0
L2761936,PY,PY-16,,-19.845,-58.7544444,"Kamba Akâ, Dpto. Alto Paraguay (Alto Chaco)",2003-01-09 00:00,201,5
L2762542,PY,PY-14,,-24.26,-55.35,"Koe Tuvy, Dpto. Canindeyú",2007-03-10 00:00,183,0
L2761946,PY,PY-16,,-19.9838889,-59.3025,"La Esperanza, Estancia, Dpto. Alto Paraguay (Alto Chaco)",2002-10-03 00:00,38,1
L2762545,PY,PY-3,,-25.243,-57.323,"La Gruta, San Bernardino, Parque Nacional Ypacaray, Dpto. Cordillera",2025-07-20 16:37,137,3
L2762548,PY,PY-9,,-25.559,-57.079,"La Quinta, Dpto. Paraguari",2023-01-28 16:49,41,0
L2762272,PY,PY-7,,-26.7,-56.0333333,"La Yegreña, Itapúa (Paraguay Central)",2011-05-05 14:00,99,1
L2761953,PY,PY-16,,-19.8752778,-60.9,"Lagerenza, Dpto. Alto Paraguay (Alto Chaco)",2023-05-24 10:00,109,2
L2762552,PY,PY-3,,-25.242,-57.322,"Lago Ypacaray, Parque Nacional Ypacaray, Dpto. Cordillera",2022-01-15 18:58,89,9
L2762275,PY,PY-12,,-26.0833333,-57.4833333,"Lago Ypoa, Paraguari (Ñeembucú)",2026-05-24 14:18,145,0
L5747703,PY,PY-10,,-25.5154505,-54.619626,"Lago de la República, Ciuded del Este",2026-09-27 11:02,186,232
L2762183,PY,PY-2,,-23.7666667,-56.2833333,"Laguna Blanca, San Pedro (Paraguay Central)",2026-09-27 18:13,349,69
L2761956,PY,PY-15,,-23.0844444,-59.6525,"Laguna Bombacha, Reserva, Dpto. Boquerón (Alto Chaco)",2009-07-01 09:00,161,6
L2762139,PY,PY-15,,-23.0666667,-59.25,Laguna Buena Vista,2022-09-21 11:00,21,0
L2761959,PY,PY-15,,-22.5402778,-59.6763889,"Laguna Capitán, Dpto. Pte. Hayes (Alto Chaco)",2026-09-15 19:14,306,596
L2761819,PY,PY-16,,-20.05,-58.58333,Laguna Cruce Pioneros,2011-07-23 00:00,12,0
L3073774,PY,PY-15,,-22.5586168,-59.4746161,Laguna Cruze,2026-09-15 12:10,82,21
L2761962,PY,PY-19,,-22.49421,-59.83006,"Laguna Curucau, Dpto. Boquerón (Alto Chaco)",2025-07-05 17:07,191,27
L2763366,PY,PY-12,,-27.1419444,-58.1094444,"Laguna Flora, Dpto. Ñeembucú (Ñeembucú)",2004-06-06 00:00,1,0
L2761970,PY,PY-15,,-22.5766667,-59.6063889,"Laguna Ganso, Pte. Hayes (Alto Chaco)",2026-09-14 09:29,167,18
L2762278,PY,PY-15,,-22.3166667,-59.05,"Laguna Ganzo, Pte. Hayes (Alto Chaco)",2005-07-17 00:00,182,5
L2763219,PY,PY-16,,-21.1316667,-58.5527778,"Laguna Gral. Díaz, Dpto. Alto Paraguay (Matogrosense)",2022-09-08 15:51,171,11
L2761977,PY,PY-15,,-22.3,-59.0166667,"Laguna Gral. Díaz, Dpto. Pte. Hayes (Alto Chaco)"
L2763310,PY,PY-16,,-20.9966667,-58.725,"Laguna Inmakata, Dpto. Alto Paraguay (Matogrosense)",2003-09-13 00:00,165,0
L2763377,PY,PY-12,,-26.5994444,-57.9594444,"Laguna Ita, Dpto. Ñeembucú (Ñeembucú)",2018-05-24 16:36,61,3
L2763096,PY,PY-15,,-22.5718333,-59.5431667,Laguna León,2026-09-20 12:14,185,88
L2763099,PY,PY-15,,-22.5543333,-59.437,Laguna Lucero,2026-09-12 18:24,141,60
L2761980,PY,PY-15,,-22.9166667,-59.5,"Laguna Millón, Estancia, Dpto. Pte. Hayes (Alto Chaco)"
L2763464,PY,PY-16,,-21.07,-58.8844444,"Laguna Morocha, Dpto. Alto Paraguay (Matogrosense)",2013-07-06 08:00,135,0
L2761966,PY,PY-1,,-23.08,-57.16,Laguna Negra (Concepción),1985-10-18 00:00,20,0
L2761811,PY,PY-15,,-22.39,-59.33333,"Laguna Parque, Pozo Amarillo",2008-10-23 13:00,11,0
L2763391,PY,PY-8,,-27.3116667,-57.2569444,"Laguna Porâ, Dpto. Misiones (Ñeembucú)",1999-09-18 00:00,163,0
L2763673,PY,PY-16,,-21.1105556,-58.79,"Laguna Rial, Dpto. Alto Paraguay (Matogrosense)",2003-09-14 00:00,132,0
L2762066,PY,PY-15,,-22.6272222,-59.0452778,"Laguna Rojas Silva, Dpto. Pte. Hayes (Alto Chaco)",2011-10-06 16:00,147,4
L2761766,PY,PY-15,,-22.55,-59.2833,Laguna Salada Macas,2025-12-20 19:45,110,3
L2761493,PY,PY-12,,-27.1511111,-58.6002778,"Laguna Sisi, Dpto. Ñembucú (Ñeembucú)",2022-07-09 13:00,111,1
L14553244,PY,PY-14,,-24.4688297,-55.2186708,"Laguna Vera, Ruta 10, Curuguaty, Canindeyu",2024-02-12 12:35,33,10
L55610089,PY,PY-ASU,,-25.3111212,-57.6604877,"Laguna Yrupé, Costanera Sur, Asunción, PY (-25.311, -57.66)",2026-04-10 08:40,27,2
L51695090,PY,PY-ASU,,-25.3316988,-57.6572398,"Laguna Yukyty, Costanera Sur, Asunción",2026-09-19 15:00,124,44
L10070865,PY,PY-4,,-25.7943608,-56.4661582,"Lagunas AFSA, Villarrica",2026-09-08 08:45,200,77
L2762284,PY,PY-15,,-22.55,-59.3833333,"Lagunas Saladas: Riacho Yacaré, Pte. Hayes (Alto Paraguay)",2022-08-28 09:20,229,16
L2761982,PY,PY-15,,-22.8833333,-59.6166667,"Lichtenau, Aldea, Dpto. Boquerón (Alto Chaco)"
L2762287,PY,PY-10,,-24.7833333,-54.4333333,"Limoy, Alto Paraná (Alto Paraná)",2026-09-25 16:47,279,51
L2761817,PY,PY-16,,-20.23333,-58.1833333,Linea 2: Pantanal,2026-03-31 18:36,68,1
L10279605,PY,PY-15,,-22.466997,-59.582162,Loma Plata,2026-07-04 15:17,50,7
L2761994,PY,PY-19,,-22.3833333,-59.8333333,"Loma Plata, Dpto. Boquerón (Alto Chaco)",2026-07-25 13:33,208,31
L2763426,PY,PY-16,,-20.0783333,-58.1611111,"Los Tres Gigantes, estación biológica, Dpto. Alto Paraguay (Matogrosense)",2026-04-04 06:31,304,145
L2763404,PY,PY-16,,-20.0897222,-58.4686111,"Línea 1, km 35, Dpto. Alto Paraguay (Matogrosense)",2022-09-05 18:26,90,5
L2761986,PY,PY-16,,-19.7922222,-59.38,"Línea 14, Dpto. Alto Paraguay (Alto Chaco)",2004-08-22 11:00,66,1
L2761990,PY,PY-16,,-19.6947222,-58.8019444,"Línea 28, Dpto. Alto Paraguay (Alto Chaco)",2022-11-19 07:44,136,3
L4978294,PY,PY-14,,-24.1865141,-55.279133,Mbaracayú--Aguara Ñú,2026-01-30 05:39,279,149
L4978286,PY,PY-14,,-24.1342217,-55.5285391,Mbaracayú--Jejuimi,2026-09-27 08:21,359,936
L4978290,PY,PY-14,,-24.1356419,-55.4301815,Mbaracayú--Lagunita,2025-06-21 14:23,266,74
L77130966,PY,PY-14,,-24.13064,-55.501308,Mbaracayú--camino interno,2026-09-27 08:00,48,1
L77067397,PY,PY-14,,-24.122262,-55.544535,Mbaracayú--ingreso,2026-09-27 10:14,120,25
L2762899,PY,PY-9,,-25.57,-57.08,"Mbatoví, eco-reserva, Dpto. Paraguari",2026-09-18 14:14,89,5
L2762971,PY,PY-3,,-25.37,-56.74,"Mbocayaty del Yaghuy, Dpto. Cordillera (Paraguay Central)",2025-06-10 08:08,54,3
L2762005,PY,PY-19,,-23.0277778,-61.7941667,"Mistolar, Dpto. Boquerón (Alto Chaco)",2019-07-02 06:00,146,6
L2762769,PY,PY-10,,-25.649,-54.599,"Monumento Científico Moisés Bertoni, Dpto. Alto Paraná",2025-11-14 16:04,197,24
L54057889,PY,PY-11,,-25.325999,-57.39736,Monumento Natural Cerro Kõi,2026-09-23 08:45,63,2
L2762290,PY,PY-5,,-24.6166667,-55.3666667,"Morombi, Caaguazú (Paraguay Central)",2016-08-12 06:45,297,10
L2762571,PY,PY-9,,-25.96,-56.8,"Municipalidad de La Colmena, Dpto. Paraguari",2003-05-22 00:00,8,0
L2762009,PY,PY-19,,-22.65,-60.1333333,"Neuland, Dpto. Boquerón (Alto Chaco)",2026-09-15 08:41,144,40
L2762574,PY,PY-2,,-23.73,-56.3,"Norte Yboty, Dpto. San Pedro",2026-08-03 09:52,69,2
L2763489,PY,PY-11,,-25.6156667,-57.499,"Nueva Italia, Dpto. Central (Ñeembucú)",2021-01-18 16:37,95,2
L2763502,PY,PY-11,,-25.6146667,-57.498,"Nueva Italia, Dpto. Central, 4 km del centro, Laguna Ybera, Quinta de Palo Rubin (Ñeembucú)",2025-09-27 19:29,99,2
L2763515,PY,PY-16,,-20.7825,-58.4780556,"Obraje San Carlos, Dpto. Alto Paraguay (Matogrosense)",1997-10-22 00:00,7,0
L4020912,PY,PY-3,,-25.2312258,-57.3405433,Observatorio de aves Yvy marane'y,2025-10-11 09:10,121,22
L2762131,PY,PY-ASU,,-25.2905,-57.6018333,Oficina de Guyra/BirdLife,2025-11-21 18:41,96,35
L2762013,PY,PY-19,,-22.3,-59.8833333,"Orloff, Aldea, Dpto. Boquerón (Alto Chaco)",2011-07-14 00:00,1,0
L2762580,PY,PY-2,,-23.7,-56.15,"Paetzold, Dpto. San Pedro",2005-11-11 00:00,39,0
L2761646,PY,PY-15,,-25.03,-57.51,"Palma Sola, Estancia, Pte. Hayes (Bajo Chaco)",2026-07-11 11:58,200,40
L2762017,PY,PY-16,,-19.5502778,-60.5266667,"Palmar de las Islas, Dpto. Alto Paraguay (Alto Chaco)",2023-07-24 10:58,170,17
L2394928,PY,PY-1,,-22.6400466,-57.8872633,Pampas de Puerto Pinasco,1925-09-25 00:00,10,0
L2762837,PY,PY-8,,-26.7,-56.7,"Paraíso, Arrozal Mansur, Dpto. Misiones (Ñeenbucú)",2010-12-14 15:00,83,2
L2762965,PY,PY-ASU,,-25.2805,-57.6203333,Parque Caballero,2025-11-09 10:08,68,21
L2762896,PY,PY-11,,-25.2781667,-57.4013333,"Parque Ecológico Isla Valle, Aregua",2025-05-02 10:06,41,2
L2762020,PY,PY-16,,-19.9402778,-61.7336111,"Parque Ecológico, Dpto. Alto Paraguay (Alto Chaco)",2003-08-11 00:00,79,1
L2762293,PY,PY-6,,-26.0833333,-55.6333333,"Parque Nacional Caazapá, Caazapá (Alto Paraná)",2026-09-23 17:07,288,55
L2762583,PY,PY-13,,-22.65,-56.0,"Parque Nacional Cerro Cora, Dpto. Amambay",2026-07-21 14:01,340,325
L2761754,PY,PY-16,,-20.31,-60.31,"Parque Nacional Defensores del Chaco, Dpto. Alto Paraguay (Alto Chaco)",2025-11-01 07:19,308,56
L2762000,PY,PY-19,,-20.29,-61.58,"Parque Nacional Médanos del Chaco, Dpto. Boquerón-Alto Paraguay (Alto Chaco)",2019-05-18 07:30,159,12
L2762161,PY,PY-1,,-22.41,-57.16,Parque Nacional Paso Bravo (Concepción),2013-06-10 00:00,224,0
L2761799,PY,PY-16,,-19.92,-58.3,"Parque Nacional Río Negro, Dpto. Alto Paraguay (Matogrosense)",2003-01-10 00:00,156,0
L2762791,PY,PY-7,,-26.43,-55.8,"Parque Nacional San Rafael, Dptos. Itapúa y Caazapá (Alto Paraná)",2026-09-22 06:24,430,98
L2762042,PY,PY-1,,-22.6,-57.43,Parque Nacional Serranía San Luis (Concepción),2026-07-09 08:35,297,95
L2762087,PY,PY-19,,-21.02,-61.66,"Parque Nacional Teniente Enciso, Dpto Boquerón (Alto Chaco)",2026-07-19 17:30,242,130
L2762304,PY,PY-15,,-23.7833333,-60.2166667,"Parque Nacional Tinfunque: Estero Patiño, Pte. Hayes (Bajo Chaco)",2011-10-26 00:00,186,3
L2762586,PY,PY-9,,-26.08,-56.8,"Parque Nacional Ybycui, Dpto. Paraguari",2026-09-21 07:11,368,780
L2762590,PY,PY-3,,-25.241,-57.321,"Parque Nacional Ypacaray, Dptos. Central y Cordillera",2025-02-23 08:05,143,17
L2763129,PY,PY-ASU,,-25.2731667,-57.65,Parque Solidaridad,2026-09-12 17:54,196,190
L2762307,PY,PY-2,,-23.7333333,-56.0833333,"Paso Curuzú, San Pedro (Paraguay Central)",2005-11-11 00:00,113,1
L2762080,PY,PY-1,,-23.08,-57.41,Paso Horqueta (Concepción),2025-02-28 08:41,183,2
L2762974,PY,PY-13,,-22.55,-55.73,"Pedro Juan Caballero, Amambay",2026-05-15 17:54,57,12
L2762024,PY,PY-19,,-22.45,-62.3333333,"Pedro P. Peña, Dpto. Boquerón (Alto Chaco)",2003-07-16 08:00,65,3
L2762122,PY,PY-1,,-23.01,-57.2,Peguaho (Concepción)
L2762028,PY,PY-16,,-19.5833333,-59.2666667,"Picada Chovoreca y Línea 3, Dto. Alto Paraguay (Alto Chaco)",2025-07-01 16:30,125,13
L2763529,PY,PY-12,,-26.8666667,-58.3,"Pilar, Capital Dpto. Ñeembucú (Ñeembucú)",2026-05-16 16:34,247,115
L2762834,PY,PY-15,,-24.1833,-58.295,"Pirahú, Pte. Hayes (Bajo Chaco)",2026-09-15 16:06,154,18
L2762597,PY,PY-9,,-25.63,-57.15,"Piribebuy, Dpto. Cordillera",2026-09-20 12:41,68,2
L2762314,PY,PY-19,,-22.9333333,-60.3166667,"Pirizal, Boquerón (Alto PAraguay)",2025-11-12 08:13,170,15
L7917924,PY,PY-11,,-25.4100929,-57.5818412,Playa - Ex Calera San Antonio,2026-09-27 18:18,278,765
L2763142,PY,PY-11,,-25.3031667,-57.3745,"Playa Areguá, Lago Ypacaraí.",2026-09-13 12:08,130,30
L57663843,PY,PY-1,,-23.0644125,-57.3900461,Playa Municipal Aquidaban - Paso Horquetaa,2026-09-21 14:37,37,7
L7917835,PY,PY-11,,-25.3625647,-57.3021439,Playa Municipal de Ypacarai,2026-09-06 10:33,186,78
L2762944,PY,PY-ASU,,-25.2803333,-57.6336667,Plaza Cabildo,2026-09-21 09:24,55,11
L2762909,PY,PY-ASU,,-25.2881667,-57.6421667,Plaza Italia,2026-09-14 17:34,42,4
L2763132,PY,PY-ASU,,-25.2953333,-57.6276667,Plaza Julio César Franco,2026-03-03 19:17,36,3
L22013025,PY,PY-ASU,,-25.2848258,-57.6300716,Plaza Uruguaya,2026-09-19 06:55,14,1
L2762034,PY,PY-15,,-22.6583333,-59.5591667,"Pozo Amarillo, Dpto. Pte. Hayes (Alto Chaco)",2005-04-27 00:00,128,2
L2761657,PY,PY-15,,-23.499,-58.799,"Pozo Colorado, Pte. Hayes (Bajo Chaco)",2024-01-27 00:41,137,7
L2762038,PY,PY-19,,-22.25,-62.51,"Pozo Hondo, Dpto. Boquerón (Alto Chaco)",2026-07-10 14:13,171,4
L3567463,PY,PY-15,,-25.2441241,-57.6770639,Puente Parara,2025-05-14 08:03,193,85
L2763541,PY,PY-16,,-20.3833333,-58.1333333,"Puerto 14 de Mayo, Dpto. Alto Paraguay (Matogrosense)",2015-07-03 17:00,36,2
L2763554,PY,PY-16,,-20.2,-58.2,"Puerto Caballo, Dpto. Alto Paraguay (Matogrosense)",2024-08-13 09:58,19,3
L2763565,PY,PY-16,,-22.3333333,-57.9166667,"Puerto Casado (La Victoria), Dpto. Alto Paraguay (Matogrosense)",2024-03-18 07:47,107,1
L2763580,PY,PY-16,,-20.4333333,-58.1,"Puerto Esperanza y Rancho Esperanza, 8 Km S of Puerto Esperanza.  (Matogrosense)",1988-10-02 00:00,2,0
L2762199,PY,PY-1,,-22.48,-57.8,Puerto Fonciere  (Concepción),1999-10-13 00:00,155,0
L2762794,PY,PY-10,,-25.648,-54.598,"Puerto Gibaja, Dpto. Alto Paraná",2025-10-22 11:59,11,10
L2762980,PY,PY-16,,-21.28,-57.93,"Puerto Guarani, Alto Paraguay",2017-02-09 07:00,19,1
L2763156,PY,PY-10,,-25.9073333,-54.624,"Puerto Irala, Alto Paraná",2025-12-29 11:00,63,10
L2762600,PY,PY-2,,-24.21,-57.15,"Puerto Jejui, Dpto. San Pedro",2003-04-17 00:00,119,0
L2763045,PY,PY-16,,-20.032,-58.1735,Puerto Mercedes,2018-01-05 16:30,78,3
L2762603,PY,PY-2,,-23.58,-57.41,"Puerto Milagro, Dpto. San pedro",1988-09-16 00:00,1,0
L12420955,PY,PY-11,,-25.3835687,-57.619556,"Puerto Pabla, Lambaré, Central, PY (-25,384, -57,62)",2026-08-23 08:54,196,149
L2763593,PY,PY-15,,-22.6166667,-58.0333333,"Puerto Pinasco, 25 km W, Dpto. Pte. Hayes (Matogrosense)",1920-09-01 00:00,4,0
L2762241,PY,PY-1,,-22.71,-57.83,"Puerto Pinasco, Cerro Lorito (Concepción)",1920-09-06 00:00,6,0
L2763605,PY,PY-1,,-22.6458333,-57.8402778,"Puerto Pinasco, Dpto. Pte. Hayes (Matogrosense)",2021-08-05 11:21,7,0
L2763012,PY,PY-10,,-25.56393,-54.611583,Puerto Presidente Franco,2026-04-08 07:44,22,3
L2762281,PY,PY-1,,-22.35,-57.83,Puerto Risso (Concepción)
L2762046,PY,PY-19,,-22.0833333,-59.3333333,"Punta Riel, Dptos. Boquerón-Alto Paraguay-Pte. Hayes (Alto Chaco)",2022-08-16 10:33,67,4
L2762049,PY,PY-19,,-21.1441667,-59.7522222,"Punto 14, Dpto. Boquerón-Alto Paraguay (Alto Chaco)",2025-07-17 11:40,148,2
L2762052,PY,PY-16,,-19.8730556,-58.8025,"Punto Alto, Dpto. Alto Paraguay (Alto Chaco)",2021-09-30 17:05,128,3
L2762566,PY,PY-14,,-24.11,-55.26,"RNB Mbaracayú, Dpto. Canindeyú (Paraguay Central)",2021-09-27 09:05,411,63
L2763124,PY,PY-5,,-25.2426667,-56.283,Rancho Rosalba,2018-06-29 10:00,57,1
L2763168,PY,PY-ASU,,-25.3045365,-57.6675797,Rancho del Club Sajonia,2026-05-15 17:01,133,16
L14073994,PY,PY-14,,-24.0553062,-54.2989353,Refugio Biológico Binacional Mbaracayú,2026-09-27 21:07,272,203
L2762804,PY,PY-10,,-25.2,-54.51,"Refugio Biológico Pikiry, Dpto. Alto Paraná",2026-08-16 07:43,156,28
L2762807,PY,PY-10,,-25.36,-54.58,"Refugio Biológico Tati Yupi, Dpto. Alto Paraná",2026-09-26 15:37,262,53
L2762323,PY,PY-14,,-24.35,-54.4,"Refugio Carapá, Canindeyú (Alto Paraná)",2026-07-08 16:30,270,67
L12263956,PY,PY-7,,-27.065182,-56.178375,Reserva Chopî Sa’yju “EBY” (ex San Miguel Potrero),2026-03-08 19:54,255,113
L56800212,PY,PY-11,,-25.1974535,-57.4306092,"Reserva Ecológica Aguapey, Limpio/Luque, Central, PY",2026-09-26 08:49,180,107
L2762150,PY,PY-7,,-26.516,-55.7668333,Reserva Guyra Reta,2026-09-27 06:00,378,212
L2762327,PY,PY-10,,-25.0333333,-54.65,"Reserva Itabó: Itaipú, Alto Paraná (Alto Paraná)",2026-05-09 07:06,260,53
L2762819,PY,PY-10,,-25.76,-54.94,"Reserva Natural Kuri'y, Dpto. Alto Paraná",2001-08-28 00:00,177,1
L4108973,PY,PY-5,,-25.3608333,-54.9747222,Reserva Natural Privada Yguazu,2025-09-11 11:24,123,12
L2212234,PY,PY-14,,-24.160685,-55.3936906,Reserva Natural del Bosque Mbaracayú,2026-09-27 10:14,439,1341
L2762310,PY,PY-1,,-22.397,-57.457,Reserva Tagatiya mi.  (Concepción)
L2763057,PY,PY-10,,-25.03883,-54.50861,"Reserva Yvyty Rokái, Itaipú, Alto Paraná",2026-08-25 11:12,113,17
L2762816,PY,PY-10,,-26.04,-54.67,"Reserva Ñacunday, Dpto. Alto Paraná",2026-08-29 17:08,206,42
L2763631,PY,PY-16,,-20.3333333,-58.2166667,"Retiro Potrerito, Dpto. Alto Paraguay (Matogrosense)"
L2763000,PY,PY-15,,-25.2783333,-57.7003333,"Riacho Negro, Pte. Hayes",2026-09-22 11:52,90,8
L2763646,PY,PY-16,,-20.2666667,-58.1333333,"Riacho Ramos, Dpto. Alto Paraguay (Matogrosense)"
L2762624,PY,PY-2,,-24.45,-57.05,"Rosario, Dpto. San Pedro",2017-01-10 14:05,201,0
L2762529,PY,PY-8,,-26.9941667,-56.7622222,"Ruta 1, km 260, Dpto. Misiones (Ñeembucú)",2023-08-14 14:37,30,4
L2761675,PY,PY-15,,-25.16,-57.75,"Ruta 12, Galileo, Pte. Hayes (Bajo Chaco)",2026-09-18 08:29,229,51
L2761678,PY,PY-15,,-24.508,-59.048,"Ruta 12, hasta km 177, Pte. Hayes (Bajo Chaco)",2018-01-20 08:00,138,4
L2762918,PY,PY-8,,-26.8831667,-57.2293333,Ruta 4: San Ignacio á Pilar (Km 80),2025-07-17 16:09,108,4
L2761682,PY,PY-15,,-24.18,-58.3,"Ruta Transchaco km 154, Pte. Hayes (Bajo Chaco)",2020-05-29 16:33,55,2
L2763090,PY,PY-19,,-21.9755,-60.6656667,Ruta Transchaco km 535.5,2026-09-24 17:08,45,3
L2761717,PY,PY-15,,-23.88,-58.43,"Ruta Transchaco, Km 97 a 206, Pte. Hayes (Bajo Chaco)",2025-11-05 11:55,50,5
L2762069,PY,PY-19,,-22.0333333,-60.6,"Ruta Transchaco, Mariscal Estigarribia, Dpto. Boquerón (Alto Chaco)",2026-09-25 09:21,236,190
L2763034,PY,PY-15,,-23.3698333,-59.0638333,"Ruta Transchaco, Pirahú (km 248) a km 300",2026-09-20 18:52,58,21
L2763015,PY,PY-15,,-24.9411667,-57.5551667,"Ruta Transchaco, Puente Remanso a km 50",2026-09-24 06:43,112,21
L2763025,PY,PY-15,,-24.3395,-58.1918333,"Ruta Transchaco, km 100 a km 150",2026-08-09 17:12,71,19
L2763028,PY,PY-15,,-23.9641667,-58.43,"Ruta Transchaco, km 150 a km 200",2026-09-12 14:20,66,19
L2761686,PY,PY-15,,-24.63,-58.0,"Ruta Transchaco, km 20 a 105, Pte. Hayes (Bajo Chaco)",2024-03-24 09:41,86,10
L2761690,PY,PY-15,,-24.55,-58.03,"Ruta Transchaco, km 20 a 120, Pte. Hayes (Bajo Chaco)",2025-11-05 11:03,139,7
L2761697,PY,PY-15,,-24.081,-58.331,"Ruta Transchaco, km 20 a 185, Pte. Hayes (Bajo Chaco)",2022-11-27 11:15,97,3
L2761700,PY,PY-15,,-24.08,-58.33,"Ruta Transchaco, km 20 a 190, Pte. Hayes (Bajo Chaco)",2020-07-23 15:49,112,2
L2761704,PY,PY-15,,-24.8,-57.78,"Ruta Transchaco, km 20 a 79, Pte. Hayes (Bajo Chaco)",2026-09-21 07:11,123,33
L2761707,PY,PY-15,,-24.75,-57.88,"Ruta Transchaco, km 20 a 89, Pte. Hayes (Bajo Chaco)",2026-09-12 12:48,130,31
L2761710,PY,PY-15,,-24.75,-57.38,"Ruta Transchaco, km 20 a 91, Pte. Hayes (Bajo Chaco)",1990-12-27 00:00,84,1
L2763031,PY,PY-15,,-23.6561667,-58.6973333,"Ruta Transchaco, km 200 a Pirahú (km 248)",2026-09-19 12:20,192,116
L2761713,PY,PY-15,,-23.498,-58.798,"Ruta Transchaco, km 25 a 270, Pte. Hayes (Bajo Chaco)",2026-07-05 16:16,136,10
L2763060,PY,PY-15,,-23.1933333,-59.1956667,"Ruta Transchaco, km 300 a km 350",2022-10-18 14:59,21,7
L2763063,PY,PY-15,,-22.871,-59.5196667,"Ruta Transchaco, km 350 a km 400",2026-09-15 12:07,64,17
L2763066,PY,PY-19,,-22.5758333,-59.8438333,"Ruta Transchaco, km 400 a km 450",2025-09-17 15:09,10,1
L2763069,PY,PY-19,,-22.3945,-60.1871667,"Ruta Transchaco, km 450 a km 475",2026-08-07 16:48,24,0
L2763074,PY,PY-19,,-22.3395,-60.259,"Ruta Transchaco, km 450 a km 500",2026-09-13 15:37,73,7
L2763072,PY,PY-19,,-22.261,-60.3621667,"Ruta Transchaco, km 475 a km 500",2023-07-25 11:46,32,2
L2763022,PY,PY-15,,-24.7031667,-57.9641667,"Ruta Transchaco, km 50 a km 100",2026-08-05 15:10,66,14
L2763077,PY,PY-19,,-22.013,-60.6115,"Ruta Transchaco, km 500 a km 550",2020-05-27 17:13,70,6
L2763080,PY,PY-19,,-21.7491667,-60.9808333,"Ruta Transchaco, km 550 a km 600",2026-07-30 18:53,31,7
L2763087,PY,PY-19,,-21.4861667,-61.3366667,"Ruta Transchaco, km 600 a La Patria (km 645)",2024-02-02 06:51,84,3
L2762341,PY,PY-1,,-22.15,-57.95,Río Apa (Concepción),2023-09-02 07:15,195,7
L2762400,PY,PY-15,,-23.16,-57.66,"Río Aquidabán, Ea. (Concepción)"
L2761664,PY,PY-15,,-25.07,-57.59,"Río Confuso, Pte. Hayes (Bajo Chaco)",2026-09-17 06:51,195,15
L2762616,PY,PY-3,,-24.98,-57.2,"Río Manduvira, Dpto. San Pedro",2025-03-07 16:24,139,6
L2762613,PY,PY-2,,-24.93,-57.26,"Río Manduvirâ, desembocadura, Dptos. Cordillera-San Pedro",2026-09-15 15:53,95,4
L2761668,PY,PY-15,,-24.15,-58.36,"Río Negro, Pte. Hayes (Bajo Chaco)",2020-04-20 14:14,54,2
L2762181,PY,PY-15,,-25.0,-57.9167,Río Pilcomayo y Laguna Blanca,2020-03-01 11:21,64,1
L2762621,PY,PY-3,,-25.24,-57.32,"Río Salado, Parque Nacional Ypacaray, Dptos. Cordillera y Central",2013-10-18 14:15,160,3
L2761671,PY,PY-15,,-23.85,-58.63,"Río Siete Puntas, Pte. Hayes (Bajo Chaco)"
L2762063,PY,PY-15,,-23.2,-59.2,"Río Verde, Dpto. Pte. Hayes (Alto Chaco)",2026-09-20 18:43,46,2
L2762988,PY,PY-ASU,,-25.2888333,-57.6623333,Sajonia,2020-02-29 00:00,44,8
L2761814,PY,PY-15,,-22.3,-59.2998333,Saladas Macas
L2762991,PY,PY-16,,-20.30395,-58.552069,"Salmo 91 (ex Cardozo), Alto Paraguay",2023-08-09 09:19,126,7
L2763009,PY,PY-10,,-25.561713,-54.632689,Saltos de Monday,2026-09-24 09:12,133,67
L2763173,PY,PY-10,,-25.5621667,-54.6318333,Saltos del Monday,2026-09-21 08:12,124,70
L2761414,PY,PY-8,,-27.0833333,-56.6833333,"San Antonio, Dpto. Misiones (Ñeembucú)",2019-07-26 15:51,16,1
L2762630,PY,PY-3,,-25.239,-57.319,"San Bernardino, Altos, Río Salado, Dptos. Central y Cordillera",2021-02-07 10:24,57,1
L2762424,PY,PY-3,,-25.246,-57.326,"San Bernardino, Parque Nacional Ypacaray, Dpto. Cordillera (Paraguay Central Norte)",2023-02-22 00:00,191,15
L2763251,PY,PY-7,,-27.1385,-55.5761667,San Ignacio,2023-10-14 12:00,28,2
L2761428,PY,PY-12,,-26.7833333,-57.6666667,"San Lorenzo, Dpto. Ñeembucú (Ñeembucú)",2024-07-20 11:29,66,3
L2762331,PY,PY-7,,-27.05,-56.1333333,"San Miguel Potrero, Itapúa (Paraguay Central)",2023-06-24 15:00,199,8
L2762823,PY,PY-7,,-26.6535189,-54.9308681,"San Rafael del Paraná, Dpto. Itapúa",2022-02-24 10:25,157,0
L2761742,PY,PY-15,,-24.88,-57.66,"Santa Jacinta, río Confuso, Pte. Hayes (Bajo Chaco)",2026-02-26 09:48,69,7
L2763162,PY,PY-8,,-26.7848333,-56.9445,Santa Maria,2022-11-27 16:32,21,0
L2762938,PY,PY-8,,-26.7,-56.867,"Santa María de Fé, Dpto. Misiones",2010-12-14 08:00,57,1
L2762665,PY,PY-2,,-23.66,-57.05,"Santa María, Dpto. San Pedro",2002-09-02 00:00,134,0
L2761481,PY,PY-8,,-27.1430556,-56.7688889,"Santiago, Dpto. Misiones (Ñeembucú)",2026-09-24 09:21,144,20
L2762668,PY,PY-9,,-25.658,-56.908,"Sapucai, Dpto. Paraguari",2025-07-06 18:29,165,122
L2762334,PY,PY-5,,-25.2,-56.1166667,"Serranías de San Joaquín, Caaguazú (Alto Paraná)",1997-10-20 00:00,140,12
L2762671,PY,PY-2,,-23.75,-56.23,"Señorita, Dpto. San Pedro",2003-05-28 00:00,123,0
L2762904,PY,PY-ASU,,-25.282,-57.5676667,Shopping del Sol,2026-09-16 17:00,45,9
L2762843,PY,PY-ASU,,-25.2985,-57.6376667,Sol de América,2014-11-28 18:00,40,1
L2762674,PY,PY-11,,-25.16,-57.41,"Surubi'i, Dpto. Central",2011-09-16 07:00,178,1
L2761533,PY,PY-12,,-26.8166667,-57.9833333,"Tacuaras, Dpto. Ñeembucú (Ñeembucú)",2026-07-12 08:57,139,6
L2762876,PY,PY-3,,-25.0,-57.0,"Tacuarindy, Arroyos y Esteros, Cordillera",2008-02-03 00:00,156,1
L15719289,PY,PY-11,,-25.6730769,-57.4873638,Takuara - Pirizal,2026-09-20 11:07,212,100
L2762336,PY,PY-6,,-26.2333333,-55.7666667,"Tapyta, Caazapá (Paraguay Central)",2026-02-12 09:02,327,34
L2762683,PY,PY-3,,-25.25,-57.06,"Tobati, Dpto. Cordillera",2025-12-13 12:03,21,5
L2762686,PY,PY-9,,-25.958,-56.808,"Tomás Martínez, Dpto. Paraguari",2003-05-22 00:00,37,0
L2763048,PY,PY-16,,-20.0538333,-58.1656667,Tres Gigantes a Puerto Mercedes,2012-03-03 15:00,24,0
L2763055,PY,PY-16,,-20.1161667,-58.1391667,Tres Gigantes al Río Paraguay,2021-02-19 07:07,68,3
L2762689,PY,PY-2,,-24.66,-56.0,"Tuna Poty, Dpto. San Pedro",2005-01-16 00:00,22,0
L5560666,PY,PY-ASU,,-25.294604,-57.6044941,US Embassy Gardens (10 acres),2023-10-04 09:30,93,1
L2762692,PY,PY-3,,-25.238,-57.318,"Urbanización SADI, San Bernardino, Parque Nacional Ypacaray, Dpto. Cordillera",2006-01-01 00:00,31,0
L2762498,PY,PY-1,,-22.25,-57.91,"Valle mi, Concepción (Concepción)",2017-03-09 14:25,70,1
L2762695,PY,PY-3,,-25.25,-57.25,"Viento Sur, Dpto. Cordillera",2024-12-30 08:00,81,3
L2762698,PY,PY-9,,-25.558,-57.078,"Villa Flores, Dpto. Paraguari",2005-02-20 00:00,35,0
L2763165,PY,PY-8,,-26.4073333,-57.1236667,"Villa Florida, Misiones",2026-08-07 18:04,157,27
L2763006,PY,PY-12,,-26.3133333,-58.1511667,Villa Franca (casco urbano),2026-04-02 08:52,99,6
L2761750,PY,PY-15,,-25.1,-57.56,"Villa Hayes, Pte. Hayes (Bajo Chaco)",2026-09-12 08:01,177,7
L2762701,PY,PY-4,,-25.78,-56.45,"Villa Rica, Dpto. Guairá",2026-06-21 13:00,139,22
L2762339,PY,PY-8,,-27.2166667,-56.9333333,"Yabebyry, Misiones (Ñeembucú)",2026-09-04 12:52,207,7
L11544045,PY,PY-11,,-25.3706517,-57.6325312,"Yacht y Golf Club, Lambaré, Central, PY (-25,373, -57,63)",2025-09-12 17:03,222,92
L2761562,PY,PY-8,,-27.4,-56.74,"Yacyreta, Itapúa (Ñeembucú)",2026-09-25 08:06,349,229
L2762704,PY,PY-2,,-23.83,-56.16,"Yaguarete Forests, Dpto. San Pedro",2000-08-05 00:00,265,0
L2762344,PY,PY-4,,-25.8333333,-56.2166667,"Ybytyruzú, Guairá (Paraguay Central)",2025-12-13 17:55,284,53
L2762347,PY,PY-2,,-23.4333333,-56.35,"Ypané Medio, San Pedro (Paraguay Central)"
L2762350,PY,PY-6,,-25.6333333,-55.4833333,"Ypeti, Caazapá (Alto Paraná)",2024-05-08 11:08,378,314
L2762707,PY,PY-3,,-25.237,-57.317,"Yrupe, San Bernardino, Parque Nacional Ypacaray, Dpto. Cordillera",2021-08-01 16:30,153,18
L2762977,PY,PY-1,,-22.97,-56.53,"Yvy Ja'u, Concepción",2025-05-18 15:13,8,0
L2762902,PY,PY-15,,-23.5618333,-58.3573333,arroyos y cordillera,2026-07-19 07:56,48,2
L2762968,PY,PY-11,,-25.4055,-57.5453333,Ñeemby: sur,2025-07-13 04:20,23,2
L2762577,PY,PY-2,,-23.83,-56.35,"Ñu Porâ, Dpto. San Pedro",2025-10-25 08:46,53,4
L2762110,PY,PY-16,,-21.3333333,-59.6666667,"Último trago, Alto Paraguay (Alto Chaco)",2025-07-17 09:32,64,5
