L30116417,RW,RW-02,,-1.8955814,30.6831545,Akagera NP - Entrance Wetlands,2026-09-07 07:22,247,77
L10843704,RW,RW-02,,-1.44678,30.5451679,Akagera NP -- Exit gate,2026-07-06 14:04,176,25
L20835646,RW,RW-02,,-1.555226,30.6824583,Akagera NP -- Kajumbura/Kandaro Road,2026-08-15 13:50,158,15
L8299347,RW,RW-02,,-1.4375901,30.5708639,Akagera NP -- Karenge Bush Camp,2026-07-21 06:43,228,24
L16231244,RW,RW-02,,-1.5116243,30.6734844,Akagera NP -- Magashi Camp,2026-08-12 14:46,254,89
L12647762,RW,RW-02,,-1.4822859,30.7139125,Akagera NP -- Magashi Peninsula,2025-11-24 16:31,223,19
L30079482,RW,RW-02,,-1.6768287,30.7317614,Akagera NP -- Nyampiki Wetland View Point,2026-08-10 11:29,121,32
L8467590,RW,RW-02,,-1.8542986,30.7351435,Akagera NP -- Rhino Road,2026-06-16 07:29,242,42
L3111274,RW,RW-02,,-1.9071861,30.7164889,Akagera NP -- Ruzizi Tented Camp,2026-08-25 12:30,253,61
L4288487,RW,RW-02,,-1.7797835,30.7142758,Akagera NP -- Rwisirabo to Muyumbu Hills,2026-08-16 11:18,265,73
L5546095,RW,RW-02,,-1.8312292,30.7314634,Akagera NP -- Southern Area,2026-08-28 06:07,388,212
L14068965,RW,RW-02,,-1.8561017,30.6871222,Akagera NP -- Valley Dam,2026-08-06 18:00,302,92
L34787981,RW,RW-02,,-1.5355625,30.7336521,Akagera NP-- Hippo Beach,2026-08-15 12:25,58,4
L3896109,RW,RW-02,,-1.8748622,30.7143831,Akagera NP--Akagera Lodge,2026-09-06 07:07,318,209
L22622545,RW,RW-02,,-1.6809909,30.683564,Akagera NP--Central Areas,2026-07-17 11:08,240,72
L4288545,RW,RW-02,,-1.4240105,30.5838346,Akagera NP--Kilaia Plain,2026-09-15 06:16,291,100
L3931440,RW,RW-02,,-1.8872908,30.7355404,Akagera NP--Lac Ihema,2026-09-13 07:42,316,250
L4285273,RW,RW-02,,-1.8063255,30.7424659,Akagera NP--Lake Biringero,2026-09-01 09:00,253,71
L4288534,RW,RW-02,,-1.6015987,30.646137,Akagera NP--Mutumba Hills Campsite,2026-07-09 06:15,166,31
L4288532,RW,RW-02,,-1.5386052,30.6163806,Akagera NP--Nyamatete,2026-06-06 06:40,164,17
L4288511,RW,RW-02,,-1.6919604,30.7518911,Akagera NP--Nyampiki Peninsular,2026-08-03 08:00,212,32
L1797897,RW,RW-02,,-1.7528827,30.7284164,"Akagera NP--Pls if possible, use more specific locations.",2026-08-26 06:45,436,145
L4288499,RW,RW-02,,-1.8771382,30.7511294,Akagera NP--Rurama Loop/Lake Shakani Campsite,2026-08-03 08:16,269,68
L3896089,RW,RW-02,,-1.8786982,30.7034236,Akagera NP--Visitor Centre,2026-08-12 08:28,335,237
L4288527,RW,RW-02,,-1.5088693,30.6416845,Akagera Np -- Mohana Plain and Lake Rwanyakazinga Picnic Site,2026-08-05 10:45,254,57
L4288535,RW,RW-02,,-1.5188808,30.6168151,Akagera Np -- Valley from Nyamatete to Kilala Plain,2026-08-15 05:45,196,30
L10227619,RW,RW-02,,-1.9554442,30.6856298,Akagera Rhino Lodge,2026-08-23 07:00,159,51
L3888656,RW,RW-04,,-2.0595087,29.3374443,Bethany Hotel,2026-02-11 16:36,96,27
L71947186,RW,RW-03,,-1.4321934,29.5939064,Birding throughout the park,2026-08-18 14:30,1,1
L6241386,RW,RW-03,,-1.4424469,29.5251775,Bisate Lodge,2026-07-22 09:33,123,37
L55779721,RW,RW-04,,-1.909122,29.2679214,Bugarura Island,2025-11-24 09:30,33,1
L9222055,RW,RW-02,,-2.0776535,30.1043325,Bugesera Lodge,2026-06-25 15:31,149,26
L9937346,RW,RW-02,,-2.0777169,30.1074782,Bugesera Lodge and Papyrus Bridge,2025-02-23 15:13,122,7
L4701460,RW,RW-03,,-1.5705478,29.6353948,Buhanga Eco Park,2026-04-28 09:12,178,97
L4232757,RW,RW-05,,-1.7978264,29.7177172,Busaga Forest,2026-09-17 16:35,112,40
L63416149,RW,RW-05,,-2.2866309,29.9669167,Busoro,2026-05-27 15:31,13,1
L4241221,RW,RW-04,,-2.0519479,29.3432858,Cormoran Lodge,2026-04-26 10:29,155,45
L28242275,RW,RW-04,,-2.4805149,28.8942683,Cyangugu--Emeraude Kivu Resort,2026-04-29 12:57,102,22
L49122371,RW,RW-04,,-2.4660136,29.1626778,Cyinzobe camp 1,2025-12-24 08:00,54,3
L49122619,RW,RW-04,,-2.4522733,29.1183339,Cyinzobe camp 2,2025-07-04 06:30,28,0
L15579762,RW,RW-03,,-1.4328972,29.5637606,Ellen DeGeneres Campus of the Dian Fossey Gorilla Fund,2026-09-25 13:38,132,241
L11386863,RW,RW-01,,-1.9846951,30.0288963,Fazenda Sengha,2026-06-08 10:47,148,50
L4232766,RW,RW-02,,-2.1968402,30.2654672,Gashora Swamp,2026-08-16 16:20,209,122
L17657955,RW,RW-01,,-1.9346456,30.0518503,Gatsata Wetland,2026-08-02 09:27,146,26
L3749775,RW,RW-04,,-2.4403553,29.0920544,Gisakura Guest House,2026-07-08 16:42,173,93
L3751112,RW,RW-04,,-2.4454668,29.0880632,Gisakura Tea Factory & Forest,2026-08-11 16:15,156,38
L10177276,RW,RW-04,,-2.4475496,29.0938835,Gisakura Village,2026-06-29 12:34,148,50
L1120353,RW,RW-04,,-1.6949,29.2575,Gisenyi,2026-07-23 17:02,189,79
L4232881,RW,RW-04,,-1.8210048,29.3573785,Gishwati Forest--Relict Forest section,2026-08-20 11:05,210,82
L4607601,RW,RW-02,,-2.1080095,30.8481932,Ibanda-Makera Forest,2026-01-25 10:00,109,8
L28906474,RW,RW-03,,-1.432912,29.5596921,Ingagi Park View Lodge,2026-07-30 07:00,83,36
L4242112,RW,RW-01,,-1.9889684,30.1871896,Inyange Factory Wetland,2026-09-08 13:14,203,120
L38623497,RW,RW-01,,-1.9321931,30.0825224,Kacyiru-Golf Course Wetland,2026-06-02 08:24,65,15
L36284664,RW,RW-02,,-1.8460303,30.6603066,Kageyo Nyankira Dam,2026-04-11 05:52,91,4
L3819725,RW,RW-02,,-2.1293553,30.1062083,Kamatana Dam,2026-06-25 14:02,220,125
L7039900,RW,RW-04,,-2.34141,29.1187477,Kamiranzovu Marsh,2026-09-04 09:27,188,47
L5541865,RW,RW-04,,-2.0856434,29.3039972,Karora,2026-08-14 16:18,46,1
L35095158,RW,RW-04,,-2.440105,29.089799,Ken Barham Guest House — Nyungwe NP,2026-09-04 06:42,60,23
L4654107,RW,RW-01,,-1.931464,30.059784,Kigali Genocide Memorial,2026-09-06 12:47,92,41
L1120354,RW,RW-01,,-1.9493,30.0586,"Kigali-gen area- Pls if possible, use specific locations.",2026-09-02 00:00,198,142
L28246824,RW,RW-03,,-1.4993768,29.6634722,Kiguhu Wetland,2026-09-05 15:46,131,67
L18837302,RW,RW-01,,-1.9557214,30.0852123,"Kimihurura Roundabout Park, Kigali City, RW (-1.956, 30.085)",2026-09-21 06:44,77,141
L3931481,RW,RW-05,,-2.360363,29.7405033,King's Palace,2026-06-26 11:15,97,25
L55681915,RW,RW-04,,-1.9021491,29.2800413,Kinunu Bay,2025-11-21 11:00,15,1
L5545522,RW,RW-04,,-1.906141,29.2838323,Kinunu Kivu Lodge,2026-04-11 06:35,145,35
L46956552,RW,RW-05,,-2.5258611,29.414116,Kitabi Eco-Center,2025-12-13 15:10,17,12
L10176418,RW,RW-04,,-2.1462522,29.2567635,Kivu Lodge,2026-07-14 13:00,70,4
L10176483,RW,RW-04,,-2.2922693,29.1516638,Kumbya Peninsula,2026-08-05 13:30,108,14
L4604193,RW,RW-03,,-1.3881756,29.7721767,Lac Burera (north end),2026-02-20 15:30,106,12
L4232824,RW,RW-04,,-1.6162914,29.5342004,Lake Bihinga,2026-06-04 07:32,145,88
L4285287,RW,RW-02,,-2.2388228,30.0886559,Lake Cyohoha North,2026-01-24 09:36,59,5
L4285809,RW,RW-02,,-2.2856341,30.2596521,Lake Gaharwa,2024-12-01 06:45,133,11
L4232811,RW,RW-04,,-1.6273728,29.5088696,Lake Karago,2026-07-07 09:32,185,167
L10177521,RW,RW-04,,-2.4679453,28.8940545,Lake Kivu -- Kamembe area,2026-09-20 08:46,183,108
L21088886,RW,RW-02,,-1.8732958,30.3838974,Lake Muhazi -- Falcon Golf Course,2026-07-26 14:30,86,7
L21088444,RW,RW-02,,-1.8866318,30.3879656,Lake Muhazi -- Vintage Cottage,2026-04-02 10:11,81,6
L4231976,RW,RW-02,,-1.8519816,30.4840028,Lake Muhazi--Jambo Beach Area,2023-07-23 17:10,101,10
L4260452,RW,RW-02,,-1.8241225,30.273267,Lake Muhazi--Kagogo Wetland,2024-01-19 15:00,80,2
L4260371,RW,RW-03,,-1.7911348,30.155282,Lake Muhazi--West End/Dam,2026-05-08 10:26,111,17
L4232663,RW,RW-04,,-1.6212033,29.4861352,Lake Nyirakigugu,2026-09-04 17:16,102,63
L4235298,RW,RW-02,,-2.1932379,30.2400613,Lake Rumira - including La Palisse Hotel,2022-10-21 05:54,115,10
L27610009,RW,RW-02,,-2.2455861,30.2466965,Lakeside Fish Farm,2026-05-02 11:31,139,43
L4711055,RW,RW-03,,-1.4323623,29.5584349,Le Bambou Gorilla Lodge,2026-02-10 17:45,71,30
L4376130,RW,RW-04,,-1.7337942,29.2733234,Le Paradis,2026-08-08 07:58,131,26
L4232015,RW,RW-02,,-2.1159241,30.5187857,Mashoza Parike Dam,2025-04-12 12:09,103,11
L4232004,RW,RW-02,,-2.1103253,30.5109644,Mashoza Parike Forest,2026-06-24 09:02,170,24
L10984794,RW,RW-04,,-1.690607,29.264814,Mount Rubavu,2026-04-26 07:08,111,17
L11007654,RW,RW-03,,-1.4421232,29.5783741,Mountain Gorilla Nest Hotel,2026-08-14 12:03,101,40
L4862975,RW,RW-03,,-1.4277047,29.5548481,Mountain Gorilla View Lodge,2026-09-16 16:30,118,84
L12803287,RW,RW-03,,-1.5072642,29.6533592,Mpenge River--Cyuve River,2026-06-17 16:56,131,64
L1067957,RW,RW-03,,-1.5074249,29.4989777,Mt Karisimbi Trails -- Volcanoes NP,2026-08-21 07:15,176,79
L12631209,RW,RW-04,,-1.7095649,29.4492173,Mt. Muhungwe,2023-02-20 08:01,16,3
L8840014,RW,RW-03,,-1.5108367,29.635472,Mt. Nyamagumba,2025-12-19 09:30,67,8
L4785971,RW,RW-03,,-1.5370118,29.6888781,Mukungwa River (SE of Ruhengeri),2026-09-24 17:18,204,119
L4240903,RW,RW-02,,-2.2281722,30.0676489,Murago Wetland,2026-08-16 14:57,144,16
L5512819,RW,RW-02,,-1.700958,30.4139757,Ntende Dam,2024-07-10 17:02,22,2
L17802418,RW,RW-04,,-2.4702111,29.2198616,Nungwe NP -- Rukuzi trail,2026-06-28 07:01,101,20
L3819720,RW,RW-01,,-2.0640819,30.0871539,Nyabarongo River,2026-09-20 14:48,219,121
L7345095,RW,RW-01,,-1.955522,30.003692,Nyabarongo River @ RN1,2026-05-27 07:57,208,85
L9887454,RW,RW-01,,-2.0451275,29.9861342,Nyabarongo river wetlands - SW of Kigali,2026-08-14 13:34,102,8
L73314689,RW,RW-02,,-2.3224667,30.5245069,Nyagasenyi Natural Forest,2026-01-19 07:00,79,2
L55958883,RW,RW-04,,-2.5405655,28.9159998,Nyakarenzo
L10177327,RW,RW-04,,-2.3362285,29.0679732,Nyamasheke-Murwa,2026-01-09 09:49,90,12
L9667984,RW,RW-04,,-2.0176074,29.3078076,Nyamunini Island (Napoleon Hat),2026-09-13 13:51,99,30
L57733240,RW,RW-01,,-1.9541042,30.1362735,Nyandungu - Sectors 1 and 2,2026-08-11 16:14,62,18
L4235382,RW,RW-01,,-1.9540988,30.1461196,Nyandungu Urban Wetland Eco-tourism Park,2026-09-26 15:56,287,973
L3888348,RW,RW-02,,-1.9631219,30.589993,Nyaruhuru River @ Akagera Rd,2026-09-08 09:01,171,28
L4232702,RW,RW-01,,-1.9374573,30.095222,"Nyarutarama Area--Lake, woodland, Golf Course & Sunday Park",2026-09-20 09:38,254,460
L3751663,RW,RW-04,,-2.4478872,29.1041565,Nyungwe Forest Lodge,2026-08-01 16:22,178,82
L2462017,RW,RW-04,,-2.483917,29.2277527,Nyungwe Forest NP,2026-07-17 06:30,344,209
L17802467,RW,RW-04,,-2.4754151,29.1953403,Nyungwe NP -- Canopy Walkway,2026-06-24 08:34,116,75
L3684971,RW,RW-04,,-2.5532727,28.9865255,Nyungwe NP -- Cyamudongo Forest,2026-08-13 07:30,153,85
L23505750,RW,RW-04,,-2.4585732,29.1527146,Nyungwe NP -- Cyinzobe trail,2026-08-15 14:30,149,14
L11725270,RW,RW-04,,-2.4596324,29.0927171,"Nyungwe NP -- Gisakura, Ndambarare Trail",2026-09-07 07:24,250,420
L30406385,RW,RW-04,,-2.2855141,29.3037556,Nyungwe NP -- Gisovu,2026-02-01 12:22,60,5
L17802527,RW,RW-04,,-2.4690953,29.1864613,Nyungwe NP -- Imbaraga Trail,2026-07-08 14:08,107,18
L27294204,RW,RW-04,,-2.4879435,29.1933228,Nyungwe NP -- Irebero Trail,2026-09-08 11:32,113,51
L4258332,RW,RW-04,,-2.4833882,29.2162085,Nyungwe NP -- Pindura-Bweye Road,2026-08-15 09:39,136,28
L4258335,RW,RW-04,,-2.4763374,29.2027223,Nyungwe NP -- Rangiro Road,2026-09-08 10:12,197,188
L27293885,RW,RW-04,,-2.4670204,29.1953381,Nyungwe NP -- Umuyove Trail,2026-08-13 07:54,68,11
L3751107,RW,RW-04,,-2.4664953,29.2264652,Nyungwe NP--Bigugu Trail,2026-08-11 07:00,145,119
L26089412,RW,RW-04,,-2.460256,29.094907,Nyungwe NP--Gisakura Reception Center,2026-09-25 11:02,182,133
L3888646,RW,RW-04,,-2.4801097,29.1901588,Nyungwe NP--Igishigishigi Trail,2026-07-07 15:00,147,64
L3751399,RW,RW-04,,-2.4426563,29.1214085,Nyungwe NP--Isumo/Waterfall Trail,2025-11-04 15:18,144,44
L3749806,RW,RW-04,,-2.4833025,29.1517067,Nyungwe NP--Kamiranzovu Trail,2026-09-03 15:22,192,113
L3751092,RW,RW-04,,-2.4836837,29.1118491,Nyungwe NP--Karamba Trail,2026-05-28 14:00,192,85
L4288461,RW,RW-05,,-2.5294949,29.3538219,Nyungwe NP--Uwasenkoko Marsh,2026-06-27 08:06,126,45
L4288446,RW,RW-04,,-2.4783647,29.2000508,Nyungwe NP--Uwinka,2026-09-14 08:49,208,352
L68828425,RW,RW-04,,-2.4550102,29.1899681,Nyungwe National Park--Bururi section - Banda road,2026-05-29 08:30,45,0
L4841901,RW,RW-04,,-2.4316149,29.0901205,Nyungwe Top View Hill Hotel,2026-08-13 16:00,105,61
L73697573,RW,RW-04,,-2.6462781,28.9599723,Nzahaha,2026-07-08 07:00,19,2
L73696463,RW,RW-04,,-2.658378,28.9789975,Nzahaha Sector,2026-07-07 07:00,28,2
L4431174,RW,RW-02,,-2.2725124,30.2667761,RICA - Karama Station,2026-05-15 10:49,106,4
L8438988,RW,RW-02,,-2.2719212,30.2660638,RICA campus,2026-05-24 09:31,70,1
L4285294,RW,RW-03,,-1.5810502,29.9734819,Rugezi Marsh,2026-08-26 00:24,165,64
L29237500,RW,RW-05,,-2.2322346,29.7868323,Ruhango,2026-09-08 15:15,113,16
L1120355,RW,RW-03,,-1.4984,29.6294,Ruhengeri--general area,2026-08-24 16:03,212,104
L9221569,RW,RW-03,,-1.4942411,29.7421176,Ruhondo Beach Resort,2026-07-31 17:00,128,30
L8501373,RW,RW-03,,-1.4773579,29.7502899,Ruhondo wetland,2026-09-12 07:07,190,98
L73698215,RW,RW-04,,-1.9794189,29.3423914,Rutsiro,2026-07-09 07:00,46,2
L4624222,RW,RW-05,,-2.6068403,29.758637,Rwasave Fish Ponds,2026-04-22 08:30,108,20
L2915102,RW,RW-03,,-1.415,29.57028,Sabyinyo Silverback Lodge,2026-08-22 08:10,88,41
L73318610,RW,RW-04,,-1.9084558,29.5895271,Sanza Natural Forest,2026-01-29 07:00,14,2
L10176524,RW,RW-04,,-2.3366163,29.1178756,Shara Beach Motel,2025-10-06 14:03,110,12
L21422581,RW,RW-03,,-1.422721,29.6191567,Singita Lodge,2026-08-07 13:58,92,42
L9918354,RW,RW-03,,-1.4182133,29.8337023,The Roots Of Nyabingi Heritage Center,2024-05-01 09:07,49,5
L12385721,RW,RW-01,,-1.9844164,30.2099991,UMUSAMBI VILLAGE - Wetlands and Grey Crowned Crane rehabilitation,2026-09-15 11:04,232,340
L28242177,RW,RW-05,,-2.6128342,29.7561981,University of Rwanda Arboretum,2026-05-25 09:53,63,7
L4867124,RW,RW-03,,-1.446898,29.7409612,Virunga Lodge,2026-06-28 08:02,166,72
L8854945,RW,RW-03,,-1.4736472,29.4932721,Volcanoes NP -- Diane Fosey Trail,2025-01-23 08:36,83,10
L21468254,RW,RW-03,,-1.446712,29.5002632,Volcanoes NP -- Ngezi Trail,2026-09-05 08:46,69,7
L3111276,RW,RW-03,,-1.4321278,29.5946583,Volcanoes NP--Headquarters & Kinigi Guesthouse--Pls consider using more specific locations for the NP,2026-09-15 07:40,166,123
L3890317,RW,RW-03,,-1.500879,29.4590664,Volcanoes NP--Karisimbi Campsite,2025-02-15 15:30,36,4
L22621879,RW,RW-03,,-1.4611789,29.4942343,Volcanoes NP--Mt. Bisoke,2026-09-05 08:38,96,44
L22621899,RW,RW-03,,-1.4055316,29.5656764,Volcanoes NP--Sabyinyo Bamboo Forest,2026-03-01 08:06,76,11
L75241716,RW,RW-02,,-1.9095394,30.7345872,ile Ihema,2026-08-06 16:00,25,1
