L20632617,SH,SH-AC,,-7.9355217,-14.4191342,AIG Beach Hut,2024-05-11 10:00,7,1
L10956152,SH,SH-TA,,-37.1003,-12.2897,Alpine scoria barrens
L10977089,SH,SH-AC,,-7.8007644,-14.3683322,Ascension Island general pelagic (north)--over 2 miles from land.,2018-04-25 08:30,16,3
L10977094,SH,SH-AC,,-8.0581876,-14.392683,Ascension Island general pelagic (south)--over 2 miles from land.,2026-04-27 08:54,13,22
L4559059,SH,SH-AC,,-7.949399,-14.2171186,Ascension general pelagic (east)--over 2 miles from land
L4559051,SH,SH-AC,,-7.9258796,-14.5169668,Ascension general pelagic (west)--over 2 miles from land
L10956142,SH,SH-TA,,-37.0799,-12.299,Base--Fern bush zone,2024-04-11 16:30,1,0
L28705158,SH,SH-TA,,-37.0715546,-12.2819654,Big Green Hill,1988-11-20 00:00,2,0
L4563822,SH,SH-TA,,-37.293553,-12.699239,Blenden Hall (restricted access),2011-10-02 00:00,2,0
L1331216,SH,SH-AC,,-7.9357263,-14.3072452,Boatswain Bird Island (landing prohibited),2026-04-27 16:29,19,64
L34292606,SH,SH-SH,,-15.6360791,-6.960185,Bonaparte Seamount,2025-04-12 06:48,10,2
L34292644,SH,SH-SH,,-12.8841679,-6.0328592,Cardno Seamount
L20633261,SH,SH-AC,,-7.9316198,-14.4200597,Catherine Point,2022-01-17 00:00,3,0
L4610768,SH,SH-AC,,-7.9197019,-14.411509,Clarence Bay,2024-04-24 07:33,5,7
L18857278,SH,SH-AC,,-7.9507,-14.4176,Clarke's Beach,2003-10-23 00:00,5,0
L4045865,SH,SH-AC,,-7.9105112,-14.4029488,Comfortless Cove,2026-01-10 16:35,10,5
L34261587,SH,SH-TA,,-38.666667,-11.166667,Crawford Seamount
L20255585,SH,SH-AC,,-7.9311,-14.4184,Dead Man's Beach,2022-05-14 07:30,6,1
L4543809,SH,SH-SH,,-15.9382224,-5.6853624,Deadwood Plain,2026-04-23 09:55,17,31
L4610813,SH,SH-TA,,-40.3177113,-9.8865911,Eastern nearshore waters (0-2mi/3km) - Luff Point to Reef Point,2026-04-17 10:20,26,24
L10760160,SH,SH-TA,,-37.2988,-12.6655,Eastern upland Phylica woodland (restricted access),2011-09-28 00:00,1,0
L4543774,SH,SH-TA,,-37.0675879,-12.3119402,Edinburgh of the Seven Seas,2026-04-15 16:45,28,63
L4610733,SH,SH-SH,,-15.971512,-5.770641,Egg Island and adjacent cliffs,2026-04-24 15:00,14,11
L27441484,SH,SH-AC,,-7.8920604,-14.3830414,English Bay,2026-09-21 15:19,10,5
L36311345,SH,SH-SH,,-15.9536091,-5.6609619,Fisher's Valley--Cook's Bridge and Lower,2026-04-23 11:09,7,3
L36311324,SH,SH-SH,,-15.9570435,-5.6729017,Fisher's Valley--Upper
L4610775,SH,SH-AC,,-7.927012,-14.411862,Georgetown,2026-04-28 12:20,22,11
L4559111,SH,SH-TA,,-40.3454,-9.7657,Gough Island general pelagic (east)--over 2 miles from land,2019-03-20 17:55,18,4
L10924031,SH,SH-TA,,-40.2098,-9.9563,Gough Island general pelagic (north)--over 2 miles from land,2026-04-17 14:45,22,7
L10924013,SH,SH-TA,,-40.4414,-9.9599,Gough Island general pelagic (south)--over 2 miles from land,2026-03-18 12:24,23,4
L4559103,SH,SH-TA,,-40.3162,-10.1181,Gough Island general pelagic (west)--over 2 miles from land,2026-04-17 13:36,26,23
L10956148,SH,SH-TA,,-37.0874,-12.2934,Grassy subalpine zone,2018-04-12 09:30,1,0
L34292989,SH,SH-AC,,-9.44,-12.49,Grattan Seamount
L4549589,SH,SH-AC,,-7.9492893,-14.3510306,Green Mountain NP--Botanical Gardens,2026-09-22 12:31,10,30
L34292864,SH,SH-AC,,-8.4582175,-17.0279449,Harris Stewart Seamount
L4558939,SH,SH-TA,,-37.271642,-12.752937,Inaccessible Island general pelagic NW--over 2 miles from land,2026-03-22 00:00,15,3
L10768862,SH,SH-TA,,-37.3699311,-12.6017769,Inaccessible Island general pelagic SE--over 2 miles from land,2024-04-12 12:30,21,13
L10970336,SH,SH-SH,,-15.9279,-5.7158,Jamestown,2026-04-25 08:47,21,63
L4610729,SH,SH-SH,,-15.9214126,-5.7206953,Jamestown Harbor/James Bay,2026-04-24 15:15,20,77
L19758897,SH,SH-AC,,-7.9498719,-14.3000498,Letterbox,2026-09-24 09:54,15,24
L15396397,SH,SH-AC,,-7.9229236,-14.4068898,Long Beach,2026-01-10 06:40,9,1
L4543807,SH,SH-SH,,-15.9502317,-5.6799477,Longwood Golf Course,2026-04-24 10:00,17,64
L4564573,SH,SH-TA,,-40.35297,-9.8880661,Lowlands: bogfern and Phylica; including meteorological station,2026-03-18 00:00,29,9
L19542020,SH,SH-AC,,-7.9878186,-14.4019457,Mars Bay,2015-04-30 00:00,7,3
L34272738,SH,SH-TA,,-40.1135537,-8.5898963,McNish Seamount
L4565505,SH,SH-TA,,-37.411066,-12.479356,Middle Island (restricted access),2024-03-20 08:19,9,4
L10955951,SH,SH-TA,,-37.0609,-12.3162,Nearshore waters (0-2mi/3km) - Anchorage,2026-04-14 07:52,28,63
L10955960,SH,SH-TA,,-37.0562,-12.288,Nearshore waters (0-2mi/3km) - Anchorage to Rookery Point,2026-04-13 17:23,17,7
L10955998,SH,SH-TA,,-37.1449,-12.3473,Nearshore waters (0-2mi/3km) - Anchorstock Point to Cave Point,2018-04-11 11:00,4,1
L10976864,SH,SH-SH,,-15.936,-5.6311,Nearshore waters (0-2mi/3km) - Barn Long Point to Gill Point
L10976874,SH,SH-SH,,-16.0201,-5.7137,Nearshore waters (0-2mi/3km) - Castle Rock Point to Powell Point
L10955991,SH,SH-TA,,-37.1787,-12.2941,Nearshore waters (0-2mi/3km) - Cave Point to Stonyhill Point,2026-02-02 13:47,13,3
L10955970,SH,SH-TA,,-37.0949,-12.2107,Nearshore waters (0-2mi/3km) - East Jew's Point to Sandy Point,2026-04-13 09:41,20,6
L6473206,SH,SH-SH,,-15.9775274,-5.7839155,Nearshore waters (0-2mi/3km) - Egg Island to South West Point,2026-04-22 15:44,10,9
L10920999,SH,SH-TA,,-40.3548,-9.948,Nearshore waters (0-2mi/3km) - Gaggins Point to Rockhopper Point,2026-04-17 13:36,29,40
L10977048,SH,SH-AC,,-7.8982,-14.4132,Nearshore waters (0-2mi/3km) - Georgetown to North Point,2024-04-24 07:51,14,5
L10977066,SH,SH-AC,,-7.9505,-14.4284,Nearshore waters (0-2mi/3km) - Georgetown to South West Bay,2026-04-27 10:16,7,3
L10976863,SH,SH-SH,,-16.0017,-5.6583,Nearshore waters (0-2mi/3km) - Gill Point to Powal Point
L10956012,SH,SH-TA,,-37.0903,-12.357,Nearshore waters (0-2mi/3km) - Hottentot Point to Anchorstock Point,2026-03-29 13:44,13,12
L10976878,SH,SH-SH,,-15.9364,-5.7562,Nearshore waters (0-2mi/3km) - James Bay to Egg Island,2026-04-25 12:00,19,83
L10976870,SH,SH-SH,,-15.9061,-5.7177,Nearshore waters (0-2mi/3km) - James Bay to Sugar Loaf Point,2025-12-12 06:27,16,4
L10977058,SH,SH-AC,,-7.9245,-14.3105,Nearshore waters (0-2mi/3km) - North East Point to South East Head,2025-04-18 17:24,14,12
L10977051,SH,SH-AC,,-7.8903,-14.3495,Nearshore waters (0-2mi/3km) - North Point to North East Point,2026-04-27 13:44,9,9
L10920967,SH,SH-TA,,-40.2667,-9.9683,Nearshore waters (0-2mi/3km) - North Point to Northeastern Point,2020-03-15 08:59,7,0
L10920975,SH,SH-TA,,-40.2931,-10.0195,Nearshore waters (0-2mi/3km) - North Point to West Point,2026-04-17 14:15,12,3
L10921012,SH,SH-TA,,-40.2878,-9.9066,Nearshore waters (0-2mi/3km) - Reef Point to Northeastern Point,2020-03-09 08:24,13,1
L4610783,SH,SH-TA,,-37.0680945,-12.239151,Nearshore waters (0-2mi/3km) - Rookery Point to East Jew's Point,2026-04-13 10:28,12,4
L10955976,SH,SH-TA,,-37.1477,-12.2325,Nearshore waters (0-2mi/3km) - Sandy Point to Stoneyhill Point,2025-03-26 10:48,18,18
L10977062,SH,SH-AC,,-7.9748,-14.3116,Nearshore waters (0-2mi/3km) - South East Head to White Bluff,2025-04-18 14:02,10,11
L10977075,SH,SH-AC,,-7.9968,-14.3644,Nearshore waters (0-2mi/3km) - South Point to White Bluff
L10977071,SH,SH-AC,,-7.9833,-14.4213,Nearshore waters (0-2mi/3km) - South West Bay to South Point,2024-04-23 13:30,8,4
L10976867,SH,SH-SH,,-15.9024,-5.6754,Nearshore waters (0-2mi/3km) - Sugar Loaf Point to Barn Long Point
L10921008,SH,SH-TA,,-40.3586005,-9.8703343,Nearshore waters (0-2mi/3km)- South Point to Luff Point,2022-03-21 13:11,12,1
L10920985,SH,SH-TA,,-40.3293,-9.9886,Nearshore waters (0-2mi/3km)- West Point to Gaggins Point,2025-04-03 17:31,23,2
L4543771,SH,SH-TA,,-37.4241789,-12.4825099,Nightingale Island (restricted access),2026-04-16 08:34,29,81
L4559031,SH,SH-TA,,-37.4738227,-12.4662209,Nightingale Islands general pelagic--over 2 miles from land,2026-04-13 07:04,20,9
L4543766,SH,SH-TA,,-37.2876432,-12.6586318,"North East nearshore waters, 0-2mi/3km from land (including Carlisle Bay)",2026-04-14 14:56,25,17
L10760213,SH,SH-TA,,-37.2840769,-12.6971353,"North West nearshore waters, 0-2mi/3km from land",2023-03-20 16:27,8,2
L20640126,SH,SH-AC,,-7.9660186,-14.4108921,Pan Am Beach and South West Bay and Nature Reserve,2026-09-23 09:12,13,8
L4610830,SH,SH-TA,,-40.298013,-9.898015,Penguin Island
L31421021,SH,SH-AC,,-7.9814751,-14.3507742,Pillar Bay,2024-01-28 15:58,7,0
L4549477,SH,SH-SH,,-15.9553565,-5.7208648,Plantation House,2026-04-23 15:50,12,18
L31707293,SH,SH-SH,,-15.9503577,-5.7142147,Prince Andrew School,2024-04-19 09:00,9,1
L4610741,SH,SH-SH,,-15.9576754,-5.6508458,Prosperous Bay Plain,2024-11-28 08:00,7,2
L10956153,SH,SH-TA,,-37.1107,-12.287,Queen Mary's Peak summit and crater
L29710207,SH,SH-AC,,-7.9677162,-14.4046935,RAF Ascension Cage,2025-10-13 10:05,5,7
L34290576,SH,SH-TA,,-39.545728,-6.5749028,RSA Seamount
L10977137,SH,SH-SH,,-15.8249122,-5.7112392,Saint Helena  general pelagic (north)--over 2 miles from land.,2018-04-20 00:00,9,1
L10977142,SH,SH-SH,,-16.1203,-5.7505,Saint Helena  general pelagic (south)--over 2 miles from land.,2026-04-22 15:00,14,10
L4559088,SH,SH-SH,,-15.954321,-5.5278289,Saint Helena general pelagic (east)--over 2 miles from land
L4559075,SH,SH-SH,,-15.9863825,-5.8643587,Saint Helena general pelagic (west)--over 2 miles from land,2025-04-12 13:00,13,7
L4563823,SH,SH-TA,,-37.29224,-12.657515,Salt Beach (restricted access),2026-04-14 15:40,20,42
L4610788,SH,SH-TA,,-37.116745,-12.216951,Sandy Point,2018-04-11 00:00,5,1
L20450619,SH,SH-AC,,-7.93944,-14.4195,Scout's Beach Hut and Blowhole,2021-09-22 00:00,2,0
L4549570,SH,SH-AC,,-7.9795078,-14.3960595,Sooty Tern nesting colony,2026-02-24 16:13,13,24
L10760084,SH,SH-TA,,-37.3152352,-12.6540306,"South East nearshore waters, 0-2mi/3km from land",2025-04-06 10:43,24,23
L6482244,SH,SH-SH,,-16.0159712,-5.7719086,South West Point to Castle Rock Point
L10760105,SH,SH-TA,,-37.3169498,-12.7132183,"South West nearshore waters, 0-2mi/3km from land",2026-02-02 16:39,6,2
L10921002,SH,SH-TA,,-40.379,-9.9124,Southern nearshore waters (0-2mi/3km) and Snug Harbour,2026-04-17 13:20,20,5
L10327896,SH,SH-SH,,-16.0297,-5.7541,Speery Island,2024-02-19 10:00,13,3
L14739135,SH,SH-AC,,-7.9603999,-14.4140803,Springers,2021-10-30 00:00,11,1
L4563809,SH,SH-TA,,-37.402459,-12.489281,Stoltenhoff Island (restricted access),2026-03-19 10:21,9,3
L10956140,SH,SH-TA,,-37.1648,-12.2776,Stonyhill Point,2023-04-11 15:35,6,2
L4563293,SH,SH-TA,,-37.076584,-12.300978,The Base--above Hottentot Gulch,2026-04-15 09:30,8,2
L4558991,SH,SH-TA,,-37.087015,-12.331162,The Patches,2026-04-15 15:50,13,35
L4563805,SH,SH-TA,,-37.116408,-12.148555,Tristan da Cunha  general pelagic (east)--over 2 miles from land.,2025-04-06 17:30,20,5
L10956106,SH,SH-TA,,-37.0143,-12.2812,Tristan da Cunha general pelagic (north)--over 2 miles from land,2023-04-10 09:00,17,3
L7130612,SH,SH-TA,,-37.2305015,-12.2712707,Tristan da Cunha general pelagic (south)--over 2 miles from land,2026-04-13 07:00,26,13
L4559018,SH,SH-TA,,-37.1228829,-12.4012599,Tristan da Cunha general pelagic (west)--over 2 miles from land.,2026-03-29 13:09,25,9
L20237105,SH,SH-AC,,-7.9352,-14.3654,Two Boats,2026-01-09 12:28,10,8
L10924501,SH,SH-TA,,-40.308019,-9.947264,Uplands: wet-heath and moorlands above 450 meters
L19553608,SH,SH-AC,,-7.9856639,-14.372894,Waterside,2026-09-23 10:07,10,4
L10760186,SH,SH-TA,,-37.3008,-12.6848,Western uplands bogfen heath (restricted access),2011-09-30 00:00,1,0
L11609690,SH,SH-TA,,-37.284019,-12.6757019,Where-the-pig-fell-off (restricted access),2025-04-06 13:50,11,1
L34261543,SH,SH-TA,,-39.456667,-7.825,Yakhont Seamount
L34272923,SH,SH-TA,,-40.9840042,-5.9325183,Zenker Seamount
