L2709247,SL,SL-W,,8.4166353,-13.2048583,Congo Dam,2026-03-10 06:57,169,34
L2713159,SL,SL-N,,9.248938,-11.4553714,Foria,2017-02-19 05:30,83,1
L24857907,SL,SL-W,,8.463794,-13.2775685,Freetown Golf Course,2026-03-11 07:43,82,3
L5773767,SL,SL-E,,7.3839315,-11.2012997,Gola Rainforest NP--East,2025-12-07 07:25,232,32
L5773708,SL,SL-E,,7.6724092,-10.9413185,Gola Rainforest NP--North,2026-03-11 06:30,298,132
L920204,SL,SL-W,,8.495943,-13.296851,Hotel Barmoi,2026-04-29 11:32,39,7
L2740535,SL,SL-W,,8.2426023,-13.1633806,John Obey Beach,2000-02-03 00:00,4,1
L920201,SL,SL-E,,8.010825,-11.147312,Kambui Hills Forest Reserve--North,2026-02-22 10:03,164,19
L920211,SL,SL-E,,7.610692,-11.394315,Kambui Hills Forest Reserve--South,2019-01-03 00:00,69,7
L2179820,SL,SL-N,,9.1834474,-11.1126709,Loma Mountains Forest Reserve,2024-11-25 13:30,165,14
L920222,SL,SL-W,,8.489,-13.290116,Lumley Beach,2025-04-28 12:27,79,10
L6044243,SL,SL-W,,8.4760898,-13.2199991,Mount Aureol,2026-04-25 09:47,84,13
L920198,SL,SL-N,,9.7800244,-12.0195694,Outamba-Kilimi NP,2025-11-27 09:12,159,28
L4549168,SL,SL-W,,8.4924998,-13.2898575,Radisson Blu Mammy Yoko Hotel,2026-03-01 07:06,45,7
L920225,SL,SL-W,,8.334188,-13.204026,River No. 2 Beach,2025-12-07 11:46,126,19
L5531305,SL,SL-N,,8.9267912,-10.7920504,Tingi Hills Forest Reserve,2017-02-21 07:00,101,3
L35051361,SL,SL-E,,7.5460077,-11.3485492,Tiwai Island Wildlife Sanctuary,2026-03-12 06:59,120,25
L920218,SL,SL-S,,7.545395,-11.348558,Tiwai Island Wildlife Sanctuary,2026-03-13 07:19,283,134
