L40388297,SX,SX-,,18.0556212,-63.0402106,Border Monument and Surrounding Green Space,2026-04-19 09:39,14,2
L22912769,SX,SX-,,18.0411556,-63.0829001,Cole Bay (Town),2026-05-22 14:53,17,8
L4805526,SX,SX-,,18.0477612,-63.1295523,Cupecoy Beaches,2026-05-08 19:32,40,20
L10852654,SX,SX-,,18.0428698,-63.0642486,Emilio Wilson Park,2026-09-01 18:08,44,128
L5288055,SX,SX-,,18.01452,-63.05962,Fort Amsterdam,2026-09-03 11:40,57,143
L2424154,SX,SX-,,18.0340084,-63.0584013,Fresh Pond,2026-09-20 06:30,62,93
L5279106,SX,SX-,,18.0181681,-63.0441105,Great Bay Marina (Dock Maarten),2026-09-26 06:26,51,70
L5196319,SX,SX-,,18.032956,-63.0503869,Great Salt Pond,2026-09-22 07:07,103,462
L4265824,SX,SX-,,18.0265675,-63.0416965,Great Salt Pond--South East,2026-09-22 07:07,75,218
L3154548,SX,SX-,,18.0340761,-63.0938816,Kim Sha Beach,2026-09-17 10:58,56,74
L14033267,SX,SX-,,18.0191809,-63.0627787,Little Bay Beach,2026-07-25 11:26,51,55
L2425939,SX,SX-,,18.0223883,-63.0651927,Little Bay Pond,2026-06-01 16:52,81,282
L60427258,SX,SX-,,18.0239965,-63.0656862,Little Bay Pond Birding Platform,2026-09-11 09:43,33,8
L20198765,SX,SX-,,18.0399023,-63.120672,Maho Beach,2026-07-22 16:01,49,44
L8993473,SX,SX-,,18.0407339,-63.1224503,Maho Beach--Sonesta Maho Beach Resort,2026-06-14 12:34,45,48
L21503004,SX,SX-,,18.0445405,-63.1213259,Mullet Bay Golf Course,2026-07-22 15:52,59,19
L40317061,SX,SX-,,18.0546522,-63.0146063,Oyster Pond,2026-08-15 18:24,35,28
L40388173,SX,SX-,,18.0546867,-63.030351,Oyster Pond Rd,2026-02-19 11:30,11,2
L22912565,SX,SX-,,18.0263763,-63.0502612,Philipsburg (Town),2026-07-15 13:59,60,39
L22946011,SX,SX-,,18.0231505,-63.046664,Philipsburg Beach,2026-09-23 06:32,36,40
L2078459,SX,SX-,,18.012817,-63.045817,Point Blanche Port,2026-08-11 17:24,76,199
L3117258,SX,SX-,,18.0305667,-63.0459881,Pond Island,2026-04-25 09:17,49,22
L21502956,SX,SX-,,18.0429554,-63.1137015,Princess Juliana Airport,2026-05-09 15:47,32,36
L5257606,SX,SX-,,18.0272612,-63.0385476,Rolandus Kanaal,2025-11-19 08:20,42,6
L40387977,SX,SX-,,18.0552803,-63.0261757,Scallop Shell Rd,2025-03-22 10:48,10,2
L4857866,SX,SX-,,18.0380343,-63.047812,St. Maarten Zoo,2024-11-14 10:53,21,4
L62112515,SX,SX-,,18.0366609,-63.120099,The Morgan Resort and Shore,2026-07-31 08:51,21,2
