L5666618,TM,TM-A,,38.500769,57.115265,Arkman kanýony [Archman Canyon],2025-09-15 09:38,12,2
L5424102,TM,TM-B,,39.953894,52.86428,Awaza (umumy meýdan) [Awaza (general area)],2025-09-12 18:40,72,10
L5977083,TM,TM-B,,40.031299,52.855178,Awaza süýji suwly batgalyk ýerler [Awaza freshwater wetlands],2018-03-31 13:00,26,7
L5954792,TM,TM-A,,37.957994,58.510248,Aşgabadyň gündogaryndaky suw howdany (Ahal sebiti) [Reservoir east of Ashgabat (Ahal Region)],2026-04-28 09:41,26,4
L5911331,TM,TM-A,,37.9290209,58.3719626,Aşgabat - Oguzkent myhmanhanasy [Ashgabat--Hotel Oguzkent],2026-06-07 18:02,35,12
L5930563,TM,TM-A,,37.952071,58.346682,Aşgabat botanika bagy [Ashgabat Botanical Garden],2026-04-27 07:19,33,19
L5822287,TM,TM-A,,37.814658,58.28018,Aşgabat gondola terminaly [Ashgabat gondola terminal],2026-04-19 09:00,23,8
L5955868,TM,TM-A,,38.0386989,58.0489196,Aşgabat haýwanat bagy  (Ashgabat Zoo),2016-05-06 10:00,10,6
L5601848,TM,TM-A,,37.971513,58.446468,Aşgabat--Sport köli [Ashgabat--Sport Lake],2016-11-27 09:00,16,4
L5415978,TM,TM-A,,37.8610648,58.2394481,Aşgabat--Türkmenistan teleýaýlymy [Ashgabat--Turkmenistan TV Tower],2017-01-14 14:00,7,1
L5920312,TM,TM-B,,41.5377445,52.5708246,Bekdaş
L9468215,TM,TM-D,,40.2526277,58.4396994,Darwasa gaz krateri [Darvasa Gas Crater],2026-08-19 06:27,27,7
L5410383,TM,TM-A,,38.2425591,57.8705544,Gokdepe suw howdany [Gokdepe Reservoir],2024-07-28 17:42,83,7
L4814368,TM,TM-B,,40.2466139,52.7416062,Guwlymayak,2017-01-22 09:00,30,3
L5911478,TM,TM-A,,37.359462,59.632585,Kart  (Kaakhka)
L3954206,TM,TM-L,,37.7988227,66.5116167,Koýtendag goraghanasy (umumy meýdan – mümkin bolsa has anyk ýeri ulanyň) [Koytendag Nature Reserve (general area – please use a more specific location if possible)]
L5584587,TM,TM-A,,38.0287575,58.3725071,Kurtlinskoe suw howdany [Kurtlinskoe Reservoir],2025-04-06 11:15,82,31
L14088035,TM,TM-L,,38.6960584,63.2284151,Repetek қорығы (Repetek Nature Reserve),2025-05-26 05:36,52,14
L7448796,TM,TM-A,,38.411886,57.225069,Road to Nokhur,2018-05-20 09:00,7,0
L5791239,TM,TM-A,,37.980925,58.04015,Týuri [Tyuri],2026-06-14 10:09,75,9
L6380153,TM,TM-B,,40.5105,55.00705,Yangykala kanýony [Yangygala Canyon]
