L5104781,TT,TT-SJL,,10.5570165,-61.4317703,Abidh Road and Abidh Road Ext,2026-07-22 08:26,60,5
L6522692,TT,TT-TOB,,11.2244607,-60.7631868,Adventure Farm,2026-02-03 11:16,37,9
L5427149,TT,TT-TOB,,11.2213208,-60.7653701,Adventure Farm and Nature Reserve,2026-08-28 12:36,58,55
L7961118,TT,TT-SJL,,10.6291625,-61.4376606,Aranguez farmland,2026-09-07 16:29,144,137
L25319430,TT,TT-DMN,,10.7184808,-61.5985446,Arboretum road,2026-08-30 08:32,111,18
L854201,TT,TT-CTT,,10.569455,-61.2482214,Arena Forest,2026-06-13 18:14,205,233
L652731,TT,TT-CTT,,10.5355768,-61.2518692,Arena Forest Reserve and Reservoir,2025-05-10 14:59,202,68
L5515867,TT,TT-TOB,,11.2536006,-60.585748,Argyle Falls,2026-07-20 09:34,56,31
L840782,TT,TT-TOB,,11.2491232,-60.5869174,Argyle Falls,2026-03-20 09:49,102,65
L1106455,TT,TT-ARI,,10.6390981,-61.2792492,Arima,2026-05-14 12:22,208,117
L1107641,TT,TT-TUP,,10.6925746,-61.2918234,Arima River at Fraser Stream,2026-07-27 08:24,154,97
L19852529,TT,TT-SIP,,10.227128,-61.5697217,"Aripero Pond, Rousillac",2025-02-01 07:27,92,6
L621687,TT,TT-TUP,,10.6393512,-61.2409687,Aripo Livestock (Agriculture Research) Station,2026-09-04 07:50,248,1145
L7021345,TT,TT-SGE,,10.593726,-61.2076664,Aripo Savanna,2026-09-23 08:11,165,36
L652732,TT,TT-SGE,,10.5922721,-61.2005746,Aripo Savannah--Cumuto Road,2026-08-08 07:23,242,365
L623637,TT,TT-TOB,,11.2269457,-60.7654506,Arnos Vale Hotel,2026-04-21 13:11,104,63
L3915123,TT,TT-TOB,,11.2078501,-60.7544187,Arnos Vale Waterwheel and Nature Park,2025-11-22 10:30,91,23
L40158136,TT,TT-TUP,,10.717981,-61.2981367,Asa Wright Nature Center,2026-09-24 13:58,284,10173
L20179998,TT,TT-SGE,,10.7221484,-61.0312575,Bajnath's Estate Hummingbird Sanctuary,2026-09-27 11:13,158,400
L1268798,TT,TT-TOB,,11.1930317,-60.6667963,Barbados Beach (Dudley Park Beach),2026-04-10 14:44,80,46
L2534485,TT,TT-TOB,,11.30655,-60.52802,Batteaux Bay,2026-05-29 16:38,46,62
L471373,TT,TT-TUP,,10.8016914,-61.3286877,Blanchisseuse Beach & N. Coast  Road,2026-05-01 17:32,228,94
L623423,TT,TT-TUP,,10.7403919,-61.3181305,Blanchisseuse Road,2026-07-25 10:51,248,1272
L762065,TT,TT-TOB,,11.3071606,-60.5287564,Blue Waters Inn,2026-09-14 08:30,149,1213
L936838,TT,TT-TOB,,11.3103904,-60.5278659,Blue Waters Inn--Starwood tr,2025-12-09 08:30,125,160
L623632,TT,TT-TOB,,11.1620872,-60.8301079,Bon Accord Sewage Treatment Ponds,2026-08-22 17:54,178,1148
L686801,TT,TT-TUP,,10.7431747,-61.2583494,Brasso Seco,2026-08-21 07:46,198,368
L621489,TT,TT-CTT,,10.484014,-61.4711237,Brickfield,2026-08-11 07:12,236,289
L40254853,TT,TT-SJL,,10.6730492,-61.5089107,Brix Hotel,2026-09-08 17:15,38,7
L623636,TT,TT-TOB,,11.1811174,-60.8069873,Buccoo Lagoon,2026-08-06 11:57,86,26
L890654,TT,TT-TOB,,11.1788018,-60.8046699,Buccoo Marsh,2025-11-23 18:40,135,79
L621690,TT,TT-SJL,,10.5554907,-61.4406967,Cacandee,2026-07-25 07:29,135,50
L35823100,TT,TT-TUP,,10.694388,-61.3237095,Cafe Mariposa Gardens,2025-12-06 11:50,22,0
L2534460,TT,TT-DMN,,10.67975,-61.62212,"Carenage Bay, Trinidad",2026-09-12 08:56,67,33
L621494,TT,TT-CTT,,10.4237481,-61.4930534,Carli Bay,2026-07-28 13:02,189,175
L772089,TT,TT-CTT,,10.4839296,-61.3877821,Carlsen Field,2024-05-02 08:38,161,51
L590052,TT,TT-TUP,,10.5971707,-61.3943481,Caroni (general area),2026-08-08 16:35,221,129
L936776,TT,TT-SJL,,10.6050273,-61.434018,Caroni Bird Sanctuary visitor centre,2026-09-07 14:32,219,510
L621491,TT,TT-TUP,,10.5989424,-61.4006996,Caroni Rice Fields,2026-09-26 06:05,224,841
L616318,TT,TT-SJL,,10.5966645,-61.4518547,Caroni Swamp,2026-09-10 17:17,287,1981
L936771,TT,TT-SJL,,10.5998704,-61.4214706,Caroni rice fields--by Uriah Butler,2026-08-13 14:49,170,182
L623629,TT,TT-TOB,,11.2760601,-60.6946564,Castara,2026-07-19 07:26,111,135
L816440,TT,TT-TOB,,11.2805265,-60.6957668,Castara Bay,2026-09-10 09:07,99,125
L8092423,TT,TT-TOB,,11.2791029,-60.6960204,Castara Beach,2026-04-10 10:06,54,24
L621884,TT,TT-RCM,,10.2169496,-61.1725616,Cat's Hill,2023-06-08 05:15,157,39
L5427330,TT,TT-TOB,,11.160315,-60.816964,Centre Street Ponds,2026-08-16 10:37,139,447
L735713,TT,TT-DMN,,10.6929963,-61.7527771,Chacachacare,2026-08-22 05:38,97,32
L621886,TT,TT-DMN,,10.692659,-61.6523552,Chaguaramas,2026-08-18 11:20,141,32
L769284,TT,TT-DMN,,10.7283856,-61.6191924,"Chaguaramas, Golf Course",2026-06-20 08:46,124,50
L769287,TT,TT-DMN,,10.6729227,-61.6263914,"Chaguaramas, Point Gourde",2026-04-18 11:49,153,78
L42325000,TT,TT-TUP,,10.6844115,-61.2833725,Charan's Hummingbird Garden,2026-07-25 17:13,91,13
L623630,TT,TT-TOB,,11.3205004,-60.5490875,Charlotteville,2026-08-07 11:32,110,97
L4776231,TT,TT-SIP,,10.1085228,-61.7358685,Chatham,2026-02-15 13:00,100,9
L621881,TT,TT-CTT,,10.3427105,-61.4589518,Claxton Bay,2025-04-27 17:49,98,22
L623628,TT,TT-TOB,,11.1490559,-60.8391094,Crown Point,2026-08-04 11:30,110,55
L470121,TT,TT-TOB,,11.2452617,-60.6984036,Cuffie River Nature Retreat,2026-08-03 11:10,133,1470
L890664,TT,TT-SGE,,10.7034544,-61.1663818,Cumaca,2026-05-13 08:45,150,19
L5415101,TT,TT-SGE,,10.715954,-61.149272,Cumaca Cave,2024-07-05 10:44,84,10
L4959262,TT,TT-DMN,,10.6818957,-61.5581185,Diego Martin River - Mudflats,2026-09-17 13:10,77,43
L634083,TT,TT-PRT,,10.1135419,-61.1938477,"Edward Trace, Trinity Hills",2024-04-18 08:41,126,22
L652733,TT,TT-TUP,,10.6769713,-61.3764954,El Tucuche,2024-12-24 14:20,92,6
L621891,TT,TT-SIP,,10.0790653,-61.6693497,Erin,2024-05-12 20:18,128,17
L654955,TT,TT-SIP,,10.1651338,-61.5519923,"Fayzabad, Heritage Park",2019-12-24 16:57,92,32
L1880773,TT,TT-TOB,,11.329644,-60.5386725,Flagstaff Hill,2026-08-03 17:22,78,84
L621895,TT,TT-SIP,,10.2302955,-61.5385008,Freeman's Bay,2025-04-20 13:00,68,26
L669017,TT,TT-SGE,,10.8335589,-60.9096622,Galera Point,2026-07-25 12:25,121,90
L1120772,TT,TT-TOB,,11.202167,-60.7863021,Grafton Beach Resort,2026-08-13 13:35,94,50
L1472969,TT,TT-TOB,,11.1995535,-60.7869428,Grafton Caledonia Bird Sanctuary,2026-08-12 07:58,116,123
L623639,TT,TT-TOB,,11.2023985,-60.776968,Grafton Estate,2026-09-14 10:27,102,72
L5418936,TT,TT-SGE,,10.822157,-61.044495,Grand Riviere--Monte Video Road,2026-09-09 07:10,204,691
L652736,TT,TT-SGE,,10.826899,-61.0525703,Grande Riviere,2026-09-08 16:00,251,795
L7869345,TT,TT-CTT,,10.5227924,-61.2755585,Hacienda Jacana,2026-08-10 08:32,179,335
L621900,TT,TT-TUP,,10.6928277,-61.2259483,Heights of Aripo,2024-11-26 12:00,196,65
L652729,TT,TT-SGE,,10.6995748,-61.1890411,Hollis Reservoir,2019-05-30 09:00,27,4
L2534483,TT,TT-TOB,,11.29445,-60.53816,Hummingbird House,2026-05-04 21:48,41,56
L74117037,TT,TT-POS,,10.64993,-61.515863,Hyatt Regency and International Waterfront Park,2026-08-12 06:11,50,137
L621906,TT,TT-SIP,,10.0594593,-61.9045258,Icacos,2026-01-18 06:14,154,38
L891344,TT,TT-SIP,,10.0479656,-61.9306183,Icacos--Beach,2025-10-11 10:58,56,11
L891345,TT,TT-SIP,,10.0615721,-61.8964577,Icacos--swamp and coconut plantations,2026-08-29 17:57,148,76
L621901,TT,TT-CTT,,10.424128,-61.3464332,La Vega,2026-07-28 09:00,183,115
L623421,TT,TT-TUP,,10.7060688,-61.2829399,Lalaja Road,2026-04-26 07:54,166,93
L749990,TT,TT-TUP,,10.7287967,-61.3105989,Las Lapas Trace,2026-08-31 17:09,174,559
L8684539,TT,TT-SGE,,10.676547,-61.075051,Leatherback Lodge Rio Grande Rd,2026-09-27 10:12,93,13
L832975,TT,TT-TOB,,11.2996699,-60.5019665,Little Tobago Island,2026-09-17 14:34,143,1261
L741351,TT,TT-TUP,,10.7051411,-61.3171005,Lopinot,2025-03-15 08:09,138,41
L674478,TT,TT-TOB,,11.1534559,-60.7816243,"Lowlands, Magdelena golf course and ponds",2026-08-15 16:25,140,349
L623631,TT,TT-TOB,,11.2817838,-60.6191254,Main Ridge Forest Reserve,2026-08-07 07:43,135,773
L2534486,TT,TT-TOB,,11.3237,-60.55525,Man O War Bay,2026-05-04 11:52,42,19
L1268807,TT,TT-SGE,,10.503306,-61.0439765,Manzanilla Beach,2026-08-08 08:47,212,455
L1110980,TT,TT-SJL,,10.7588589,-61.4399242,Maracas Bay,2026-08-21 10:38,125,70
L816574,TT,TT-TUP,,10.7951468,-61.3024262,Marianne river mouth and Laguna Mar,2026-03-25 11:44,182,45
L1238287,TT,TT-SGE,,10.6517722,-61.0365093,Matura Beach access,2026-09-27 10:39,144,27
L623430,TT,TT-TUP,,10.637158,-61.2552273,Mexico Road,2026-09-23 07:44,167,366
L623422,TT,TT-TUP,,10.7258873,-61.3065434,Morne Bleu (TSTT Tower),2026-08-09 05:44,175,348
L621902,TT,TT-PRT,,10.0868398,-61.279335,Moruga,2026-05-09 17:46,180,33
L724341,TT,TT-TUP,,10.6656689,-61.398468,Mount St. Benedict,2026-09-06 07:02,209,298
L3963095,TT,TT-RCM,,10.3923339,-61.0207701,Nariva River Mouth,2026-08-19 07:17,188,275
L471384,TT,TT-RCM,,10.3817914,-61.0261345,Nariva Swamp,2026-08-05 07:35,280,648
L950220,TT,TT-RCM,,10.3965022,-61.0414553,Nariva Swamp - Bush Bush,2026-08-24 13:16,231,160
L950235,TT,TT-RCM,,10.3773169,-61.0254478,Nariva Swamp - Kernaham Tr (melon patch),2026-09-12 16:42,224,284
L935404,TT,TT-SGE,,10.4880651,-61.0438693,Nariva Swamp--manatee center,2026-07-31 15:52,187,75
L1126039,TT,TT-SGE,,10.4951332,-61.0678017,Nariva--Brigand Hill,2026-06-29 06:50,156,28
L39193470,TT,TT-TUP,,10.6278787,-61.3746232,Orange Grove Estate,2026-09-23 15:50,158,225
L620681,TT,TT-CTT,,10.4627872,-61.4809513,Orange Valley,2026-09-15 10:56,201,844
L1108546,TT,TT-SGE,,10.7368501,-61.1453533,Oropuche River--upper,1988-04-23 00:00,53,3
L622100,TT,TT-TUP,,10.6628643,-61.3952386,Pax Guest House,2026-07-28 17:53,219,769
L622102,TT,TT-PED,,10.13889,-61.4549446,Penal,2025-05-09 09:13,112,12
L935392,TT,TT-TUP,,10.5981831,-61.33564,Piarco Airport and adjacent lakes,2026-09-11 10:16,190,390
L623633,TT,TT-TOB,,11.1690132,-60.8380124,Pigeon Point,2026-08-05 13:11,119,140
L674473,TT,TT-TOB,,11.159161,-60.838573,Pigeon Point Road,2026-05-09 17:20,89,117
L622104,TT,TT-SIP,,10.2349834,-61.6275072,Pitch Lake,2026-08-09 15:15,162,110
L622107,TT,TT-CTT,,10.3306148,-61.451844,Pointe a Pierre Wildfowl Trust,2026-09-22 13:00,213,212
L1107787,TT,TT-SGE,,10.6799233,-61.1963367,Quare River,2024-03-27 12:17,68,4
L936836,TT,TT-TOB,,11.2487233,-60.5627561,Queen of Louis dor river,2024-12-09 10:45,74,13
L622110,TT,TT-PED,,10.0754315,-61.5091038,Quinam,2023-04-01 15:45,106,10
L623228,TT,TT-SIP,,10.2009,-61.481123,Rahamut Trace,2026-08-27 05:56,201,449
L1058700,TT,TT-SJL,,10.6743144,-61.5152407,"Royal Botanical Gardens, Port-of-Spain",2026-09-17 10:22,189,254
L4356027,TT,TT-SFO,,10.282069,-61.4590645,San Fernando Hill,2026-05-25 13:48,27,7
L993489,TT,TT-TOB,,11.1852222,-60.7334733,Scarborough,2026-08-11 17:40,96,68
L621920,TT,TT-PED,,10.2329984,-61.5042973,South Oropouche Swamp,2026-07-19 09:38,164,44
L623641,TT,TT-TOB,,11.3003011,-60.5339813,Speyside,2026-08-06 18:33,132,192
L674469,TT,TT-TOB,,11.3551831,-60.5225658,St. Giles Island,2026-05-04 18:21,52,49
L2534478,TT,TT-TOB,,11.15833,-60.84167,"Store Bay, Tobago",2026-04-11 09:49,66,19
L623227,TT,TT-SIP,,10.1997173,-61.492002,Sudama steps,2026-03-07 09:36,131,83
L41724108,TT,TT-SJL,,10.5641288,-61.4238417,Sumaria Trace,2026-09-16 07:49,146,157
L471430,TT,TT-CTT,,10.4810601,-61.4742565,Temple by the Sea,2026-09-15 12:08,189,484
L811487,TT,TT-TOB,,11.2662958,-60.6386948,Tobago Forest Reserve,2026-02-09 10:58,117,103
L811483,TT,TT-TOB,,11.2853261,-60.5931187,Tobago Forest Reserve--Gilpin Trace,2026-08-12 15:44,129,877
L854166,TT,TT-TOB,,11.2277613,-60.6666327,Tobago Forest Reserve--Hillsborough Dam,2024-02-09 07:55,112,23
L1659648,TT,TT-TOB,,11.1512974,-60.8375581,Tobago International Airport,2026-07-18 17:52,70,66
L3915176,TT,TT-TOB,,11.149898,-60.7826543,Tobago Plantations,2026-08-09 06:35,130,279
L38212756,TT,TT-CTT,,10.3844575,-61.3855927,Tortuga Short Cut Road,2026-08-31 11:18,118,21
L623425,TT,TT-TUP,,10.6210561,-61.3547802,Trincity Sewage Treatment Ponds,2026-08-29 16:22,208,540
L30090150,TT,TT-SGE,,10.7253414,-61.1947271,Verdant vale hummingbird garden,2024-05-08 05:15,47,2
L623424,TT,TT-TUP,,10.6211721,-61.2133741,Waller Field,2026-07-30 08:19,232,752
L621495,TT,TT-CTT,,10.4888246,-61.4569187,Waterloo,2026-09-13 08:45,176,117
L4302378,TT,TT-CTT,,10.4884447,-61.4712143,Waterloo Fish Depot,2026-09-15 12:47,128,36
L4928961,TT,TT-POS,,10.6758783,-61.5490901,West Shore Medical Parking Lot,2025-07-16 09:33,17,3
L717383,TT,TT-TUP,,10.6902974,-61.2831116,William Beebe Tropical Research Station (Simla),2026-01-20 06:00,179,60
L4133756,TT,TT-SJL,,10.7015931,-61.4391899,Yerette,2026-09-05 17:18,34,5
L5409321,TT,TT-TUP,,10.687713,-61.414392,Yerettê Hummingbird Sanctuary,2026-09-02 11:34,119,304
