L9484710,TZ,TZ-15,TZ-15-MA,-6.2185055,39.2213631,Abeid Amani Karume International Airport,2026-09-12 15:27,25,38
L9811657,TZ,TZ-01,TZ-01-MO,-3.395,35.877,Africa Safari Glamping Tented Camp,2026-09-08 18:00,218,33
L8996141,TZ,TZ-01,TZ-01-AU,-3.37709,36.70057,African Tulip Hotel,2026-07-15 14:53,77,41
L3256087,TZ,TZ-01,TZ-01-AR,-3.3166059,36.6661835,Aga Khan University Faculty of Arts & Sciences,2024-07-27 15:37,125,14
L3121936,TZ,TZ-01,TZ-01-AR,-3.3416384,36.6026688,Aga Khan University--Loilenok Hills and Fields (restricted access),2026-08-30 15:56,388,394
L4636151,TZ,TZ-01,TZ-01-AR,-3.360842,36.6782,Ahadi Lodge,2026-09-10 11:20,145,22
L8829498,TZ,TZ-01,TZ-01-ME,-3.3767959,37.0339,Airport Planet Lodge,2026-08-29 17:07,167,108
L4815985,TZ,TZ-01,TZ-01-NG,-2.762534,35.288151,Alamana Wilderness Camp,2026-01-07 21:12,75,2
L7048488,TZ,TZ-02,TZ-02-KI,-6.7489558,39.2739022,Alexander's Hotel,2026-07-13 06:45,36,6
L9484724,TZ,TZ-07,TZ-07-KA,-5.7298911,39.2915189,Amaan Beach Bungalows,2026-08-20 06:48,30,8
L26872536,TZ,TZ-25,TZ-25-MU,-5.08923,38.6268267,Amani Forest Reserve -- Botanical garden (IBA TZ070),2026-09-05 15:16,119,65
L18520351,TZ,TZ-25,TZ-25-MU,-5.1604294,38.6320871,Amani Forest Reserve--Headquarters (IBA TZ070),2026-07-03 08:05,129,13
L16313612,TZ,TZ-25,TZ-25-MU,-5.151262,38.605747,Amani Forest Reserve--Kwamkoro Trail (IBA TZ070),2026-09-05 07:30,189,113
L23414572,TZ,TZ-04,TZ-04-KI,-7.6996432,35.9283496,Amani Seasonal Wetland,2026-05-05 13:53,21,3
L28255016,TZ,TZ-25,TZ-25-MU,-5.1089167,38.6277167,Amani view camp-east usambara mountains,2026-08-19 14:33,114,22
L17504178,TZ,TZ-09,TZ-09-MO,-3.3341731,37.3247784,Ameg Lodge,2026-08-25 13:05,65,14
L4996765,TZ,TZ-07,TZ-07-KA,-5.820546,39.383527,AndBeyond Mnemba Island,2026-09-12 13:57,57,18
L13568130,TZ,TZ-16,TZ-16-MU,-6.809395,37.6949555,Arc Hotel,2026-01-25 07:03,46,11
L18505421,TZ,TZ-01,TZ-01-ME,-3.3808667,36.8397368,Arumeru River Lodge,2026-08-29 07:18,194,28
L1150867,TZ,TZ-01,TZ-01-AU,-3.367426,36.6222489,Arusha Airport,2026-08-18 06:36,290,175
L1326426,TZ,TZ-01,TZ-01-AU,-3.368846,36.6981237,Arusha Central Greenway,2026-09-25 09:39,131,60
L1270120,TZ,TZ-01,TZ-01-AU,-3.3743309,36.6439962,Arusha Coffee Lodge,2026-09-15 09:58,263,116
L3675026,TZ,TZ-01,TZ-01-AU,-3.4548214,36.7055798,Arusha Gulley,2026-08-31 08:19,131,10
L945607,TZ,TZ-01,TZ-01-ME,-3.2561385,36.7689686,Arusha NP,2026-09-25 22:26,621,1212
L37288733,TZ,TZ-01,TZ-01-ME,-3.269391,36.846931,Arusha NP--Koroi Forest Lodge,2026-09-13 07:19,306,108
L13731618,TZ,TZ-01,TZ-01-ME,-3.290448,36.9119921,Arusha NP--Ngurdoto Crater,2026-09-24 10:00,398,289
L8567718,TZ,TZ-01,TZ-01-ME,-3.3613916,36.8210505,Arusha Villa Karamu Coffee Estate,2026-07-17 09:17,163,26
L6124868,TZ,TZ-16,TZ-16-MO,-7.895221,37.682304,Azura Selous Game Reserve,2024-08-13 07:00,117,4
L13850271,TZ,TZ-02,TZ-02-KI,-6.6791074,39.2242675,Azure Boutique Resort Beach,2026-03-18 08:45,75,28
L22970163,TZ,TZ-19,TZ-19-BA,-6.4338607,38.9062688,Bagamoyo Beach,2026-01-28 16:25,38,10
L8048504,TZ,TZ-11,TZ-11-KU,-6.2991824,39.5412029,Bahari View Lodge,2026-09-01 09:07,40,14
L16606234,TZ,TZ-16,TZ-16-MU,-6.8618749,37.6755685,Bahati Scout Camp,2026-09-16 08:50,83,8
L53420668,TZ,TZ-04,TZ-04-IR,-7.996,35.425,Balali Wetland,2025-09-28 13:10,16,1
L3856565,TZ,TZ-02,TZ-02-TE,-6.874117,39.471118,Banda Ya Amani Beach Lodge,2026-07-12 11:37,59,9
L2322366,TZ,TZ-01,TZ-01-ME,-3.4162563,36.8663353,Batini near USA River,2026-08-03 08:52,365,168
L37860215,TZ,TZ-24,TZ-24-SI,-6.4687168,33.1201103,Between Ipole-Rungwa (Atlas Grid 3306A),2025-04-20 05:00,70,3
L2736936,TZ,TZ-01,TZ-01-ME,-3.2258973,36.9018931,Big and Small Momela Lakes,2026-09-07 09:45,422,432
L18351478,TZ,TZ-05,TZ-05-MU,-2.2577933,31.5197616,Biharamulo Game Reserve,2024-08-10 13:45,5,1
L6509576,TZ,TZ-18,TZ-18-NY,-2.519177,32.8952122,Bismarck Rock,2026-09-20 08:29,76,15
L26811152,TZ,TZ-26,TZ-26-SI,-3.7655833,36.9410633,Black-capped social weaver point,2026-08-04 12:25,98,32
L4032204,TZ,TZ-07,TZ-07-KB,-5.9783674,39.3745896,Bluebay Beach Resort and Spa,2026-05-21 07:00,59,25
L1762833,TZ,TZ-02,TZ-02-KI,-6.698679,39.2628305,Bongoyo Island,2026-02-21 11:24,63,13
L3988897,TZ,TZ-02,TZ-02-IL,-6.8119333,39.2937505,Botanical Garden,2026-08-01 17:06,72,31
L40665915,TZ,TZ-11,TZ-11-KU,-6.1932267,39.5343207,Breezes resort,2026-07-20 00:00,57,11
L12549410,TZ,TZ-13,TZ-13-RO,-1.1378407,34.2779772,Bugire Hills (Tanzania),2020-09-25 07:13,128,1
L37272585,TZ,TZ-05,TZ-05-KA,-2.031,31.065,Burigi-Chato GR,2024-10-11 06:15,39,1
L16551958,TZ,TZ-05,TZ-05-BI,-2.2995859,31.1722286,Burigi-Chato NP,2026-08-21 13:44,72,1
L2292618,TZ,TZ-01,TZ-01-AU,-3.3660821,36.6536736,Burka Coffee Estate,2026-05-29 15:49,224,39
L8806305,TZ,TZ-26,TZ-26-BA,-3.8877125,35.8571947,Burungi Tented Lodge,2026-09-16 17:43,287,167
L1327560,TZ,TZ-09,TZ-09-MW,-3.516294,37.5802056,Butu Road,2026-07-10 09:14,228,57
L21720383,TZ,TZ-15,TZ-15-MA,-6.2612068,39.2368199,Buyu--Institute of Marine Science (IBA TZ044),2026-09-25 09:40,73,11
L37823578,TZ,TZ-03,TZ-03-DO,-6.2050182,35.7534247,"Bwawa La Mkalama, Dodoma",2026-02-16 09:10,71,2
L5296940,TZ,TZ-15,TZ-15-MJ,-6.1578995,39.1983443,Bwawani Wetland and Bay side,2026-08-23 16:04,110,237
L32484609,TZ,TZ-15,TZ-15-MA,-6.3001105,39.2831816,Bweleo,2024-08-12 14:00,7,1
L51890332,TZ,TZ-15,TZ-15-MA,-6.0746254,39.2696101,Bwimbwi sudi wetland,2026-08-23 11:14,70,13
L30364837,TZ,TZ-21,TZ-21-NA,-10.2710056,36.287241,CBCTC,2024-04-10 07:17,77,4
L8039225,TZ,TZ-16,TZ-16-KI,-7.389369,37.002511,Camp Bastian Mikumi,2026-09-18 06:33,98,27
L22732134,TZ,TZ-02,TZ-02-KI,-6.758044,39.2714775,Cape Town Fish Market,2026-08-28 11:41,33,18
L35975999,TZ,TZ-03,TZ-03-DO,-6.1301007,35.9540197,Care of Creation Tanzania,2026-09-26 11:39,152,297
L44597746,TZ,TZ-16,TZ-16-MO,-6.7803308,37.7412355,Cate Hotels - Morogoro,2026-05-09 07:32,27,5
L39793815,TZ,TZ-07,TZ-07-KB,-5.9311281,39.2840031,Chaani Forest Reserve,2025-10-21 08:01,30,5
L1016662,TZ,TZ-10,TZ-10-CH,-5.2441062,39.7676754,Chake Chake (town) (IBA TZ076),2025-08-04 11:43,52,19
L16618196,TZ,TZ-01,TZ-01-ME,-3.323401,36.8507807,Chama Forest,2026-09-26 12:39,264,116
L7421902,TZ,TZ-15,TZ-15-MA,-6.1192245,39.1661632,Changuu Island,2026-08-23 10:32,31,28
L20803383,TZ,TZ-15,TZ-15-MA,-6.1271729,39.1923737,Chapwani Island,2024-06-23 10:32,19,5
L20675144,TZ,TZ-15,TZ-15-MA,-6.1320209,39.1975021,Chapwani Sand Bank,2023-01-06 16:07,24,6
L3743797,TZ,TZ-09,TZ-09-HA,-3.4410276,37.1942997,Chemka Hot Springs,2026-01-13 16:30,192,18
L5220036,TZ,TZ-19,TZ-19-MA,-7.9414831,39.7668171,Chole Bay,2026-01-21 12:35,49,1
L5162451,TZ,TZ-19,TZ-19-MA,-7.9791678,39.7613668,Chole Island,2026-09-13 16:28,115,23
L54760368,TZ,TZ-16,TZ-16-MU,-6.867574,37.678684,Choma Waterfall Trail,2026-09-16 13:27,68,6
L13093119,TZ,TZ-09,TZ-09-SA,-4.306789,37.908193,Chome Nature Forest Reserve,2026-07-11 11:22,160,20
L4903055,TZ,TZ-15,TZ-15-MA,-6.2791046,39.1774714,Chumbe Island Coral Park (IBA TZ044),2026-09-27 13:15,67,58
L21534223,TZ,TZ-25,TZ-25-MU,-5.1642133,38.7696242,Coastal cisticola point muheza,2026-06-22 15:08,123,71
L3028880,TZ,TZ-09,TZ-09-MR,-3.2420784,37.3268652,College of African Wildlife Management,2026-09-14 07:29,245,205
L10646387,TZ,TZ-16,TZ-16-KI,-7.4981367,36.5790142,Crocodile Camp,2025-12-24 09:42,111,31
L7200930,TZ,TZ-01,TZ-01-AU,-3.3766612,36.657689,Cultural Heritage Centre,2026-09-21 14:30,94,41
L19024000,TZ,TZ-04,TZ-04-KI,-8.0930174,35.9289462,"Dabaga-Ulong'ambi Forest Reserve, Kilolo, Tanzania",2025-10-11 15:28,30,3
L35602987,TZ,TZ-07,TZ-07-KA,-5.774628,39.2859669,Daloni Island and area,2025-11-25 10:00,34,4
L22461600,TZ,TZ-01,TZ-01-ME,-3.3662065,36.8389132,Danish Forest,2026-09-20 08:32,127,15
L9858929,TZ,TZ-01,TZ-01-ME,-3.364606,36.83867,Danish Forest,2026-09-22 09:43,245,153
L4906500,TZ,TZ-02,TZ-02-IL,-6.8230124,39.291755,Dar es Salaam Harbour (IBA TZ021),2026-09-05 10:24,110,59
L21523063,TZ,TZ-14,TZ-14-RU,-9.048944,33.766278,Dhambwe Crater Lake,2022-01-11 11:00,1,1
L1122434,TZ,TZ-25,TZ-25-MU,-5.101,38.6295,East Usambara Mountains--Amani Nature Reserve (IBA TZ070),2026-09-04 16:10,362,914
L4043403,TZ,TZ-25,TZ-25-MU,-5.1127494,38.6104085,East Usambara Mountains--Emau Hill Camp (IBA TZ070),2026-07-16 07:27,195,130
L1122421,TZ,TZ-25,TZ-25-MU,-5.0986,38.672,East Usambara Mountains--Kihuhwi-Sigi Forest Reserve (IBA TZ070),2026-08-17 13:54,197,101
L7528321,TZ,TZ-25,TZ-25-MU,-5.133619,38.619899,East Usambara Mountains--Kwankoko Tea Plantation (IBA TZ070),2026-07-15 08:31,175,99
L26088669,TZ,TZ-25,TZ-25-MU,-5.103065,38.6687283,East usambara mountains -Zigi lowland forest,2026-09-07 07:16,175,248
L21276165,TZ,TZ-11,TZ-11-KU,-6.20236,39.53469,Echo Beach,2025-03-21 09:19,51,11
L9912696,TZ,TZ-01,TZ-01-MO,-3.3778637,36.2927512,Eluanata Dam,2026-09-12 12:47,338,94
L16526329,TZ,TZ-01,TZ-01-NG,-1.9139588,35.5403996,Enashiva Nature Preserve,2026-09-07 08:46,209,89
L4982243,TZ,TZ-01,TZ-01-KA,-3.2972877,35.6708801,Endoro Lodge,2026-08-03 06:42,165,22
L4957803,TZ,TZ-09,TZ-09-SI,-2.8581345,37.2046316,Enduimet Secondary School,2016-09-25 06:15,20,0
L3695950,TZ,TZ-01,TZ-01-LO,-2.8632351,36.9768906,Enduimet WMA,2026-06-05 07:37,311,66
L5792786,TZ,TZ-01,TZ-01-LO,-2.8194295,37.227087,Enduimet WMA--Kitenden Village Area,2017-02-19 15:00,8,0
L5612475,TZ,TZ-01,TZ-01-LO,-2.7795659,37.1590662,Enduimet WMA--Lerangwa Village Area,2025-01-03 06:26,71,4
L5179097,TZ,TZ-01,TZ-01-LO,-2.9966988,36.8460846,Enduimet WMA--Ngereyani Village Area,2026-05-09 17:56,147,9
L3606057,TZ,TZ-01,TZ-01-MO,-2.9974702,35.962286,Engaruka Ruins,2025-07-23 15:00,104,5
L1122427,TZ,TZ-01,TZ-01-LO,-3.0469,36.7153,Engikaret Lark Plains,2026-09-09 09:09,430,584
L4999009,TZ,TZ-01,TZ-01-AR,-3.0798686,36.7051815,Engikaret Lark Plains--Acacia Scrub to South,2026-09-09 10:59,364,277
L54762164,TZ,TZ-16,TZ-16-MU,-6.858409,37.652828,Fabrizio’s Field,2025-11-03 17:45,10,2
L49483734,TZ,TZ-12,TZ-12-KI,-8.587736,39.5759677,Fanjove Island,2013-10-03 09:00,1,0
L8815900,TZ,TZ-01,TZ-01-KA,-3.3433945,35.5888778,Farm House Valley,2026-09-12 12:36,79,20
L3147065,TZ,TZ-25,TZ-25-MK,-4.8380845,39.2145556,Fish Eagle Pt. Lodge,2026-01-08 17:43,169,54
L4104659,TZ,TZ-05,TZ-05-BU,-1.330017,31.83293,Fish Factory Beach,2011-03-18 00:00,44,2
L67552266,TZ,TZ-16,TZ-16-MU,-6.846673,37.676269,Forest Sunset Hotel,2026-06-06 09:52,12,2
L27873035,TZ,TZ-11,TZ-11-KU,-6.4037999,39.4445229,Fruit & Spice Wellness Resort,2025-12-01 12:39,52,22
L17921492,TZ,TZ-15,TZ-15-MA,-6.3164929,39.2745781,Fumba Beach Lodge (IBA TZ044),2025-12-16 14:43,59,17
L17425576,TZ,TZ-04,TZ-04-IU,-7.7697603,35.7123899,Gangilonga Rock,2026-06-26 09:04,157,81
L4104640,TZ,TZ-05,TZ-05-KA,-1.28777,31.31543,Gareza woodland Survey,2025-10-10 06:56,110,6
L18121590,TZ,TZ-01,TZ-01-KA,-3.2981471,35.6646574,Gibb's Farm,2026-09-23 06:53,266,83
L4045814,TZ,TZ-01,TZ-01-KA,-3.2978375,35.6646953,Gibbs Farm,2026-09-26 07:53,411,463
L9807841,TZ,TZ-01,TZ-01-KA,-3.284503,35.758774,Gilala Hai 360 Lodge,2019-08-24 17:52,40,4
L5832575,TZ,TZ-08,TZ-08-KR,-4.6801499,29.6303844,Gombe NP,2026-08-08 08:10,130,35
L10708007,TZ,TZ-01,TZ-01-AU,-3.3706677,36.706585,Gran Melia Arusha Hotel,2026-09-09 11:23,105,97
L39910470,TZ,TZ-04,TZ-04-IR,-7.7128629,34.9018478,Great Ruaha bridge,2026-09-21 10:04,168,41
L8096875,TZ,TZ-13,TZ-13-BU,-2.0162165,34.2173788,Grumeti Game Reserve,2026-08-28 06:30,235,11
L3647138,TZ,TZ-01,TZ-01-ME,-3.2252503,36.8597209,Hatari Lodge & Hippo Pool,2026-09-07 07:50,303,175
L1326286,TZ,TZ-25,TZ-25-KO,-4.6804583,38.1067655,Highway B1--Mkomazi vicinity,2026-09-03 08:19,190,34
L31183626,TZ,TZ-26,TZ-26-BA,-3.716498,35.993652,Honeyguide Tarangire Camp,2026-08-28 13:12,186,15
L15238896,TZ,TZ-18,TZ-18-NY,-2.5280518,32.8952551,Hotel Tilapia,2026-02-04 06:58,115,46
L7528356,TZ,TZ-09,TZ-09-MW,-3.858605,37.631266,Hwy B1--thornscrub south of Mwanga (Anthony's Spot),2026-09-02 09:23,252,71
L27946726,TZ,TZ-16,TZ-16-UL,-8.260408,36.859232,ILUMA WIldlife Management Area,2023-08-14 16:00,37,6
L27946897,TZ,TZ-16,TZ-16-UL,-8.1938205,36.879288,ILUMA WMA --- Bwawa la Maya,2023-07-24 00:00,5,1
L27946856,TZ,TZ-16,TZ-16-UL,-8.2193754,36.8717295,ILUMA WMA --- Bwawa la Miembeni,2023-07-20 00:00,5,1
L28039772,TZ,TZ-16,TZ-16-UL,-8.163081,36.883424,ILUMA WMA --- Bwawa la Mrope,2023-08-03 10:00,11,1
L27946766,TZ,TZ-16,TZ-16-UL,-8.25916,36.887017,ILUMA WMA --- Bwawa la Msiba wa Deo,2023-07-16 10:30,9,1
L27946924,TZ,TZ-16,TZ-16-UL,-8.1965424,36.8426044,ILUMA WMA --- Bwawa la Semka,2023-07-30 00:00,2,0
L27946913,TZ,TZ-16,TZ-16-UL,-8.1587152,36.855481,ILUMA WMA --- Mikeregembe
L68863626,TZ,TZ-16,TZ-16-UL,-8.150169,36.875212,ILUMA Wildlife Management Area,2023-07-29 00:00,4,1
L56910986,TZ,TZ-04,TZ-04-KI,-7.800325,35.885218,Ibofwe Juu,2026-09-11 15:09,31,5
L19022344,TZ,TZ-04,TZ-04-IR,-7.8145443,35.7737991,Idobogo,2026-07-18 11:55,52,7
L38022008,TZ,TZ-04,TZ-04-IR,-7.690798,35.331242,Idodi - Nyamahana,2026-03-20 10:31,130,11
L54243549,TZ,TZ-24,TZ-24-IG,-4.3809121,33.3744267,Idudumo Dam (Atlas Grid 3304A),2026-02-09 09:33,77,3
L29881890,TZ,TZ-24,TZ-24-TA,-4.8571538,32.7455048,Igombe Dam (Atlas Grid 3204D),2026-06-07 15:00,167,23
L16710859,TZ,TZ-31,TZ-31-WA,-9.2094213,34.3019316,"Igumbilo Ranch, TZ (-9.209, 34.302)",2026-08-09 12:35,107,52
L37464678,TZ,TZ-24,TZ-24-IG,-4.3430831,34.002938,Igunga-Shelui Road Whistling Thorn Area (Atlas Grid 3404A),2026-03-26 07:31,96,9
L40608520,TZ,TZ-04,TZ-04-MU,-8.3000868,35.7264275,Ihang'ana Forest Reserve,1989-08-02 00:00,5,1
L3700615,TZ,TZ-13,TZ-13-SE,-2.1762394,34.7113842,Ikoma Tented Camp,2026-09-20 13:48,237,22
L71726763,TZ,TZ-02,TZ-02-KI,-6.6876333,39.21582,"Ilongawima Salt Pans, Kunduchi",2026-07-05 08:06,34,3
L11021177,TZ,TZ-24,TZ-24-SI,-6.03794,33.66745,Ilunga Forest East (Atlas Grid 3306B),2025-11-30 07:11,86,4
L37125950,TZ,TZ-24,TZ-24-SI,-5.8010533,33.1688061,Ilunga Miombo Forest _West (Atlas Grid 3305C),2026-08-23 10:40,142,7
L10847141,TZ,TZ-15,TZ-15-MA,-6.098837,39.215443,Imani Beach Villa Resort,2025-01-08 13:00,25,2
L45382452,TZ,TZ-24,TZ-24-SI,-6.0238129,32.5230186,Ipole Wildlife Management Area (Atlas Grid 3206A),2026-02-09 15:09,92,7
L27963663,TZ,TZ-03,TZ-03-MP,-6.8330556,36.5666667,Ipondelo Forest--ridge trail,2026-08-03 16:45,59,13
L27963722,TZ,TZ-03,TZ-03-MP,-6.8430556,36.5758333,Ipondelo Forest--stream trail,2026-08-01 16:26,19,4
L11003830,TZ,TZ-25,TZ-25-LU,-4.7939134,38.2648755,Irente Farm Lodge & Biodiversity Reserve,2026-08-16 16:06,77,18
L10373421,TZ,TZ-25,TZ-25-LU,-4.8039242,38.2578834,Irente Viewpoint,2026-02-15 07:12,71,16
L29536366,TZ,TZ-04,TZ-04-IU,-7.7818536,35.6951276,Iringa Town Centre,2026-08-24 16:16,69,12
L38129264,TZ,TZ-04,TZ-04-KI,-7.7225414,35.9128788,Iringa-Ilula Rd,2024-11-19 10:27,9,0
L39896504,TZ,TZ-04,TZ-04-IR,-7.8959446,35.6033421,Isimila stone age site,2023-11-15 10:00,18,2
L6471902,TZ,TZ-15,TZ-15-MA,-6.224361,39.2061925,Island Beach Resort,2026-05-09 13:51,48,24
L51651563,TZ,TZ-29,TZ-29-MP,-5.5053237,30.5631164,"Issa Valley Katavi Region, TZ (-5.505, 30.563)",2026-09-27 09:23,230,91
L10591302,TZ,TZ-24,TZ-24-SI,-6.3339,33.3327,Itulu Hill Forest Reserve (Atlas Grid 3306A),2011-02-01 00:00,8,0
L31316270,TZ,TZ-24,TZ-24-NZ,-4.882,33.342,Iyombo-Mwisole (Atlas Grid 3304C),2026-01-18 09:00,126,4
L12438129,TZ,TZ-11,TZ-11-KU,-6.3103869,39.5446716,Jambiani Beach,2026-09-13 09:05,69,40
L962908,TZ,TZ-11,TZ-11-KA,-6.2420407,39.4239886,Jozani Chwaka Bay NP (IBA TZ045 & TZ057),2026-09-17 13:29,95,108
L5589390,TZ,TZ-11,TZ-11-KA,-6.1555158,39.466002,Jozani Chwaka Bay NP--Chwaka Bay (IBA TZ045),2026-08-27 10:35,99,46
L10825630,TZ,TZ-11,TZ-11-KU,-6.269256,39.417368,Jozani Chwaka Bay NP--South Forest Walk (IBA TZ057),2026-09-26 08:00,113,192
L4439633,TZ,TZ-02,TZ-02-IL,-6.8705295,39.2032528,Julius Nyerere International Airport,2026-09-15 07:49,34,37
L38065800,TZ,TZ-24,TZ-24-NZ,-4.586426,32.8409925,Kakola-Nzubuka Rd (Atlas Grid 3204D),2025-02-16 14:00,86,5
L51692351,TZ,TZ-20,TZ-20-KA,-8.52,31.275,Kalambo Forest Reserve,2026-03-26 17:01,35,3
L42913960,TZ,TZ-20,TZ-20-KA,-8.4441848,31.6081617,Kale Wetland,1980-08-31 00:00,27,1
L4104627,TZ,TZ-05,TZ-05-BR,-1.472939,31.675169,Kalebe Bridge,2025-01-02 10:20,125,12
L25026613,TZ,TZ-06,TZ-06-WE,-5.1189795,39.862193,Kangagani (IBA TZ076),2020-03-03 00:00,16,1
L8067677,TZ,TZ-14,TZ-14-MI,-8.6712293,34.080345,Kapunga Paddyfield,2026-04-09 07:59,99,15
L10006037,TZ,TZ-01,TZ-01-AU,-3.3794696,36.7129193,Karama Lodge,2026-09-02 11:27,90,26
L30762421,TZ,TZ-24,TZ-24-UY,-5.583244,34.0588783,Karangazi Swamp East (Atlas Grid 3405C),2024-04-19 15:30,49,1
L1326731,TZ,TZ-01,TZ-01-KA,-3.337754,35.6600237,Karatu Country Lodge,2026-09-01 18:14,137,70
L23085676,TZ,TZ-14,TZ-14-MB,-8.911887,33.4610939,Karibuni Center Mbeya,2026-04-11 07:00,36,1
L16585253,TZ,TZ-27,TZ-27-CH,-2.3528146,31.7493903,Kasenda Marsh,2026-09-03 13:51,128,22
L37288952,TZ,TZ-01,TZ-01-AR,-3.345253,36.616807,Katambuga House - Arusha,2026-09-16 09:14,185,62
L3441705,TZ,TZ-29,TZ-29-ML,-6.8611422,31.2036438,Katavi NP,2026-08-30 06:44,297,51
L4104689,TZ,TZ-05,TZ-05-MU,-1.6633367,31.6961575,Katoke Teacher Training College,2011-06-11 00:00,103,7
L11021165,TZ,TZ-24,TZ-24-TA,-5.0031062,32.9005563,Kazima Dam (Atlas Grid 3205B),2026-03-31 16:00,216,29
L61443718,TZ,TZ-24,TZ-24-TA,-5.01812,32.89615,Kazima Dam -- South Side and Hill,2026-03-31 15:55,63,2
L10836812,TZ,TZ-07,TZ-07-KA,-5.7519841,39.2872974,Kendwa Rocks Beach Resort,2026-03-18 07:10,34,9
L3656603,TZ,TZ-01,TZ-01-ME,-3.3804314,36.8591845,Kennedy House School,2026-08-29 08:20,278,94
L8047948,TZ,TZ-19,TZ-19-BA,-6.579479,39.060864,Kerege Swamp,2024-05-23 15:21,42,2
L2142592,TZ,TZ-09,TZ-09-HA,-3.4226268,37.0773554,Kia Lodge,2026-08-28 07:19,289,261
L4906271,TZ,TZ-02,TZ-02-TE,-6.860538,39.3675005,Kibada Salt Marsh,2020-11-05 09:09,69,5
L8676953,TZ,TZ-19,TZ-19-KU,-6.7888998,38.9736063,Kibaha Education Center,2026-08-04 13:46,64,1
L25576014,TZ,TZ-15,TZ-15-MA,-6.1234857,39.1815913,Kibandiko Island,2024-01-26 17:55,17,1
L43441460,TZ,TZ-04,TZ-04-IR,-7.799901,35.755335,Kibebe Farm,2026-06-06 05:54,208,77
L16614284,TZ,TZ-04,TZ-04-MU,-8.438583,35.095911,Kibidula Farm,2026-09-27 20:34,220,392
L9055548,TZ,TZ-01,TZ-01-ME,-3.322582,36.9135674,Kiboko Lodge,2026-07-31 15:28,127,22
L39597087,TZ,TZ-02,TZ-02-TE,-6.8583581,39.3692129,Kibugumo Creek,2025-02-22 18:30,10,4
L37669475,TZ,TZ-26,TZ-26-SI,-3.7226454,36.9050679,Kidabash Wetland & Dry Bush,2026-09-14 11:45,309,85
L3088119,TZ,TZ-01,TZ-01-ME,-3.3838801,36.7748451,Kigongoni Lodge,2025-08-30 07:45,83,11
L51308844,TZ,TZ-24,TZ-24-KA,-4.346085,32.0835804,Kigosi GR (Nsungwa-Ulowa pass) (Atlas Grid 3204A),2025-08-10 07:00,89,5
L19336477,TZ,TZ-04,TZ-04-IR,-7.805784,35.803615,Kigwambimbi,2026-09-25 06:51,210,270
L21871436,TZ,TZ-16,TZ-16-KO,-8.575954,35.8516975,Kihansi Dam,2024-03-12 08:26,12,1
L37290350,TZ,TZ-05,TZ-05-MI,-1.089985,31.6359483,Kiikuru Forest Reserve,2026-08-16 06:30,102,7
L4437958,TZ,TZ-25,TZ-25-PA,-5.6600709,38.9000505,Kijongo Bay Beach Resort,2026-05-17 09:13,137,12
L28900714,TZ,TZ-03,TZ-03-KO,-4.3802571,35.870642,Kikore Wetlands,2026-09-09 07:18,48,2
L13514966,TZ,TZ-09,TZ-09-MR,-3.2940394,37.5043845,Kilema Paradise Lodge,2026-07-27 15:03,98,12
L6349988,TZ,TZ-01,TZ-01-ME,-3.4276139,36.8723971,Kilimanjaro Golf & Wildlife Estate,2026-09-03 18:19,368,245
L4638762,TZ,TZ-09,TZ-09-HA,-3.423771,37.064197,Kilimanjaro International Airport ,2026-09-26 13:14,172,180
L1146678,TZ,TZ-09,TZ-09-HA,-3.1185762,37.232666,Kilimanjaro NP,2026-07-16 07:16,154,61
L3987148,TZ,TZ-09,TZ-09-RO,-3.1000641,37.3777843,Kilimanjaro NP--Barafu Camp,2026-09-07 06:00,16,20
L3987137,TZ,TZ-09,TZ-09-RO,-3.0960788,37.328335,Kilimanjaro NP--Barranco Camp,2026-09-02 08:00,24,32
L3987104,TZ,TZ-09,TZ-09-SI,-2.9966988,37.1660399,Kilimanjaro NP--Big Tree Camp,2026-09-27 17:30,71,16
L3987143,TZ,TZ-09,TZ-09-RO,-3.1112271,37.3523891,Kilimanjaro NP--Karanga Camp,2026-09-03 08:00,27,18
L6424533,TZ,TZ-09,TZ-09-RO,-3.0814352,37.388953,Kilimanjaro NP--Kibo Hut,2025-04-17 07:43,21,5
L3987133,TZ,TZ-09,TZ-09-RO,-3.068117,37.327348,Kilimanjaro NP--Lava Tower,2026-06-29 11:12,7,8
L3987087,TZ,TZ-09,TZ-09-SI,-2.9618986,37.1354735,Kilimanjaro NP--Londorossi Gate,2026-08-30 10:00,76,18
L11266791,TZ,TZ-09,TZ-09-HA,-3.1738536,37.239275,Kilimanjaro NP--Machame Gate,2026-09-05 08:37,66,16
L10041599,TZ,TZ-09,TZ-09-HA,-3.1378267,37.2462399,Kilimanjaro NP--Machame Trail,2026-08-02 17:17,68,8
L3987125,TZ,TZ-09,TZ-09-RO,-3.0415259,37.2999787,Kilimanjaro NP--Moir Camp,2026-08-22 07:57,12,13
L4838582,TZ,TZ-09,TZ-09-MR,-3.1558145,37.3675919,Kilimanjaro NP--Mweka Camp,2026-09-07 07:00,94,29
L3987116,TZ,TZ-09,TZ-09-SI,-3.012727,37.2283959,Kilimanjaro NP--Shira Camp,2026-09-02 00:00,48,39
L6424515,TZ,TZ-09,TZ-09-MR,-3.1278136,37.3106861,Kilimanjaro NP--Umbwe Cave Camp,2025-01-09 16:42,11,4
L5162472,TZ,TZ-19,TZ-19-MA,-7.9086438,39.6629995,Kilindoni Beach,2026-01-22 15:10,50,3
L18442389,TZ,TZ-16,TZ-16-KO,-8.1879898,36.6934498,Kilombero Bridge,2026-08-29 14:55,87,19
L5776977,TZ,TZ-04,TZ-04-KI,-7.75,36.5,Kilombero Nature Reserve--Ndundulu Forest,2025-12-10 09:28,119,23
L1328621,TZ,TZ-16,TZ-16-KO,-8.1869024,36.6951166,Kilombero Swamp,2026-09-18 09:02,273,181
L13690332,TZ,TZ-16,TZ-16-KI,-7.2873994,36.9601531,Kilosa Miombo Woodland,2026-09-16 15:54,287,255
L26159139,TZ,TZ-16,TZ-16-KI,-7.3275117,36.96151,Kilosa Miombo Woodland --- Kilusu Mandegee Point,2026-09-16 15:45,190,89
L15696384,TZ,TZ-16,TZ-16-KI,-7.355458,36.967483,Kilosa Miombo Woodland --- Southern Patch,2026-09-16 15:18,252,150
L8064810,TZ,TZ-12,TZ-12-KI,-8.8991324,39.5190758,Kilwa Beach Lodge,2026-03-08 06:49,50,6
L28018233,TZ,TZ-12,TZ-12-KI,-8.9605808,39.5073042,Kilwa Kisiwani,2026-04-06 13:46,71,3
L8036478,TZ,TZ-12,TZ-12-KI,-8.8842517,39.498993,Kilwa to Dar-es-salaam,2023-04-12 13:14,34,0
L19075265,TZ,TZ-16,TZ-16-MO,-7.0319902,37.7827546,Kimboza Forest,2026-06-03 07:00,27,12
L1762819,TZ,TZ-02,TZ-02-TE,-6.8515825,39.362113,Kipepeo Beach,2026-09-05 12:13,112,26
L31634341,TZ,TZ-16,TZ-16-MV,-6.9246195,37.5044366,Kipera Road Miombo Forest,2026-05-30 08:07,79,4
L9806813,TZ,TZ-04,TZ-04-IR,-7.9452035,35.3925792,Kiponzelo Marsh,2026-09-15 16:28,169,62
L42676494,TZ,TZ-19,TZ-19-BA,-6.0283659,38.7784767,Kisampa Bush Retreat,2026-05-16 09:12,76,9
L37818905,TZ,TZ-24,TZ-24-SI,-5.5447088,33.2627677,Kisanga Village (Atlas Grid 3305C),2024-11-03 11:40,70,1
L21503209,TZ,TZ-09,TZ-09-MW,-3.8068075,37.5098692,Kisangara Acacia Scrub--Kilusu Mandegee Point,2026-08-14 13:43,200,91
L5568262,TZ,TZ-01,TZ-01-KA,-3.47428,35.3491062,Kisima Ngeda Tented Camp,2026-09-10 17:57,298,91
L56203766,TZ,TZ-04,TZ-04-IR,-8.13775,35.4158375,"Kisolanza Dam (-8.138, 35.416)",2026-09-15 09:22,37,3
L8794393,TZ,TZ-04,TZ-04-IR,-8.1469225,35.4121971,Kisolanza The Old Farm House,2026-09-15 08:44,296,189
L30525679,TZ,TZ-23,TZ-23-MA,-5.6134772,34.352508,Kitaraka swamp,2024-04-10 13:40,53,1
L4957812,TZ,TZ-01,TZ-01-LO,-2.8525196,37.2870827,Kitenden Elephant Corridor,2026-07-04 13:00,118,8
L4281978,TZ,TZ-31,TZ-31-MA,-9.0858244,33.9206314,Kitulo NP,2025-02-21 07:15,98,21
L16606831,TZ,TZ-31,TZ-31-MA,-8.9877695,33.935397,Kitulo NP--Headquarters,2026-02-12 13:21,67,8
L18085301,TZ,TZ-31,TZ-31-MA,-9.036942,33.88848,Kitulo NP--Mwakipembo,2026-02-13 07:27,62,22
L36153916,TZ,TZ-01,TZ-01-LO,-2.902104,36.220767,Kitumbeine Mountain Camp,2026-07-24 13:59,62,6
L8884603,TZ,TZ-07,TZ-07-KA,-5.931128,39.361126,Kiwengwa Beach,2026-09-18 15:38,56,31
L20640658,TZ,TZ-07,TZ-07-KB,-5.9987155,39.3589915,Kiwengwa/Pongwe Forest Reserve,2026-09-20 10:43,74,47
L57060302,TZ,TZ-01,TZ-01-NG,-1.8559785,35.2452993,Kleins Gate,2026-09-24 13:13,57,4
L45382200,TZ,TZ-24,TZ-24-SI,-6.2281546,32.2799101,Koga Bridge Katumbiki River (Atlas Grid 3206A),2026-09-05 17:30,90,5
L25996736,TZ,TZ-03,TZ-03-BA,-5.9700066,35.5223232,Kokokonda & ilindi,2023-07-16 10:30,14,1
L21856692,TZ,TZ-01,TZ-01-AU,-3.4508117,36.7086909,Korona Villa Bed & Breakfast,2026-09-19 07:53,94,39
L21139736,TZ,TZ-26,TZ-26-SI,-3.5266417,37.1103975,Kudu Hills Mererani--Mandegee Farm,2026-08-04 09:11,228,61
L16614398,TZ,TZ-02,TZ-02-KI,-6.6736494,39.1845471,Kunduchi Beach,2025-12-21 13:55,85,11
L3661249,TZ,TZ-02,TZ-02-KI,-6.6773098,39.213295,Kunduchi Salt Flats,2026-05-09 08:20,208,96
L21777653,TZ,TZ-09,TZ-09-MO,-3.3758333,37.3455556,Kwagoa,2024-12-07 07:34,28,2
L7522506,TZ,TZ-26,TZ-26-BA,-3.7725447,35.8582109,Kwakachinja,2026-06-23 09:48,295,118
L21800878,TZ,TZ-15,TZ-15-MA,-6.3719706,39.2878926,Kwale Island and Sandbank (IBA TZ044),2026-08-25 12:15,48,24
L1059840,TZ,TZ-25,TZ-25-MK,-4.9473016,38.7185669,Kwamgumi Area,2025-01-24 11:06,93,11
L11975001,TZ,TZ-25,TZ-25-MK,-4.9423879,38.7571468,Kwamgumi Forest Reserve,2022-05-25 15:56,87,8
L4104622,TZ,TZ-05,TZ-05-BR,-1.388923,31.679285,Kyanyabasa Ferry,2025-08-31 15:30,158,13
L3153306,TZ,TZ-26,TZ-26-BA,-3.8731607,35.8824635,Lake Burunge,2026-06-23 17:41,320,32
L5144369,TZ,TZ-26,TZ-26-BA,-3.7244004,35.8848667,Lake Burunge WMA,2026-08-26 08:00,219,23
L4878483,TZ,TZ-09,TZ-09-RO,-3.316104,37.6977396,Lake Chala,2025-08-01 16:20,88,14
L934607,TZ,TZ-01,TZ-01-ME,-3.3864505,36.7887497,Lake Duluti,2026-09-26 08:33,413,448
L5530164,TZ,TZ-01,TZ-01-ME,-3.3800699,36.788806,Lake Duluti Lodge,2026-09-17 17:06,228,120
L3711660,TZ,TZ-01,TZ-01-ME,-3.3806175,36.7921413,Lake Duluti Serena Hotel,2026-09-23 06:13,231,199
L2082292,TZ,TZ-01,TZ-01-NG,-3.5846952,35.1033783,Lake Eyasi,2026-03-03 09:16,252,26
L37287809,TZ,TZ-01,TZ-01-KA,-3.372892,35.436263,Lake Eyasi--Kisima Ngeda Camp,2026-05-12 21:58,83,7
L4614997,TZ,TZ-09,TZ-09-MW,-3.6107363,37.7449036,Lake Jipe,2026-05-15 09:05,163,16
L37469664,TZ,TZ-23,TZ-23-IR,-4.1746893,34.2634079,Lake Kitangiri (Mingela-Tulya Shore),2025-05-01 17:15,79,3
L5527752,TZ,TZ-01,TZ-01-ME,-3.2603042,36.8878063,Lake Longil,2026-06-26 07:55,280,91
L8815956,TZ,TZ-01,TZ-01-KA,-3.3741793,35.8168331,Lake Manyara Airport,2026-07-17 07:50,154,22
L1033409,TZ,TZ-01,TZ-01-KA,-3.4571545,35.7973877,Lake Manyara NP (Arusha),2026-09-18 10:36,616,1192
L6744525,TZ,TZ-26,TZ-26-BA,-3.716427,35.8579422,Lake Manyara NP (Manyara),2026-07-24 11:48,447,171
L4105922,TZ,TZ-01,TZ-01-MO,-3.3066436,35.8704673,Lake Manyara NP--E Unoto Retreat Lodge,2024-09-15 09:45,79,4
L951553,TZ,TZ-01,TZ-01-KA,-3.3918484,35.8167171,Lake Manyara NP--Lake Manyara Hotel,2026-08-15 10:27,217,46
L2452693,TZ,TZ-26,TZ-26-BA,-3.6687031,35.7462958,Lake Manyara NP--Lake Manyara Tree Lodge,2026-09-07 09:00,355,66
L1293515,TZ,TZ-26,TZ-26-BA,-3.7001641,35.8645785,Lake Manyara NP--Maramboi Tented Camp,2026-09-11 08:30,338,107
L5050298,TZ,TZ-01,TZ-01-MO,-3.5437134,35.9157363,Lake Manyara NP--Maramboi Tented Camp,2025-11-13 10:06,215,27
L4378221,TZ,TZ-01,TZ-01-KA,-3.4088558,35.8281326,Lake Manyara NP--Migunga Tented Camp,2026-09-05 09:28,353,120
L3129262,TZ,TZ-01,TZ-01-MO,-3.6116518,35.8765197,Lake Manyara NP--Ol Tukai Manyara Camp,2025-09-01 00:00,264,18
L4399548,TZ,TZ-01,TZ-01-MO,-3.3743587,35.8650237,Lake Manyara NP--Twiga Lodge,2026-08-25 10:33,247,67
L3129297,TZ,TZ-01,TZ-01-MO,-3.6360914,35.9234905,Lake Manyara NP--Waterhole,2026-02-11 14:22,338,48
L21100054,TZ,TZ-01,TZ-01-KA,-3.3871722,35.8215379,Lake Manyara Viewpoint,2026-08-12 08:06,227,51
L1326702,TZ,TZ-01,TZ-01-KA,-3.3564219,35.8296029,Lake Manyara--Kirurumo Tented Camp,2025-09-13 16:00,210,54
L11329212,TZ,TZ-01,TZ-01-MO,-3.3634729,35.8382048,Lake Manyara--Migombani Camp,2026-08-10 07:49,167,20
L1044055,TZ,TZ-01,TZ-01-KA,-3.3719275,35.8271456,Lake Manyara--Serena Lodge,2026-08-17 14:25,371,227
L8832552,TZ,TZ-26,TZ-26-MB,-4.049366,35.2750854,Lake Muchlur/Austin,2024-04-12 15:45,96,7
L6529287,TZ,TZ-19,TZ-19-RU,-7.7053966,38.1831121,Lake Mzizimia,2026-09-23 07:27,239,50
L54541478,TZ,TZ-26,TZ-26-BA,-4.1851027,35.3921399,Lake Nar
L39934691,TZ,TZ-26,TZ-26-BA,-4.1848133,35.3923973,Lake Narr,2025-10-26 06:00,115,3
L2391642,TZ,TZ-01,TZ-01-NG,-2.3312047,36.0186768,Lake Natron,2025-09-28 16:36,260,30
L6705632,TZ,TZ-01,TZ-01-LO,-2.5950186,35.9177989,Lake Natron Camp,2026-09-23 17:09,217,71
L3770052,TZ,TZ-01,TZ-01-LO,-2.5882878,35.9751177,Lake Natron Game Controlled Area,2026-07-09 16:09,185,17
L3127569,TZ,TZ-01,TZ-01-LO,-2.6140533,35.9069628,Lake Natron Halisi Tented Camp,2025-12-08 15:12,90,6
L40631433,TZ,TZ-14,TZ-14-RU,-9.0106467,33.5579751,Lake Ngozi,2025-12-01 11:22,44,4
L21707647,TZ,TZ-04,TZ-04-MU,-8.5250455,35.1619898,Lake Ngwasi,2026-03-08 12:49,44,9
L21809636,TZ,TZ-14,TZ-14-KY,-9.5002183,34.0148366,Lake Nyasa--Matema,2026-04-19 16:15,129,33
L39231420,TZ,TZ-24,TZ-24-KA,-5.2174408,31.2130706,Lake Sagara (Maboha) (Atlas Grid 3105A),2025-10-11 08:52,82,3
L3682036,TZ,TZ-23,TZ-23-SU,-4.7890021,34.7561073,Lake Singida,2026-05-13 09:24,159,13
L8832484,TZ,TZ-26,TZ-26-MB,-3.8983862,35.4693316,Lake Tlawi,2025-08-21 13:57,81,5
L6858168,TZ,TZ-20,TZ-20-NK,-7.4338261,30.5909961,Lakeshore Lodge,2026-07-04 17:00,124,51
L26693595,TZ,TZ-13,TZ-13-BU,-2.158,33.833,Lamadai Nyatwali Camp Site,2024-03-30 12:00,66,3
L16602960,TZ,TZ-01,TZ-01-LO,-2.9840237,36.7008217,Lariboro,2026-08-02 13:32,187,43
L9815475,TZ,TZ-11,TZ-11-KU,-6.9041724,39.9272258,Latham Island (IBA TZ027),2026-04-19 12:11,7,3
L3531728,TZ,TZ-01,TZ-01-AR,-3.3407387,36.6403806,Legendary Lodge,2026-09-14 10:09,168,38
L4982256,TZ,TZ-01,TZ-01-LO,-2.778205,36.026027,Lengai Camp,2026-08-02 15:37,179,8
L57300498,TZ,TZ-01,TZ-01-NG,-3.2203616,35.5221955,Lerai forest,2026-09-05 14:22,132,40
L6865747,TZ,TZ-01,TZ-01-MO,-3.3917339,35.8762125,Lilac Campsite and Tented Camp,2025-09-09 17:28,91,5
L23585416,TZ,TZ-12,TZ-12-LW,-9.808933,37.937767,Liwale Town,2023-04-17 08:08,45,0
L2332238,TZ,TZ-01,TZ-01-MO,-3.4941287,36.4452231,Lokisale Rd.,2026-06-13 08:43,145,19
L37408621,TZ,TZ-01,TZ-01-AR,-3.3283706,36.5151992,Loolasho sub-village,2026-03-19 08:32,120,6
L35721006,TZ,TZ-24,TZ-24-IG,-4.6411587,33.8233946,Loya Swamp - West (Atlas Grid 3304D),2026-01-18 15:00,163,6
L30836171,TZ,TZ-24,TZ-24-UY,-5.018,33.883,Loya Swamp/ South-West (Atlas Grid 3305B),2025-11-09 07:30,98,4
L31116103,TZ,TZ-24,TZ-24-KA,-5.61902,31.159642,Luganzo Game Reserve (Atlas Grid 3105C),2025-09-01 16:51,164,18
L3107016,TZ,TZ-13,TZ-13-BM,-1.3986009,33.6986411,Lukuba Island,2016-02-26 16:00,57,3
L10816815,TZ,TZ-30,TZ-30-SO,-7.6014,32.3129,Lukwati Game Reserve,2016-10-30 00:00,120,0
L36278771,TZ,TZ-24,TZ-24-KA,-5.48213,31.46168,Lumbe Swamp (Atlas Grid 3105A),2025-05-25 09:18,81,3
L981400,TZ,TZ-01,TZ-01-ME,-3.3700853,36.8392235,MS Training Centre for Development Cooperation 'Danish Centre',2026-09-27 10:33,220,105
L12037782,TZ,TZ-01,TZ-01-MO,-3.791875,36.305754,Maasai Steppe Conservancy,2026-06-13 09:57,175,15
L22346823,TZ,TZ-28,TZ-28-BU,-2.2621275,33.8102683,Mabulugu lake victoria _kilusu mandegee point,2023-01-26 08:18,41,4
L22292882,TZ,TZ-25,TZ-25-TA,-5.1956125,39.0732751,Maere salt pans,2024-11-26 15:44,26,1
L17222751,TZ,TZ-03,TZ-03-MP,-6.8856885,36.5689897,Mafewmiro Forest,2026-06-23 16:18,87,18
L5501018,TZ,TZ-19,TZ-19-MA,-7.9733027,39.74787,Mafia Island Lodge,2026-02-06 07:30,115,30
L16602033,TZ,TZ-25,TZ-25-LU,-4.7498064,38.2886946,Magamba Eco-cultural Tourism,2026-08-23 07:25,117,39
L49385644,TZ,TZ-25,TZ-25-LU,-4.75899,38.2895206,"Magamba Forest Reserve Lower Trail 4°45'32.4""S 38°17'22.3""E",2026-08-23 09:58,84,71
L13096427,TZ,TZ-25,TZ-25-LU,-4.759972,38.290611,Magamba Nature Forest Reserve--Sekomu Trail,2026-08-16 06:53,179,153
L16817705,TZ,TZ-16,TZ-16-KO,-7.8179875,36.970983,Magombera Forest,2026-07-07 19:01,202,58
L2271435,TZ,TZ-08,TZ-08-UV,-6.1393401,29.7329897,Mahale Mountain NP--Greystoke Mahale Camp,2026-07-29 17:14,125,62
L4239797,TZ,TZ-08,TZ-08-UV,-6.1188358,29.7317398,Mahale Mountain NP--Research Camp and Chimp Viewing Area,2026-07-30 08:31,58,20
L3642293,TZ,TZ-09,TZ-09-HA,-3.3198314,37.256484,Mailisita (town),2025-12-13 09:12,122,11
L3689598,TZ,TZ-09,TZ-09-HA,-3.2809825,37.2231388,Makoa Farm,2023-06-22 17:27,98,7
L55883247,TZ,TZ-04,TZ-04-IR,-7.879023,35.175865,Makomba Forest Reserve,2025-12-11 12:18,10,0
L39641305,TZ,TZ-19,TZ-19-RU,-7.69658,38.0150932,Makubi Safari,2026-07-01 07:30,2,0
L1326562,TZ,TZ-01,TZ-01-MO,-3.5499179,36.1012051,Makuyuni (town),2026-09-19 08:47,244,126
L50939796,TZ,TZ-08,TZ-08-KA,-4.0248435,30.5519696,Malagarasi Bridge,2025-08-03 06:00,1,0
L25611300,TZ,TZ-24,TZ-24-UY,-5.443641,33.645473,Malongwe (Atlas Grid 3305B),2025-05-29 14:38,109,10
L22268858,TZ,TZ-09,TZ-09-SA,-4.0626758,37.7796592,Mandegee Point-near Mkomazi National park,2026-09-25 16:54,204,70
L1328718,TZ,TZ-16,TZ-16-KO,-7.8590119,36.8932581,Mang'ula Town,2026-06-30 10:56,104,14
L2711654,TZ,TZ-06,TZ-06-MI,-4.8834821,39.6795326,Manta Resort (IBA TZ076),2026-08-02 09:30,92,45
L4413951,TZ,TZ-01,TZ-01-MO,-3.5865798,36.0057592,Manyara Ranch Conservancy,2026-07-18 07:17,289,69
L25736263,TZ,TZ-23,TZ-23-MA,-5.742265,34.918859,Manyoni to Makutupora,2025-05-30 16:25,56,2
L21002497,TZ,TZ-11,TZ-11-KA,-6.2210634,39.3650158,Mapopwe Ricefields Area (IBA TZ057),2026-09-24 12:08,153,246
L16290081,TZ,TZ-01,TZ-01-KA,-3.3236016,35.71033,Marera Valley Lodge,2026-07-12 16:23,196,119
L23577701,TZ,TZ-15,TZ-15-MJ,-6.1400026,39.2086769,Maruhubi Lighthouse Area,2026-08-15 18:34,54,14
L7232279,TZ,TZ-15,TZ-15-MA,-6.118385,39.2429495,Masangini Forest Reserve,2024-12-23 14:27,48,14
L6540447,TZ,TZ-02,TZ-02-KI,-6.7468846,39.2563391,Masani Bay,2025-10-23 11:00,67,14
L9806734,TZ,TZ-04,TZ-04-IR,-8.1073659,35.4787871,Masifio Estates,2026-05-16 14:57,131,21
L30359987,TZ,TZ-04,TZ-04-KI,-7.8011824,35.804615,Masumbo,2026-09-27 09:44,164,50
L59710180,TZ,TZ-04,TZ-04-MU,-8.48412,35.363287,Matamba Farm,2026-03-08 06:57,43,6
L9998069,TZ,TZ-09,TZ-09-MR,-3.2539094,37.3887494,Materuni Waterfall,2026-09-18 11:23,105,30
L29853467,TZ,TZ-16,TZ-16-MU,-6.7876726,37.6328774,Mazimbu Sewage Pools,2026-05-30 07:23,88,11
L3545662,TZ,TZ-25,TZ-25-PA,-5.5,39.0666667,Maziwe Island Marine Reserve,2026-07-27 08:30,32,19
L6697716,TZ,TZ-25,TZ-25-LU,-4.81251,38.50362,Mazumbai Forest Reserve,2026-04-13 06:00,157,54
L4636790,TZ,TZ-28,TZ-28-BA,-2.3570288,34.3106085,Mbalageti Serengeti,2025-02-20 06:45,258,26
L23211781,TZ,TZ-14,TZ-14-MB,-8.8645896,33.4353598,Mbeya North,2023-03-29 15:30,56,2
L23234059,TZ,TZ-14,TZ-14-MB,-8.92639,33.4457104,Mbeya Town Forest,2026-05-02 09:43,51,9
L4421183,TZ,TZ-14,TZ-14-MR,-8.9282433,33.306722,Mbeya West,2025-09-22 07:30,103,18
L3545562,TZ,TZ-04,TZ-04-IR,-7.8035209,35.0405931,Mbomipa WMA,2026-08-23 09:24,304,107
L13122985,TZ,TZ-16,TZ-16-MO,-6.74118,37.75497,Mbuyuni Farm Retreat,2026-05-09 07:50,238,71
L13446199,TZ,TZ-16,TZ-16-MO,-6.7391625,37.7563366,Mbuyuni Farm Retreat --- Horse Stables Reservoir,2020-11-10 06:00,20,1
L63964145,TZ,TZ-16,TZ-16-MO,-6.742471,37.761302,Mbuyuni Farm Retreat --- Rosella Reservoir,2026-04-26 06:50,56,1
L62015259,TZ,TZ-16,TZ-16-MO,-6.733136,37.7621741,Mbuyuni Farm Retreat --- Teak Tree Reservoir,2023-01-12 16:23,31,4
L62016177,TZ,TZ-16,TZ-16-MO,-6.7436649,37.7515339,Mbuyuni Farm Retreat --- Western Overgrown Fields,2026-04-26 07:01,89,9
L38130367,TZ,TZ-16,TZ-16-KI,-7.580895,36.791498,Mbuyuni-Mikumi Rd,2025-10-04 14:45,25,2
L10825707,TZ,TZ-15,TZ-15-MA,-6.2215623,39.2049254,Mbweni Mangrove Forest Area,2026-09-15 11:45,90,209
L52387607,TZ,TZ-04,TZ-04-IR,-7.6867398,34.651469,Mdonya Old River Camp,2026-09-17 07:07,176,62
L8039331,TZ,TZ-02,TZ-02-KI,-6.73265,39.23846,Medirerraneo Hotel,2026-08-20 07:00,108,51
L55341894,TZ,TZ-16,TZ-16-MV,-6.938593,37.423323,Melela Reservoir,2025-11-22 16:28,54,2
L37645118,TZ,TZ-26,TZ-26-SI,-3.7401591,36.881837,"Mererani-Shambalai, Manyara District, Tanzania",2026-06-27 17:07,229,28
L21032849,TZ,TZ-01,TZ-01-ME,-3.3166,36.8855,Meru Mbega Lodge,2026-07-28 08:14,218,85
L1326557,TZ,TZ-01,TZ-01-MO,-3.4104422,36.4840077,Meserani Snake Park,2026-08-13 08:54,278,90
L18622554,TZ,TZ-15,TZ-15-MJ,-6.1805742,39.205825,Migombani Botanical Garden,2026-08-09 16:03,27,16
L67693632,TZ,TZ-16,TZ-16-MV,-7.187301,37.467656,Mikumi NP --- East of the Highway and Southwest of Lukwangule,2026-06-01 07:00,62,1
L17028963,TZ,TZ-16,TZ-16-KI,-7.3176967,37.0912497,Mikumi NP --- Hippo Pool,2026-06-24 05:36,170,24
L6517209,TZ,TZ-16,TZ-16-KI,-7.3882712,37.1494263,Mikumi NP --- Vuma Hills Tented Camp,2026-07-24 14:44,219,36
L6539248,TZ,TZ-16,TZ-16-KI,-7.2201397,37.1656001,Mikumi NP --- Vuma Rd (west of Hwy),2025-12-04 12:58,223,26
L15728463,TZ,TZ-16,TZ-16-KI,-7.360076,37.135675,Mikumi NP ---Vuma Rd. & vicinity (enroute to/from Vuma Hills Tented Camp),2026-09-13 14:31,215,58
L9806924,TZ,TZ-16,TZ-16-KI,-7.3286439,37.1294907,Mikumi National Park,2026-09-26 11:35,473,541
L3786098,TZ,TZ-16,TZ-16-KI,-7.1640223,37.1595383,Mikumi Np --- Mwanambogo Dam,2026-07-21 15:57,71,11
L39546539,TZ,TZ-16,TZ-16-MV,-6.8622211,37.6198268,Mindu Dam,2026-07-17 17:02,72,2
L3538033,TZ,TZ-05,TZ-05-MI,-1.1047442,31.5107632,Minziro Forest Reserve,2026-06-06 13:18,343,53
L22507417,TZ,TZ-04,TZ-04-IR,-8.016794,35.249211,Miombo Farm,2026-04-06 12:36,168,27
L4176339,TZ,TZ-10,TZ-10-CH,-5.239207,39.6047688,Misali Island (IBA TZ076),2025-07-14 10:20,56,12
L21267806,TZ,TZ-10,TZ-10-CH,-5.3055605,39.8113239,Mkama Ndume Ruins (IBA TZ076),2024-07-08 08:25,22,2
L23212869,TZ,TZ-10,TZ-10-MK,-5.3586733,39.64173,Mkoani Harbour (IBA TZ076),2025-08-05 09:42,19,12
L3130432,TZ,TZ-09,TZ-09-SA,-4.1396128,38.1699371,Mkomazi NP,2026-06-23 08:00,407,76
L21914920,TZ,TZ-09,TZ-09-SA,-3.963846,37.824301,Mkomazi NP--Babu's Camp,2026-08-14 15:49,152,25
L3130446,TZ,TZ-09,TZ-09-SA,-4.0264835,37.877166,Mkomazi NP--Babu's Camp,2026-08-21 12:37,201,30
L3965163,TZ,TZ-09,TZ-09-SA,-4.0493207,37.7994114,Mkomazi NP--Mkomazi Campsite,2026-07-16 07:10,248,33
L21893535,TZ,TZ-09,TZ-09-SA,-4.0881804,38.1126044,Mkomazi NP--North-Central (Kisima/Maore),2022-12-21 13:00,42,2
L21893305,TZ,TZ-09,TZ-09-SA,-3.9822527,37.8333924,Mkomazi NP--North-West (Zange/Mbula),2026-09-07 12:22,371,177
L16542550,TZ,TZ-09,TZ-09-SA,-4.086473,38.081708,Mkomazi NP--Rhino Sanctuary,2023-10-14 14:45,53,9
L16542524,TZ,TZ-09,TZ-09-SA,-4.0562551,37.7916814,Mkomazi NP--Zange Gate & Visitor Area,2026-09-17 07:18,316,86
L1326291,TZ,TZ-25,TZ-25-KO,-4.6625158,38.0766392,Mkumazi--Umba River bridge & thornscrub,2026-08-24 12:10,202,47
L3144741,TZ,TZ-01,TZ-01-AR,-3.1091882,36.7720127,Mkuru Camp Road,2025-10-24 08:07,211,28
L3545544,TZ,TZ-04,TZ-04-IR,-7.81681,35.09441,Mkuyu Guide School,2026-06-07 16:14,158,19
L5442002,TZ,TZ-07,TZ-07-KA,-5.7228188,39.304297,Mnarani Beach Cottages,2025-06-13 06:43,41,25
L9558293,TZ,TZ-07,TZ-07-KA,-5.7980933,39.3862916,Mnemba Atoll Marine Park,2026-09-04 11:50,38,30
L4024452,TZ,TZ-01,TZ-01-AU,-3.3889206,36.7522663,Moivaro Coffee Plantation Lodge,2026-09-09 07:12,153,63
L16945884,TZ,TZ-07,TZ-07-KB,-6.0137399,39.3921936,Moja Tuu The Luxury Villas & Nature Retreat,2026-02-15 06:45,78,11
L1122416,TZ,TZ-25,TZ-25-KO,-4.8861,38.2851,Mombo Forest Reserve,2026-08-04 14:21,76,11
L57627232,TZ,TZ-01,TZ-01-ME,-3.2336017,36.8497939,Momella Gate,2026-07-29 14:29,145,29
L3646344,TZ,TZ-01,TZ-01-ME,-3.3423667,36.864624,Momella Rd.--Usa River,2026-08-12 14:32,281,154
L4858248,TZ,TZ-01,TZ-01-MO,-3.268718,36.4936638,Monduli Forest Reserve,2026-05-12 15:58,238,34
L56142266,TZ,TZ-16,TZ-16-MU,-6.834374,37.672086,Morogoro Hotel,2026-08-28 07:36,67,7
L16958289,TZ,TZ-16,TZ-16-MU,-6.7964778,37.6670536,Morogoro International School,2026-09-25 07:35,140,188
L22254267,TZ,TZ-09,TZ-09-MO,-3.3418135,37.3205324,Moshi Golf Club,2026-08-12 09:57,55,7
L8097840,TZ,TZ-09,TZ-09-RO,-3.0498826,37.3597383,Mount Kilimanjaro National Park,2026-08-01 14:54,161,40
L4785085,TZ,TZ-09,TZ-09-MR,-3.1959958,37.2787839,Mount Kilimanjaro View Lodge,2023-09-04 09:18,66,2
L20764989,TZ,TZ-01,TZ-01-LO,-2.6859669,36.714592,Mount Longido Forest Reserve,2026-06-18 07:46,86,14
L1122436,TZ,TZ-01,TZ-01-ME,-3.3684,36.8628,Mount Meru Game Lodge,2026-06-21 10:49,193,118
L1147356,TZ,TZ-01,TZ-01-ME,-3.3823935,36.7899299,Mountain Village Lodge,2026-07-24 10:50,170,24
L55930173,TZ,TZ-16,TZ-16-MU,-6.883572,37.670995,Mountainside Shambas --- Leading up to Bondwa,2026-09-21 09:08,97,23
L4400837,TZ,TZ-08,TZ-08-KI,-4.371059,31.0610962,Moyowozi Game Reserve,2025-07-16 08:00,79,1
L9380702,TZ,TZ-01,TZ-01-AU,-3.4469312,36.7082673,Mrimba Palm Hotel,2026-06-13 07:32,32,12
L3881432,TZ,TZ-03,TZ-03-DO,-6.0955477,35.7505334,Msalato Theological College,2023-10-01 11:00,79,2
L2463088,TZ,TZ-02,TZ-02-KI,-6.7519338,39.2718369,Msasani Slipway,2026-09-21 07:53,114,59
L1016640,TZ,TZ-06,TZ-06-MI,-5.0026889,39.8288083,Msitu Kuu Forest (IBA TZ076),2025-10-09 12:54,45,10
L8794002,TZ,TZ-04,TZ-04-KI,-7.546592,36.5273952,Msosa Campsite,2026-09-16 09:04,95,3
L10457438,TZ,TZ-06,TZ-06-MI,-4.905524,39.735292,Msuka Beach (IBA TZ076),2026-08-27 07:46,82,69
L24067460,TZ,TZ-26,TZ-26-HA,-4.4784808,35.3966192,Mt Hanang Forest reserve -kilusu mandegee point,2023-05-04 06:35,38,3
L2736673,TZ,TZ-01,TZ-01-AR,-3.2549216,36.6684794,Mt Meru Forest Reserve,2026-08-22 09:42,366,63
L9126679,TZ,TZ-14,TZ-14-RU,-9.1247047,33.6564785,Mt Rungwe,2025-12-16 15:46,79,26
L1326428,TZ,TZ-01,TZ-01-AU,-3.3653129,36.7039819,Mt. Meru Hotel,2026-09-07 17:53,226,114
L18057837,TZ,TZ-04,TZ-04-IR,-7.819418,35.778712,Mtele Wetland,2026-09-03 17:53,203,71
L38252468,TZ,TZ-04,TZ-04-IR,-7.1202581,35.7784084,Mtera Reservoir (Iringa Region),2026-01-29 08:13,53,4
L41251149,TZ,TZ-03,TZ-03-CH,-6.869686,35.908296,Mtera Reservoir - North,2025-03-15 08:48,47,1
L25828173,TZ,TZ-03,TZ-03-MP,-7.0963988,35.9376416,Mtera reservoir(Makatapora),2023-07-09 13:30,29,1
L5144333,TZ,TZ-01,TZ-01-MO,-3.2629767,35.9440041,Mto wa Mbu WMA,2026-06-22 12:40,133,8
L5775222,TZ,TZ-04,TZ-04-MU,-8.511714,35.4371729,Mufindi Highlands Lodge,2025-12-25 12:54,159,60
L29153480,TZ,TZ-23,TZ-23-MA,-5.8877811,34.2826834,Muhesi GR North,2024-03-08 16:30,74,3
L4997385,TZ,TZ-01,TZ-01-LO,-2.8098281,36.4833641,Muriatata Hills,2025-04-14 11:57,37,2
L2578327,TZ,TZ-13,TZ-13-MU,-1.4922553,33.7793541,Musoma--Makoko,2026-02-02 13:12,184,59
L10981712,TZ,TZ-11,TZ-11-KU,-6.2461183,39.5340335,Mustapha' s Place,2025-03-20 00:00,24,7
L3283975,TZ,TZ-07,TZ-07-KA,-5.8050932,39.3583301,Muyuni Beach Area,2026-08-20 00:00,53,29
L50940227,TZ,TZ-08,TZ-08-KA,-4.4593788,30.6311569,Mvinza,2025-08-03 07:00,1,0
L12867603,TZ,TZ-18,TZ-18-IL,-2.4417266,32.9224766,Mwanza International Airport,2026-07-27 11:34,65,17
L22212553,TZ,TZ-25,TZ-25-TA,-5.2265294,39.0948588,Mwarongo Bay & Mudflats,2023-01-15 16:00,38,1
L22054264,TZ,TZ-25,TZ-25-TA,-5.2442707,39.0594186,Mwarongo Salt Flats,2023-03-04 17:33,64,2
L22236808,TZ,TZ-25,TZ-25-TA,-5.230072,39.08089,Mwarongo Salt Pans,2024-11-25 09:03,66,2
L3129984,TZ,TZ-01,TZ-01-MO,-3.6959482,36.1119586,Naitolia Eco-Lodge,2026-09-08 09:28,223,24
L3749492,TZ,TZ-09,TZ-09-MR,-3.5183042,37.3703384,Namalok Nature Reserve,2024-01-14 14:20,170,13
L42118973,TZ,TZ-16,TZ-16-UL,-8.5930556,36.4886111,Nambiga Forest Reserve,1995-11-30 06:00,132,1
L3653200,TZ,TZ-01,TZ-01-MO,-3.4006734,36.2209797,Nanja Valley,2026-08-23 09:55,295,64
L11233344,TZ,TZ-01,TZ-01-NG,-2.7414263,35.3595923,Nasera Rock,2026-01-22 08:20,141,14
L2645427,TZ,TZ-09,TZ-09-SI,-3.0154698,37.0015883,Ndarakwai Ranch,2026-09-07 16:40,323,96
L58119686,TZ,TZ-16,TZ-16-KI,-6.787747,37.129015,New Kimamba Fibers Compound Area,2026-02-07 05:45,42,3
L33283398,TZ,TZ-16,TZ-16-KI,-6.78375,37.1379148,New Kimamba Fibres Farm,2024-06-12 08:16,45,1
L4049073,TZ,TZ-07,TZ-07-KA,-5.9257156,39.3587726,Next Paradise Boutique Resort,2026-07-19 10:14,27,11
L22319052,TZ,TZ-19,TZ-19-RU,-7.7813259,38.2374001,Ngalawa camp,2022-12-27 00:00,57,1
L3696177,TZ,TZ-01,TZ-01-ME,-3.359375,36.8371904,Ngare Sero Mountain Lodge,2026-09-19 20:58,395,1122
L3634481,TZ,TZ-01,TZ-01-ME,-3.1425965,36.8787056,Ngare-Nanyuki Village,2026-05-09 14:12,218,42
L29896489,TZ,TZ-16,TZ-16-MU,-6.7623081,37.7028127,"Ngerengere Traintrack Pool - Tungi, Morogoro",2026-09-22 14:12,92,14
L1016669,TZ,TZ-06,TZ-06-MI,-4.929002,39.6984959,Ngezi Forest Reserve (IBA TZ076),2026-07-18 10:00,124,183
L1016648,TZ,TZ-06,TZ-06-MI,-4.9461899,39.7014141,Ngezi Forest--Joshua Trail (IBA TZ076),2026-08-14 10:23,57,19
L1328276,TZ,TZ-06,TZ-06-MI,-4.916853,39.6950352,Ngezi Forest--Makangale Wetland (IBA TZ076),2026-08-27 16:10,106,94
L4437858,TZ,TZ-01,TZ-01-NG,-3.0596105,35.3786373,Ngorongoro Conservation Area--Crater Slope to Olduvai Gorge,2026-09-22 14:00,406,175
L4281662,TZ,TZ-01,TZ-01-NG,-3.2867672,35.6557846,Ngorongoro Conservation Area--Elephant Cave Trail,2026-09-12 07:29,295,164
L3826993,TZ,TZ-01,TZ-01-NG,-2.9804988,35.7521296,Ngorongoro Conservation Area--Embulbul Depression,2026-09-07 09:23,155,11
L3825154,TZ,TZ-01,TZ-01-NG,-2.9145823,35.8273172,Ngorongoro Conservation Area--Empakaai Crater,2026-09-20 07:27,205,43
L11440302,TZ,TZ-01,TZ-01-NG,-2.7624066,35.4591532,Ngorongoro Conservation Area--Gol Mountains,2026-09-10 09:30,111,3
L3825172,TZ,TZ-01,TZ-01-NG,-3.221244,35.6463003,Ngorongoro Conservation Area--Henry Fosbroke Rd.,2026-02-15 16:45,306,54
L13515826,TZ,TZ-01,TZ-01-NG,-3.1906999,35.5369115,Ngorongoro Conservation Area--Lake Magadi,2026-09-21 13:29,471,456
L1327318,TZ,TZ-01,TZ-01-NG,-3.0256074,35.040752,Ngorongoro Conservation Area--Lake Masek,2026-05-27 12:45,314,172
L17632670,TZ,TZ-01,TZ-01-NG,-3.0291408,35.0472128,Ngorongoro Conservation Area--Lake Masek Tented Lodge,2026-08-04 13:25,190,46
L1327315,TZ,TZ-28,TZ-28-IT,-3.0012642,34.99612,Ngorongoro Conservation Area--Lake Ndutu,2026-07-20 15:14,398,487
L18359382,TZ,TZ-01,TZ-01-NG,-3.2296697,35.5252919,Ngorongoro Conservation Area--Lerai Picnic Area,2026-09-08 12:38,350,150
L16424869,TZ,TZ-01,TZ-01-NG,-3.1251734,35.6612944,Ngorongoro Conservation Area--Lion's Paw Camp,2026-09-17 16:00,172,96
L1326993,TZ,TZ-01,TZ-01-NG,-3.2989909,35.5927317,Ngorongoro Conservation Area--Lodoare Gate,2026-09-25 08:41,372,354
L13432854,TZ,TZ-01,TZ-01-NG,-3.2643867,35.5738721,Ngorongoro Conservation Area--Lodoare Gate Overlook,2026-09-11 07:25,255,249
L16295611,TZ,TZ-01,TZ-01-NG,-3.1574304,35.4682489,Ngorongoro Conservation Area--Malanja Depression,2026-08-07 08:23,321,181
L1150149,TZ,TZ-01,TZ-01-NG,-3.1342599,35.6693201,Ngorongoro Conservation Area--NE Crater Rim Highlands (2200-2300m),2026-09-03 10:23,297,158
L1327002,TZ,TZ-01,TZ-01-NG,-3.1159464,35.4151447,Ngorongoro Conservation Area--NW Crater Slope,2026-08-05 15:22,350,122
L2997211,TZ,TZ-01,TZ-01-NG,-3.0128356,35.0202942,Ngorongoro Conservation Area--Ndutu (general area),2026-08-16 09:00,496,847
L950164,TZ,TZ-01,TZ-01-NG,-3.0201197,34.9971521,Ngorongoro Conservation Area--Ndutu Safari Lodge,2026-09-07 12:36,479,658
L4020809,TZ,TZ-28,TZ-28-IT,-2.9943531,35.0044584,Ngorongoro Conservation Area--Ndutu Tented Camp,2026-05-16 14:25,293,60
L16462622,TZ,TZ-01,TZ-01-NG,-3.2101214,35.6010865,Ngorongoro Conservation Area--Ngoitokitok Picnic Area,2026-09-08 12:12,287,190
L951508,TZ,TZ-01,TZ-01-NG,-3.1734251,35.5641174,Ngorongoro Conservation Area--Ngorongoro Crater,2026-09-20 08:49,639,2603
L1044129,TZ,TZ-01,TZ-01-NG,-3.239754,35.4978561,Ngorongoro Conservation Area--Ngorongoro Crater Lodge,2026-08-23 08:35,442,122
L1044078,TZ,TZ-01,TZ-01-KA,-3.3022869,35.6408715,Ngorongoro Conservation Area--Ngorongoro Manor,2026-06-01 13:12,206,30
L3486909,TZ,TZ-01,TZ-01-NG,-3.2094261,35.4786824,Ngorongoro Conservation Area--Ngorongoro Serena Safari Lodge,2026-09-05 16:18,433,589
L951500,TZ,TZ-01,TZ-01-NG,-3.1535084,35.6764269,Ngorongoro Conservation Area--Ngorongoro Sopa Lodge,2026-09-11 08:54,395,201
L1327345,TZ,TZ-01,TZ-01-NG,-3.2435944,35.5115754,Ngorongoro Conservation Area--Ngorongoro Wildlife Lodge,2026-08-21 15:56,286,85
L1044143,TZ,TZ-01,TZ-01-NG,-2.9935274,35.3512573,Ngorongoro Conservation Area--Olduvai Gorge,2026-09-26 22:08,413,607
L3134576,TZ,TZ-01,TZ-01-NG,-3.256895,35.5251664,Ngorongoro Conservation Area--Rhino Lodge,2026-09-14 06:45,225,101
L18244043,TZ,TZ-01,TZ-01-NG,-3.2282606,35.4899773,Ngorongoro Conservation Area--Simba Campsite A,2026-08-09 15:15,155,69
L1326999,TZ,TZ-01,TZ-01-NG,-3.2620056,35.5867819,Ngorongoro Conservation Area--southern crater rim (incl. gate and viewpoint),2026-09-15 11:18,424,275
L40085911,TZ,TZ-01,TZ-01-NG,-2.9868656,34.9263477,Ngorongoro Conservation Area—Ndutu Swamp,2026-06-30 06:00,285,106
L9742160,TZ,TZ-01,TZ-01-KA,-3.3390317,35.5951487,Ngorongoro Farmhouse,2026-09-22 09:47,226,52
L1044080,TZ,TZ-01,TZ-01-KA,-3.3275432,35.6350994,Ngorongoro Plantation,2026-08-23 14:46,195,71
L6217718,TZ,TZ-14,TZ-14-KY,-9.5018352,33.9987347,Ngorwa River--Matema,2021-03-20 16:53,103,7
L21863538,TZ,TZ-06,TZ-06-MI,-4.9596738,39.6829846,Njao Channel & Mangroves (IBA TZ076),2025-12-12 09:37,44,8
L5939576,TZ,TZ-26,TZ-26-SI,-4.231378,36.311531,Noloholo Environmental Center,2026-06-13 16:25,187,13
L17234046,TZ,TZ-26,TZ-26-BA,-4.1366031,35.4947519,Nou Forest,2026-09-08 16:15,178,41
L4104738,TZ,TZ-05,TZ-05-BR,-1.4593367,31.803883,Ntoma Beach,2011-05-28 00:00,32,1
L29227279,TZ,TZ-24,TZ-24-SI,-5.3136787,33.490012,Nyahua Br (Atlas Grid 3305A),2026-02-18 16:05,103,2
L25654095,TZ,TZ-24,TZ-24-SI,-5.390364,33.376688,Nyahua Swamp Area (Atlas Grid 3305A),2026-01-22 11:00,87,7
L12542828,TZ,TZ-13,TZ-13-RO,-1.1870183,34.3620862,Nyakweri Hills,2025-02-06 11:31,125,2
L38024772,TZ,TZ-04,TZ-04-IR,-7.661248,35.478647,Nyamahana - Kidamali Scarp,2026-09-12 09:16,62,4
L23542857,TZ,TZ-15,TZ-15-MA,-6.2704434,39.2457666,Nyamanzi Mangrove Forest Area (IBA TZ044),2026-09-14 11:55,74,37
L50940690,TZ,TZ-08,TZ-08-KA,-4.1991368,30.7365471,Nyangwe,2026-09-16 08:00,114,0
L29112743,TZ,TZ-19,TZ-19-RU,-7.6752672,38.1011438,Nyerere NP -  Roho Ya Selous,2026-09-23 11:04,230,22
L30246735,TZ,TZ-12,TZ-12-LW,-8.7350289,37.6391893,Nyerere National Park,2026-06-21 16:30,145,4
L3658890,TZ,TZ-26,TZ-26-SI,-3.7174627,37.4162149,Nyumba ya Mungu Reservoir,2026-09-08 07:42,375,119
L21117438,TZ,TZ-01,TZ-01-AR,-3.14678,36.6951308,Oldonyo Sambu--Mandegee Point,2026-09-09 11:28,298,208
L41240991,TZ,TZ-01,TZ-01-MO,-3.811881,36.123374,Olkeri Camp - Randlien WMA,2026-01-10 07:57,175,13
L5093214,TZ,TZ-09,TZ-09-SI,-2.884575,37.125189,Olmolog Mountainside Farm,2024-11-16 12:40,33,1
L3695921,TZ,TZ-01,TZ-01-LO,-2.9978907,36.9181864,Olpopongi Maasai Cultural Village & Museum,2018-10-06 06:30,11,0
L4915558,TZ,TZ-11,TZ-11-KU,-6.2661325,39.536528,Paje Beach,2026-09-24 10:06,59,21
L38089395,TZ,TZ-01,TZ-01-NG,-3.2234935,35.4890156,Pakulala,2026-03-30 09:12,13,1
L20443371,TZ,TZ-16,TZ-16-KI,-7.2709278,36.8136778,Pala Mountain Reserve
L7050006,TZ,TZ-02,TZ-02-IL,-6.7968262,39.2830485,Palm Beach,2026-03-12 17:52,125,17
L3534426,TZ,TZ-25,TZ-25-PA,-5.5110942,38.9810801,Pangani Beach and Creek,2026-08-16 11:01,244,57
L6655034,TZ,TZ-25,TZ-25-PA,-5.5109968,38.9692783,Pangani Palm Savannah,2026-05-17 10:34,80,4
L18954675,TZ,TZ-25,TZ-25-KO,-4.6160367,38.0054855,Pangani River Campsite,2026-08-19 10:19,97,10
L5528505,TZ,TZ-18,TZ-18-MA,-2.5272587,33.2956257,Papas Cafe and Bungalows,2025-04-13 08:21,31,3
L37321723,TZ,TZ-04,TZ-04-KI,-8.1157969,35.9480644,"Parinari Forest, Dabaga, Kilolo District, Tanzania",2026-05-27 11:49,61,10
L9484794,TZ,TZ-01,TZ-01-KA,-3.3369579,35.6665564,Patamu Restaurant & Bar,2026-09-09 06:15,41,14
L21844776,TZ,TZ-06,TZ-06-MI,-4.8536276,39.6818494,Pemba Island Sandbank (IBA TZ076),2026-01-29 12:04,12,4
L6496888,TZ,TZ-06,TZ-06-MI,-4.8964485,39.6796855,Pemba Paradise Resort (IBA TZ076),2025-11-04 10:59,74,67
L22803930,TZ,TZ-06,TZ-06-MI,-4.9001515,39.6779279,Pemba paradise hotel (IBA TZ076),2026-08-22 09:35,74,50
L22194891,TZ,TZ-25,TZ-25-MU,-5.2878874,39.0656662,Peponi Beach Resort,2023-01-14 17:00,15,1
L2347534,TZ,TZ-01,TZ-01-AU,-3.4010268,36.7397457,Planet Lodge,2026-07-23 14:35,97,92
L35279335,TZ,TZ-14,TZ-14-MR,-8.981478,33.565097,Poroto Ridge Forest Reserve,2026-03-22 11:18,62,27
L21727432,TZ,TZ-19,TZ-19-KS,-6.9023134,39.0929604,Pugu Hills Forest Reserve,2026-09-24 15:43,265,140
L4806028,TZ,TZ-11,TZ-11-KA,-6.1246896,39.5030044,Qambani Villas,2025-08-22 06:41,54,9
L62690891,TZ,TZ-16,TZ-16-MU,-6.846992,37.671855,RC Village Weaver Colony,2026-04-13 12:35,11,1
L7116032,TZ,TZ-01,TZ-01-MO,-3.752395,36.092337,Randilen WMA,2026-08-11 08:24,178,6
L9647790,TZ,TZ-01,TZ-01-MO,-3.75153,36.11253,Randilen WMA,2026-08-10 07:59,269,47
L55854286,TZ,TZ-16,TZ-16-MU,-6.871846,37.6739903,Raptor Hill,2026-08-17 10:22,52,2
L21854058,TZ,TZ-06,TZ-06-MI,-4.8746478,39.6787218,Ras Kigomasha (IBA TZ076),2025-11-07 06:42,26,3
L951907,TZ,TZ-02,TZ-02-TE,-6.9369495,39.5036173,Ras Kutani,2025-10-26 10:32,121,14
L16601823,TZ,TZ-09,TZ-09-MO,-3.3686073,37.3550981,Rau Forest Preserve,2026-08-01 15:10,120,27
L10802226,TZ,TZ-07,TZ-07-KA,-5.734142,39.315561,Ra’s Nungwi Sandbank,2020-02-18 15:45,5,1
L17680813,TZ,TZ-01,TZ-01-KA,-3.2864841,35.714211,Rhotia Valley Lodge,2026-09-20 06:32,67,7
L2694111,TZ,TZ-01,TZ-01-ME,-3.3733526,36.8651806,Rivertrees Country Inn,2026-08-30 14:23,275,234
L8794090,TZ,TZ-04,TZ-04-KI,-7.7977596,35.7988644,Rivervalley Campsite,2026-05-27 06:32,214,831
L55341332,TZ,TZ-16,TZ-16-MV,-6.932545,37.426448,Road to Melela Reservoir,2025-11-22 15:30,10,1
L54789606,TZ,TZ-16,TZ-16-KO,-8.0507166,36.6764759,Road to Tari Ifakara,2025-10-30 08:00,26,1
L16436754,TZ,TZ-12,TZ-12-LI,-10.1257028,39.2233741,Rondo Plateau,2021-06-30 06:00,5,0
L3825265,TZ,TZ-09,TZ-09-RO,-2.9651729,37.4910164,Rongai Forest,2024-01-21 14:46,138,4
L6514759,TZ,TZ-16,TZ-16-KI,-7.4344325,36.508534,"Ruaha Acacia Bush, Mbuyuni (-7.43443253815431, 36.5085339546204)",2017-09-19 09:00,27,1
L2102158,TZ,TZ-04,TZ-04-IR,-7.4068776,34.9440766,Ruaha NP (please use more precise loc.),2026-06-10 06:30,439,213
L28772424,TZ,TZ-04,TZ-04-IR,-7.6155932,34.8393732,Ruaha NP-- Jabali Ridge,2026-08-28 10:24,236,36
L41404464,TZ,TZ-14,TZ-14-MI,-8.4054476,34.4709786,Ruaha NP--Ihefu Swamp
L5779684,TZ,TZ-04,TZ-04-IR,-7.5422118,34.8784044,Ruaha NP--Ikuka Safari Camp,2026-03-02 10:52,257,50
L7952386,TZ,TZ-14,TZ-14-MI,-7.9290258,34.5618895,Ruaha NP--Jongomero,2025-10-12 14:48,211,37
L21469664,TZ,TZ-14,TZ-14-CH,-7.770947,34.206559,Ruaha NP--Magangwe,2026-09-06 07:31,93,3
L17425637,TZ,TZ-04,TZ-04-IR,-7.687086,34.6514422,Ruaha NP--Mdonya Camp,2026-07-01 08:43,173,31
L37242614,TZ,TZ-04,TZ-04-IR,-7.036121,34.723529,Ruaha NP--Mpululu,2026-07-30 08:30,103,8
L17425652,TZ,TZ-04,TZ-04-IR,-7.6856105,34.9214244,Ruaha NP--Msembe HQ,2026-09-21 06:43,286,114
L1917131,TZ,TZ-04,TZ-04-IR,-7.6075527,34.928627,Ruaha NP--Mwagusi Safari Camp,2026-08-05 05:59,295,145
L8128783,TZ,TZ-04,TZ-04-IR,-7.1427267,35.1895476,Ruaha NP--Northeast Boundary Rd.,2018-11-11 08:10,33,2
L18066141,TZ,TZ-04,TZ-04-IR,-7.6146114,35.0007427,Ruaha NP--River Drive (Central),2026-09-20 15:43,291,80
L28731955,TZ,TZ-14,TZ-14-MI,-8.2243967,34.4487087,Ruaha NP--Usangu Expedition Camp,2025-08-29 12:06,159,10
L17953476,TZ,TZ-04,TZ-04-IR,-7.445681,35.234867,Ruaha NP--Zumbua Camp,2026-08-30 16:41,336,367
L7918722,TZ,TZ-04,TZ-04-IR,-7.766587,34.8725136,Ruaha River Lodge,2026-09-08 15:12,317,205
L37287018,TZ,TZ-05,TZ-05-MI,-1.2924004,31.6591933,Ruasina Wetland,2026-05-09 09:49,47,2
L30415201,TZ,TZ-16,TZ-16-GA,-6.3294701,36.8954641,Rubeho to Masenge (Ukaguru climb route),2026-09-09 14:41,43,9
L8096849,TZ,TZ-27,TZ-27-GE,-2.416776,31.876133,Rubondo (Luwondo) National Park,2026-02-26 10:24,103,16
L2335967,TZ,TZ-27,TZ-27-GE,-2.3394376,31.8548584,Rubondo Island NP,2026-08-07 07:35,181,59
L16583318,TZ,TZ-27,TZ-27-GE,-2.2922371,31.8499875,Rubondo Island NP--Headquarters,2026-09-26 18:24,163,149
L25710509,TZ,TZ-24,TZ-24-UY,-5.282474,33.322273,Rubuga (Atlas Grid 3305A),2026-07-09 09:00,100,9
L6047850,TZ,TZ-19,TZ-19-RU,-7.745208,38.193513,Rufiji River Camp,2026-06-16 09:38,286,97
L13566192,TZ,TZ-05,TZ-05-KY,-1.2550063,30.7746734,Rumanyika Orugundu Game Reserve,2024-06-17 07:40,89,2
L5777110,TZ,TZ-23,TZ-23-MA,-6.947932,33.553843,Rungwa Game Reserve--Headquarters,2025-04-20 09:00,111,5
L6623465,TZ,TZ-16,TZ-16-MO,-7.0225028,37.8101271,Ruvu River - Forest near Kimboza,2017-11-16 12:30,9,3
L49709561,TZ,TZ-19,TZ-19-RU,-7.7712581,38.2329847,SELOUS JIMBIZA CAMP,2020-11-05 15:00,19,1
L64616469,TZ,TZ-16,TZ-16-MU,-6.8568641,37.6492949,SUA --- Kididimo River Line,2026-06-08 17:24,64,6
L47040003,TZ,TZ-16,TZ-16-MV,-6.8397766,37.6383934,SUA Botanical Gardens --- Bwawa No. 2,2026-05-09 17:25,59,5
L56236143,TZ,TZ-16,TZ-16-MU,-6.833785,37.6441845,SUA Botanical Gardens --- Fields and Grassland to the North,2026-06-10 17:37,31,4
L62710486,TZ,TZ-16,TZ-16-MV,-6.840253,37.650286,SUA Botanical Gardens --- Garden Triangle Trail,2026-08-26 17:52,134,23
L13421018,TZ,TZ-16,TZ-16-MV,-6.8420896,37.6443534,SUA Botanical Gardens --- Main Reservoir,2026-09-14 08:11,122,26
L62492394,TZ,TZ-16,TZ-16-MV,-6.8385,37.64899,SUA Botanical Gardens --- Sokoine Boulevard Loop,2026-08-31 16:59,119,35
L62016936,TZ,TZ-16,TZ-16-MV,-6.8433616,37.649874,SUA Botanical Gardens --- Southern Trail,2026-07-18 07:13,95,10
L63110241,TZ,TZ-16,TZ-16-MV,-6.8380198,37.6479729,SUA Botanical Gardens --- The Big Msufi Tree,2026-09-08 07:35,101,19
L54762148,TZ,TZ-16,TZ-16-MU,-6.844964,37.654092,SUA Mango Bwawa,2026-06-10 09:27,51,8
L3060701,TZ,TZ-19,TZ-19-BA,-5.9995575,38.7577915,Saadani NP (IBA TZ046),2026-08-19 00:00,341,119
L3752707,TZ,TZ-18,TZ-18-NY,-2.5435126,32.8899765,Saanane NP,2026-09-21 08:59,172,29
L57733215,TZ,TZ-01,TZ-01-ME,-3.374889,36.856234,Safi Café,2026-02-21 18:01,14,8
L9958486,TZ,TZ-01,TZ-01-NG,-2.641178,35.8674104,Saitoti River Trail,2026-09-23 14:54,66,11
L9846116,TZ,TZ-26,TZ-26-BA,-4.1311805,35.9541321,Sanctuary Swala Camp,2026-03-29 09:20,173,25
L11071521,TZ,TZ-19,TZ-19-RU,-7.7793506,38.0087556,Sand Rivers Selous,2026-08-06 15:01,231,35
L8676937,TZ,TZ-12,TZ-12-KI,-9.0540378,39.5255724,Sanje ya Kati Island,2017-08-08 10:30,4,0
L2835549,TZ,TZ-01,TZ-01-KA,-3.3309896,35.7515717,School for Field Studies Moyo Hill Camp,2025-09-14 13:57,148,60
L7779345,TZ,TZ-15,TZ-15-MA,-6.035462,39.205928,Sea Cliff Resort,2023-03-23 08:58,50,11
L43304356,TZ,TZ-02,TZ-02-KI,-6.7912936,39.2831639,Selander Bridge mudflats,2026-09-09 07:11,28,4
L7114059,TZ,TZ-19,TZ-19-RU,-7.735997,38.1600237,Selous Game Reserve,2025-11-13 15:13,314,54
L10093473,TZ,TZ-16,TZ-16-MO,-7.5343197,37.7673454,Selous Game Reserve --- Matambwe Gate,2026-09-22 13:26,128,9
L10093503,TZ,TZ-16,TZ-16-MO,-7.5081154,37.6386118,Selous Game Reserve --- Mbega Camp,2023-09-05 11:00,94,4
L6545094,TZ,TZ-16,TZ-16-MO,-7.5165126,37.6765823,Selous Game Reserve --- Sable Mountain Lodge,2025-07-09 06:25,142,14
L9372790,TZ,TZ-19,TZ-19-RU,-7.652363,38.0479235,Selous Game Reserve--Lake Manze,2026-09-23 13:38,247,59
L6445039,TZ,TZ-19,TZ-19-RU,-7.7141897,38.0019021,Selous Game Reserve--Lake Tagalala,2026-06-16 14:44,129,13
L10112996,TZ,TZ-19,TZ-19-RU,-7.7510136,38.2029952,Selous Game Reserve--Mtemere Gate,2026-09-23 13:38,246,69
L1328318,TZ,TZ-19,TZ-19-RU,-7.6828832,38.1353585,Selous Game Reserve--North Sector,2026-09-22 15:01,348,144
L8067697,TZ,TZ-19,TZ-19-RU,-7.7634582,37.9987723,Selous Game Reserve--Roho Ya Selous,2023-09-07 07:00,173,17
L4172162,TZ,TZ-19,TZ-19-RU,-7.7115409,38.1622741,Selous Impala Camp,2026-09-23 07:23,259,41
L13306291,TZ,TZ-19,TZ-19-RU,-7.7841731,38.2603537,Selous Kulinda Camp/Selous Riverside Safari Camp,2026-09-23 18:05,180,26
L8677047,TZ,TZ-19,TZ-19-RU,-7.8414615,38.3642873,Selous Mapumziko Lodge,2023-11-12 11:50,124,1
L21296960,TZ,TZ-09,TZ-09-HA,-3.179427,37.2238845,Semira Farmhouse,2026-05-16 16:00,133,110
L3752713,TZ,TZ-28,TZ-28-BA,-2.5363461,34.8512077,Serengeti NP,2026-09-26 16:46,518,1584
L949530,TZ,TZ-13,TZ-13-SE,-2.4612788,34.6838379,Serengeti NP (Mara and Shinyanga Provinces),2026-09-22 07:00,489,447
L13006766,TZ,TZ-13,TZ-13-SE,-2.4126904,35.01242,Serengeti NP--Acacia Seronera Luxury Camp,2026-09-09 13:10,176,21
L9982375,TZ,TZ-13,TZ-13-SE,-2.420987,34.849711,Serengeti NP--Dik Dik Campsite,2026-09-12 11:07,343,72
L37289439,TZ,TZ-13,TZ-13-SE,-1.76463,35.06996,Serengeti NP--Esirai Camp,2026-08-22 06:15,196,12
L10635659,TZ,TZ-13,TZ-13-SE,-2.2345,34.9191,Serengeti NP--Four Seasons Safari Lodge Serengeti,2026-08-16 07:21,302,118
L1150277,TZ,TZ-13,TZ-13-BU,-2.1661937,34.1374998,Serengeti NP--Grumeti River near Kirawira Camp,2026-06-26 08:46,284,62
L2271828,TZ,TZ-13,TZ-13-BU,-2.1570649,34.2198586,Serengeti NP--Grumeti Serengeti Tented Camp,2026-06-19 14:35,333,95
L13006335,TZ,TZ-13,TZ-13-SE,-2.1888684,34.7252106,Serengeti NP--Ikoma Gate,2026-09-27 09:49,321,90
L4963826,TZ,TZ-13,TZ-13-SE,-2.4809075,34.7575611,Serengeti NP--Kati Kati Camp,2026-09-10 15:41,276,42
L3460875,TZ,TZ-28,TZ-28-BA,-2.252767,34.011603,Serengeti NP--Kijereshi Tented Camp,2024-05-31 10:44,77,6
L2276134,TZ,TZ-01,TZ-01-NG,-1.8351582,35.2467155,Serengeti NP--Klein's Camp,2026-09-05 08:15,331,55
L8100106,TZ,TZ-13,TZ-13-SE,-1.5697295,34.8921483,Serengeti NP--Kogatende,2026-09-25 10:04,348,155
L5508980,TZ,TZ-13,TZ-13-SE,-2.3277904,34.7694647,Serengeti NP--Kubu Kubu Tented Lodge,2026-08-19 07:19,349,249
L1044215,TZ,TZ-28,TZ-28-ME,-3.0230981,34.7157669,Serengeti NP--Kusini Camp,2026-05-31 08:06,257,107
L11780529,TZ,TZ-13,TZ-13-SE,-2.320297,34.445623,Serengeti NP--Lahia Lodge,2026-07-25 07:17,236,32
L8796639,TZ,TZ-28,TZ-28-BA,-2.6571269,34.7929096,Serengeti NP--Lake Magadi,2026-09-16 13:37,314,99
L4277879,TZ,TZ-13,TZ-13-SE,-1.5149926,34.8418951,Serengeti NP--Lamai Triangle,2026-08-09 17:09,294,106
L10185482,TZ,TZ-28,TZ-28-BA,-2.4972324,34.7589501,Serengeti NP--Lemala Ewanjan Camp,2026-09-10 12:41,116,19
L14773416,TZ,TZ-13,TZ-13-SE,-2.0000281,35.1694036,Serengeti NP--Lobo Hills,2025-12-30 10:52,257,51
L4031958,TZ,TZ-13,TZ-13-SE,-2.0023585,35.1681523,Serengeti NP--Lobo Wildlife Lodge,2025-10-25 11:50,278,42
L16461977,TZ,TZ-28,TZ-28-BA,-2.5079361,34.8847789,Serengeti NP--Maasai Kopjes,2026-09-07 09:30,290,112
L5513358,TZ,TZ-28,TZ-28-BA,-2.5339148,34.7793607,Serengeti NP--Mawe Meupe Picnic Spot,2026-09-15 09:19,232,63
L8100152,TZ,TZ-13,TZ-13-SE,-2.334162,34.8316,Serengeti NP--Moru Kopjes,2026-09-03 07:48,375,141
L11440269,TZ,TZ-28,TZ-28-IT,-2.8124277,35.0301307,Serengeti NP--Naabi Hill,2026-09-22 12:20,247,138
L3127161,TZ,TZ-28,TZ-28-IT,-2.8320742,34.9975812,Serengeti NP--Naabi Hill Gate,2026-09-26 15:25,385,825
L4285205,TZ,TZ-13,TZ-13-SE,-1.6457005,34.9214414,Serengeti NP--Nomad Lamai Camp,2026-09-25 16:10,248,67
L4284893,TZ,TZ-13,TZ-13-SE,-1.6087707,34.9861765,Serengeti NP--Northern Serengeti,2026-09-11 16:48,415,357
L37266493,TZ,TZ-13,TZ-13-SE,-2.486452,35.054461,Serengeti NP--Olmara Camp,2026-07-21 08:09,187,16
L4031982,TZ,TZ-13,TZ-13-SE,-2.2935705,34.7991675,Serengeti NP--Retina Hippo Pool,2026-09-27 17:03,347,239
L6440007,TZ,TZ-13,TZ-13-SE,-2.3421068,34.8467177,Serengeti NP--Ronjo Camp,2026-08-15 11:38,324,49
L1331953,TZ,TZ-13,TZ-13-SE,-1.5691747,34.9081404,Serengeti NP--Sayari Camp,2026-08-06 08:29,329,83
L17632830,TZ,TZ-13,TZ-13-SE,-2.4759433,34.9927479,Serengeti NP--Serengeti Sametu Camp,2026-08-25 17:38,219,50
L1044583,TZ,TZ-13,TZ-13-SE,-2.3832598,34.703064,Serengeti NP--Serengeti Serena Safari Lodge,2026-09-23 06:55,477,431
L949124,TZ,TZ-28,TZ-28-BA,-2.5967763,34.6789455,Serengeti NP--Serengeti Sopa Lodge,2026-03-24 07:45,402,139
L1327024,TZ,TZ-13,TZ-13-SE,-2.4370863,34.8130872,Serengeti NP--Seronera,2026-09-27 12:03,489,1039
L5736131,TZ,TZ-28,TZ-28-BA,-2.4934524,34.8309946,Serengeti NP--Seronera Pond,2026-09-26 17:23,324,284
L16295835,TZ,TZ-28,TZ-28-IT,-2.6848842,34.9275705,Serengeti NP--Simba Kopjes,2026-09-06 11:54,313,169
L13006630,TZ,TZ-28,TZ-28-BA,-2.5205459,34.8053696,Serengeti NP--Simiyu,2026-09-05 16:20,257,67
L4277902,TZ,TZ-13,TZ-13-SE,-1.5684028,34.7898924,Serengeti NP--Singita Mara River Tented Camp,2026-09-23 16:48,247,38
L16103919,TZ,TZ-13,TZ-13-SE,-1.81946,34.833685,Serengeti NP--Tabora B Gate,2026-09-09 08:30,244,37
L4639300,TZ,TZ-13,TZ-13-SE,-2.445835,34.817948,Serengeti NP--Visitor Center,2026-09-27 16:17,424,500
L20147570,TZ,TZ-28,TZ-28-BU,-2.2810397,33.754281,Serenity on the Lake,2026-04-25 06:45,114,9
L2715113,TZ,TZ-18,TZ-18-MA,-2.5373279,33.4666488,Serenity on the Lake Eco Retreat,2023-04-29 08:55,83,4
L57437911,TZ,TZ-13,TZ-13-SE,-2.4469861,34.8067904,Seronera Wildlife Lodge,2026-09-05 08:14,116,9
L5141736,TZ,TZ-25,TZ-25-LU,-4.5097144,38.2894564,Shagayu Forest Reserve,2023-12-12 07:51,76,9
L5165127,TZ,TZ-25,TZ-25-LU,-4.5317628,38.2468414,Shagayu Forest Reserve Plantations,2024-07-29 12:41,29,3
L6516409,TZ,TZ-26,TZ-26-SI,-3.7669671,36.9425154,Shambarai Plateau,2026-07-16 14:18,284,73
L5866599,TZ,TZ-26,TZ-26-SI,-3.71364,36.879034,Shambarai Swamp,2026-08-04 13:44,371,150
L63968435,TZ,TZ-16,TZ-16-MO,-6.7560996,37.7578764,Shambas South of Kimango,2026-07-27 07:29,50,5
L13613389,TZ,TZ-16,TZ-16-MO,-6.9293634,37.7291947,Shambas around Tegetero,2026-09-12 08:20,63,7
L3099397,TZ,TZ-25,TZ-25-LU,-4.7174089,38.2696724,Shume Magamba Forest Reserve,2026-07-14 10:22,158,52
L3656965,TZ,TZ-25,TZ-25-TA,-5.0499067,39.0471911,Sigi River--Amboni Bridge,2023-06-25 11:56,128,18
L8585810,TZ,TZ-09,TZ-09-SI,-2.987956,37.0844364,Simba Farm,2026-08-19 12:26,139,21
L6511188,TZ,TZ-25,TZ-25-PA,-5.8004966,38.8430916,Simply Saadani Camp,2026-08-17 00:00,105,12
L3531689,TZ,TZ-13,TZ-13-SE,-2.1211266,34.6107745,Singita Faru Faru Lodge,2026-07-24 16:20,306,52
L3531708,TZ,TZ-13,TZ-13-SE,-2.1060682,34.5062542,Singita Grumeti Reserve,2026-07-01 08:15,406,143
L3531700,TZ,TZ-13,TZ-13-SE,-2.125324,34.4132996,Singita Sabora Tented Camp,2026-07-03 08:46,270,55
L2271527,TZ,TZ-13,TZ-13-SE,-2.0866648,34.492811,Singita Sasakwa Lodge,2026-08-08 17:22,322,103
L3764309,TZ,TZ-09,TZ-09-RO,-2.9643962,37.4915273,Snowcap Cottages,2025-07-14 08:55,71,16
L5907351,TZ,TZ-01,TZ-01-NG,-2.127465,35.279488,Soit Orgoss,2022-05-24 06:26,103,2
L18200929,TZ,TZ-16,TZ-16-MU,-6.8540577,37.6604268,Sokoine University of Agriculture,2026-08-12 18:15,165,57
L18201247,TZ,TZ-16,TZ-16-MV,-6.8412666,37.6486985,Sokoine University of Agriculture Botanical Gardens,2026-09-14 08:11,286,376
L10269495,TZ,TZ-01,TZ-01-AR,-3.3657551,36.7414763,Songota Falls,2026-07-23 16:45,50,9
L21653352,TZ,TZ-07,TZ-07-KB,-6.0085683,39.3871494,South Kiwengwa,2025-09-03 17:10,63,11
L19018599,TZ,TZ-09,TZ-09-SA,-4.131,37.886,South Pare Mountains,2026-09-02 15:33,185,138
L22339184,TZ,TZ-19,TZ-19-MA,-7.9152257,39.6559311,Southwest Kilindoni,2026-09-14 14:05,85,19
L3719886,TZ,TZ-28,TZ-28-BU,-2.2670979,33.7963647,Speke Bay Lodge,2026-08-06 06:00,393,364
L21777622,TZ,TZ-09,TZ-09-MO,-3.3776306,37.34345,Springlands Hotel Moshi,2026-09-26 06:31,22,1
L3700581,TZ,TZ-01,TZ-01-KA,-3.3279288,35.6053376,St. Catharine's Monastery,2026-03-03 06:36,44,15
L37805161,TZ,TZ-03,TZ-03-DO,-6.1554513,35.8040141,St. Gaspar Conference Center,2026-04-12 07:00,62,11
L9484715,TZ,TZ-15,TZ-15-MJ,-6.1648831,39.1923437,Stone Town,2026-09-02 11:58,41,30
L10847147,TZ,TZ-15,TZ-15-MJ,-6.161923,39.186409,Stone Town--Beachfront,2026-07-24 07:59,40,29
L29026369,TZ,TZ-15,TZ-15-MJ,-6.1616781,39.1871759,Stone Town--Tembo House,2026-07-07 15:54,14,9
L7425669,TZ,TZ-15,TZ-15-MA,-6.2909847,39.093647,Stone Town--Zanzibar Ferry,2025-09-28 10:13,26,14
L7976466,TZ,TZ-15,TZ-15-MJ,-6.1607977,39.1886991,Stone town--Forodhani Gardens,2026-08-27 09:00,24,19
L4436886,TZ,TZ-15,TZ-15-MJ,-6.1632623,39.185864,Stone town--Zanzibar Serena Inn,2026-09-06 15:47,69,41
L2285466,TZ,TZ-07,TZ-07-KA,-5.8245602,39.3581343,Sunshine Marine Lodge,2026-08-19 10:47,66,23
L13103933,TZ,TZ-06,TZ-06-MI,-4.9381898,39.6748902,Swahili Divers and Gecko Nature Lodge (IBA TZ076),2026-08-27 10:36,93,116
L5144277,TZ,TZ-11,TZ-11-KU,-6.4547772,39.4738877,Swahilli Beach Resort,2026-05-22 13:15,34,14
L3158013,TZ,TZ-09,TZ-09-MR,-3.5332154,37.3001826,TPC Club--River House,2025-01-27 07:47,207,11
L3656650,TZ,TZ-09,TZ-09-MR,-3.465188,37.3155355,TPC Sugar Cane Plantations,2025-08-25 11:38,313,75
L6706203,TZ,TZ-09,TZ-09-MR,-3.5185184,37.363075,TPC Sugar Cane Plantations--Murram Pools,2026-09-08 12:23,196,29
L5984242,TZ,TZ-09,TZ-09-HA,-3.4599618,37.2906876,TPC Sugar Cane Plantations--Pangani River,2025-02-14 09:15,68,5
L32948600,TZ,TZ-24,TZ-24-TA,-5.1109793,32.9318485,Tabora Rural-Ndewelva/itulu (Atlas Grid 3205B),2026-02-09 13:50,121,12
L33069065,TZ,TZ-24,TZ-24-KA,-4.7104047,32.3568822,Tabora-NE_Ulyankulu (Atlas Grid 3204C),2026-02-08 16:00,120,7
L1326598,TZ,TZ-01,TZ-01-MO,-3.6792658,36.0138284,Tamarind Camp,2025-08-15 07:00,161,11
L14073757,TZ,TZ-16,TZ-16-KI,-7.3948763,37.0016581,Tan-Swiss Lodge,2026-02-24 06:50,77,32
L5832554,TZ,TZ-08,TZ-08-KU,-4.8612534,29.6229397,Tanapa Harbour,2025-07-15 08:00,62,5
L54704830,TZ,TZ-26,TZ-26-BA,-3.7133135,35.9651867,Tangerireb NP,2026-09-20 11:35,278,84
L22053555,TZ,TZ-26,TZ-26-BA,-3.7756565,36.0445245,"Tarangiere NP--Small Serengeti (-3.776, 36.045)",2026-09-25 08:45,317,161
L1044008,TZ,TZ-26,TZ-26-BA,-4.002641,35.9783363,Tarangire NP,2026-09-25 07:29,556,2074
L4377565,TZ,TZ-26,TZ-26-BA,-3.7386609,35.9701878,Tarangire NP--Entrance Gate,2026-09-23 17:28,412,699
L13226210,TZ,TZ-26,TZ-26-BA,-4.0586996,36.0731149,Tarangire NP--Kuro Tarangire Camp,2026-09-10 08:54,332,70
L7600771,TZ,TZ-26,TZ-26-BA,-3.7578162,36.02741,Tarangire NP--Lemiyon Circuit Grasslands,2026-09-04 13:24,343,244
L19022076,TZ,TZ-26,TZ-26-BA,-3.77,35.981,Tarangire NP--Matete Picnic Site,2026-08-04 08:16,270,93
L5526369,TZ,TZ-26,TZ-26-BA,-3.7853374,36.0479316,Tarangire NP--Matete Picnic Site,2026-09-24 14:14,338,196
L13001715,TZ,TZ-26,TZ-26-BA,-3.7792846,35.9645205,Tarangire NP--Public Campsite,2026-09-02 13:39,260,89
L22050177,TZ,TZ-26,TZ-26-BA,-3.7768353,35.9975746,Tarangire NP--River Loop,2026-09-24 11:22,395,432
L7688179,TZ,TZ-26,TZ-26-BA,-3.948687,35.8657265,Tarangire NP--Sangaiwe Tented Lodge,2026-09-11 07:28,271,84
L4531722,TZ,TZ-26,TZ-26-BA,-4.021595,36.12108,Tarangire NP--Silale Swamp,2026-09-03 17:53,441,348
L1045150,TZ,TZ-26,TZ-26-BA,-4.0385048,35.9691739,Tarangire NP--Swala Camp,2026-02-17 15:55,204,15
L21554084,TZ,TZ-26,TZ-26-BA,-3.7906156,35.9577584,Tarangire NP--Tarangire River Camp,2026-09-04 10:54,304,38
L1122430,TZ,TZ-26,TZ-26-BA,-3.7704923,36.0216963,Tarangire NP--Tarangire Safari Lodge,2026-09-21 07:47,431,836
L5709535,TZ,TZ-26,TZ-26-BA,-3.9338413,35.8868355,Tarangire NP--Tarangire Simba Lodge,2026-09-17 07:23,296,68
L7760328,TZ,TZ-26,TZ-26-BA,-3.9077357,36.09471,Tarangire NP--Tarangire Sopa Lodge,2026-09-03 11:50,397,367
L6553192,TZ,TZ-01,TZ-01-MO,-3.6137918,36.0876306,Tarangire Porini Camp,2026-03-22 07:29,226,8
L7644284,TZ,TZ-01,TZ-01-MO,-3.7751376,36.1540157,Tarangire Treetops,2026-07-06 20:18,257,29
L21808978,TZ,TZ-06,TZ-06-MI,-4.8870611,39.6789651,The Aiyana Resort (IBA TZ076),2026-03-22 15:53,45,14
L57530883,TZ,TZ-01,TZ-01-AU,-3.384158,36.612964,The Blue Heron,2026-08-21 13:07,131,17
L21843546,TZ,TZ-16,TZ-16-MU,-6.843142,37.6747812,The Dutch Compound,2026-09-25 06:00,90,342
L10182626,TZ,TZ-01,TZ-01-KA,-3.298214,35.6713121,The Retreat at Ngorongoro,2026-02-12 17:34,58,22
L17617421,TZ,TZ-01,TZ-01-AR,-3.3297335,36.7204392,Themi Falls Leisure Park,2026-08-28 13:09,119,47
L4842057,TZ,TZ-01,TZ-01-LO,-2.9604843,36.9511843,Tinga-Tinga Village,2026-05-18 13:45,96,10
L4262160,TZ,TZ-01,TZ-01-KA,-3.30874,35.6645055,Tloma Lodge,2026-09-19 06:43,174,142
L3749108,TZ,TZ-09,TZ-09-SA,-4.1920473,37.9423839,Tona Lodge,2026-07-17 08:54,59,3
L28018596,TZ,TZ-12,TZ-12-KI,-8.4231269,39.0068751,Tong'omba Forest Reserve,2008-08-11 08:30,39,2
L5050646,TZ,TZ-02,TZ-02-IL,-6.8609675,39.204087,Transit Motel Airport,2026-03-24 09:30,20,6
L10825862,TZ,TZ-07,TZ-07-KA,-5.800574,39.20619,Tumbatu Island--Western Reef,2025-01-26 11:55,12,3
L57460403,TZ,TZ-01,TZ-01-AU,-3.393314,36.629078,Tumbili Lodge,2026-06-14 15:39,123,31
L1329170,TZ,TZ-04,TZ-04-IR,-7.8348371,35.0945918,Tungamalenga (village),2026-09-11 09:56,361,301
L26374324,TZ,TZ-24,TZ-24-UY,-5.526095,33.832575,Tura-Lake Chaya (Atlas Grid 3305D),2025-09-25 17:35,94,6
L14010572,TZ,TZ-16,TZ-16-KO,-7.8484599,36.8893433,Twiga Hotel,2026-09-19 07:58,120,49
L18942043,TZ,TZ-04,TZ-04-KI,-7.774,36.493,Udzugwa Luala Camp,2026-08-07 14:43,132,73
L21457595,TZ,TZ-16,TZ-16-KO,-7.8462704,36.8911672,Udzungwa Ecological Monitoring Center,2026-09-19 07:58,127,49
L1328608,TZ,TZ-04,TZ-04-KI,-7.7781399,36.799833,Udzungwa Mountains NP (Iringa Province),2025-06-20 06:36,210,48
L6564717,TZ,TZ-16,TZ-16-KO,-7.8109614,36.8962955,Udzungwa Mountains NP (Morogoro Region),2026-09-19 09:24,412,417
L9816100,TZ,TZ-16,TZ-16-KO,-7.8350034,36.8898102,Udzungwa Mountains NP (Morogoro Region) --- Hondo Hondo Udzungwa Forest Camp,2026-09-19 09:24,192,127
L56452865,TZ,TZ-16,TZ-16-KO,-7.8728524,36.8811885,Udzungwa Mountains NP (Morogoro Region) --- Ichonde Trail,2026-09-18 15:38,30,10
L8048093,TZ,TZ-16,TZ-16-KO,-7.844723,36.884063,Udzungwa Mountains NP (Morogoro Region) --- Park Headquarters,2026-09-18 14:05,234,84
L4438852,TZ,TZ-16,TZ-16-KO,-7.7725667,36.9046211,Udzungwa Mountains NP (Morogoro Region) --- Sanje Falls,2026-06-29 09:52,229,38
L54871080,TZ,TZ-16,TZ-16-KO,-7.7316594,36.9210148,Udzungwa Mountains NP (Morogoro Region) --- Udzungwa Falls Lodge,2026-03-04 15:06,47,5
L19019840,TZ,TZ-04,TZ-04-KI,-8.247,36.012,Udzungwa Scarp Forest,2026-08-13 07:37,151,110
L19041991,TZ,TZ-04,TZ-04-KI,-8.218185,36.0326296,"Udzungwa Scarp Nature Reserve, Kilambo campsite",2026-08-11 13:01,72,10
L26950475,TZ,TZ-24,TZ-24-KA,-5.7156025,31.8290944,Ugalla River NP (Atlas Grid 3105D),2025-09-21 10:09,166,8
L16463919,TZ,TZ-09,TZ-09-MO,-3.3502184,37.3400497,Uhuru Park,2026-08-28 07:02,98,33
L30092094,TZ,TZ-16,TZ-16-GA,-6.3532521,36.9662824,Ukaguru Mountains - Mandege,2026-09-10 08:02,31,2
L15760308,TZ,TZ-16,TZ-16-GA,-6.372638,36.930019,Ukaguru Mountains--Mamiwa-Kisara North Forest Reserve,2026-09-09 15:23,182,143
L13613844,TZ,TZ-16,TZ-16-MO,-6.8844588,37.7204468,Uluguru Nature Forest Reserve,2026-09-21 09:08,345,323
L55927107,TZ,TZ-16,TZ-16-MO,-6.899555,37.671957,Uluguru Nature Forest Reserve --- Bondwa Forest Trail,2026-09-21 09:08,214,96
L8047630,TZ,TZ-16,TZ-16-MV,-7.0282,37.6322,Uluguru Nature Forest Reserve --- Bunduki Camp,2026-09-20 10:30,262,124
L18645632,TZ,TZ-16,TZ-16-MO,-6.937,37.709,Uluguru Nature Forest Reserve --- Forest above Tegetero Mission,2026-09-12 09:45,160,81
L1331307,TZ,TZ-16,TZ-16-MO,-6.8572237,37.7024945,Uluguru Nature Forest Reserve --- Lupanga Forest Trail,2025-12-19 17:22,122,9
L7148328,TZ,TZ-11,TZ-11-KU,-6.4464457,39.4650793,Unguja Lodge,2025-10-29 12:46,57,14
L1660716,TZ,TZ-02,TZ-02-KI,-6.7801576,39.2074678,University of Dar es Salaam,2026-08-15 12:05,194,66
L13419516,TZ,TZ-16,TZ-16-MO,-6.748949,38.1153865,Unknown Bwawa - Ngerengere,2020-08-15 09:45,1,0
L9998103,TZ,TZ-09,TZ-09-MW,-3.7327665,37.6551507,Usangi Mountains,2025-01-30 08:23,81,6
L7736442,TZ,TZ-25,TZ-25-PA,-5.5361605,38.969199,Ushango Beach Resort,2026-08-17 13:48,134,16
L32948472,TZ,TZ-24,TZ-24-UR,-5.09,32.26,Usisya Woodland (Atlas Grid 3205A),2026-03-08 07:30,96,4
L2207336,TZ,TZ-14,TZ-14-MR,-8.8860737,33.3205032,Utengule Coffee Lodge,2026-09-21 11:20,216,219
L22385343,TZ,TZ-11,TZ-11-KA,-6.3630197,39.402438,Uzi Island,2025-07-31 23:42,17,1
L4032174,TZ,TZ-06,TZ-06-MI,-4.9100719,39.6770811,Verani Beach Lodge (IBA TZ076),2015-11-27 09:00,36,4
L9845808,TZ,TZ-01,TZ-01-ME,-3.3722159,36.7678543,Vijiji Center Lodge,2026-08-21 10:04,68,9
L9902248,TZ,TZ-19,TZ-19-MK,-6.9869064,39.2795334,Vikindu Forest Reserve,2024-10-12 07:37,48,2
L23406877,TZ,TZ-06,TZ-06-MI,-4.8837425,39.6876812,Vumawimbi Beach (IBA TZ076),2026-03-14 13:00,18,1
L13109110,TZ,TZ-19,TZ-19-BA,-6.2468478,38.387132,Wami Bridge,2026-07-17 10:51,139,52
L10005980,TZ,TZ-19,TZ-19-BA,-6.1263202,38.8162241,Wami River Delta,2026-08-02 10:42,169,27
L2678275,TZ,TZ-16,TZ-16-MO,-6.30472,37.9738998,Wami-Mbiki WMA (Morogoro Province),2015-12-15 06:30,183,13
L10802210,TZ,TZ-07,TZ-07-KA,-5.728103,39.310989,Warere Beach Hotel,2026-05-05 16:37,31,11
L35718970,TZ,TZ-24,TZ-24-IG,-4.7740358,33.6493802,Wembere Steppe (Atlas Grid 3304D),2026-05-03 11:30,124,4
L3076393,TZ,TZ-09,TZ-09-HA,-3.3151829,37.2618525,Weru Weru River Lodge,2026-01-26 11:33,115,23
L1122419,TZ,TZ-25,TZ-25-KO,-5.0653,38.4106,West Usambara Mountains--Ambangulu Forest,2019-11-19 11:49,93,9
L1122417,TZ,TZ-25,TZ-25-KT,-5.108,38.4903,West Usambara Mountains--Ambangulu Road (IBA TZ071),2026-06-08 11:06,46,5
L1122418,TZ,TZ-25,TZ-25-KO,-5.0622,38.4236,West Usambara Mountains--Ambangulu Tea Estate,2003-03-07 12:30,25,2
L1122432,TZ,TZ-25,TZ-25-LU,-4.7981,38.2901,West Usambara Mountains--Lushoto town (IBA TZ071),2026-08-02 08:29,177,35
L5165102,TZ,TZ-25,TZ-25-LU,-4.6275007,38.2706165,West Usambara Mountains--Malindi wa Juu (IBA TZ071),2016-11-11 11:00,7,0
L2098579,TZ,TZ-25,TZ-25-LU,-4.503955,38.2172701,West Usambara Mountains--Mambo ViewPioint Eco Lodge (IBA TZ071),2024-07-29 06:59,124,22
L1328216,TZ,TZ-25,TZ-25-LU,-4.8480737,38.2936859,West Usambara Mountains--Mombo-Lushoto Road (IBA TZ071),2026-06-06 11:33,124,36
L1328214,TZ,TZ-25,TZ-25-LU,-4.7592925,38.3352291,West Usambara Mountains--Muller's Lodge & lower Mzuki Forest Reserve (IBA TZ071),2026-07-14 20:00,281,302
L6500145,TZ,TZ-25,TZ-25-LU,-4.7517951,38.3343029,West Usambara Mountains--Mzuki Forest Reserve Upper (IBA TZ071),2026-07-13 07:18,143,15
L1122433,TZ,TZ-25,TZ-25-LU,-4.7273,38.2506,West Usambara Mountains--Old Sawmill Track (IBA TZ071),2026-09-04 09:05,256,432
L5165110,TZ,TZ-25,TZ-25-LU,-4.5769811,38.2430649,West Usambara Mountains--Rangwi Valley (IBA TZ071),2016-11-11 15:15,17,2
L6000607,TZ,TZ-01,TZ-01-LO,-2.9989273,36.8759966,West-Kili Ranch (Historical),2023-09-04 17:46,25,0
L17039678,TZ,TZ-04,TZ-04-IU,-7.7671982,35.697425,Wilolesi,2026-04-16 05:04,64,7
L3606521,TZ,TZ-01,TZ-01-NG,-2.63765,35.87794,Worldview Campsite,2026-02-11 06:30,166,11
L12902408,TZ,TZ-23,TZ-23-MK,-4.0005652,34.9875975,Yaeda Valley,2026-04-20 15:35,196,28
L35363338,TZ,TZ-21,TZ-21-TU,-10.3705518,36.7020304,Yao Camp,2025-08-01 05:15,153,4
L25655987,TZ,TZ-16,TZ-16-KI,-6.8210898,37.0272407,Yapı Merkezi Camp - Kilosa,2026-09-10 10:03,30,4
L29683495,TZ,TZ-15,TZ-15-MA,-6.202561,39.206472,Zanzibar beach resort,2026-08-22 17:51,34,10
L5746987,TZ,TZ-11,TZ-11-KA,-6.1666676,39.5252037,Zawadi Hotel,2025-09-01 09:31,38,9
L1326284,TZ,TZ-25,TZ-25-MU,-5.099837,38.6636353,Zigi (town),2026-08-17 13:48,112,24
