L1033916,VG,VG-,,18.7235681,-64.3564939,Bumber Well Pond,2026-06-25 12:21,67,28
L1284829,VG,VG-,,18.4258734,-64.6605492,Cane Garden Bay ,2026-09-15 00:00,63,78
L617650,VG,VG-,,18.3787187,-64.5101738,Cooper Island,2026-06-20 08:38,46,46
L1004436,VG,VG-,,18.4269523,-64.4435692,Devil's Bay (The Baths) National Park,2026-09-10 09:53,39,48
L744376,VG,VG-,,18.4829466,-64.4580746,Great Dog Island,2026-06-29 06:05,30,13
L629760,VG,VG-,,18.4745822,-64.5733774,Guana Island,2026-06-23 07:49,68,120
L1521819,VG,VG-,,18.4441669,-64.5843219,Josiah's Bay Pond,2026-07-08 11:19,73,86
L617648,VG,VG-,,18.4425658,-64.7487617,Jost Van Dyke--Great Harbor,2026-06-15 08:36,68,113
L443897,VG,VG-,,18.4448863,-64.5497847,Long Bay Beach Lagoon,2026-08-18 11:01,75,118
L629728,VG,VG-,,18.3172924,-64.6127844,Norman Island,2026-07-11 11:51,56,76
L617647,VG,VG-,,18.3160702,-64.6235991,Norman Island--Treasure Point caves,2026-07-17 18:13,44,28
L629747,VG,VG-,,18.3541997,-64.5757055,Peter Island,2026-06-23 13:37,50,42
L629947,VG,VG-,,18.5043137,-64.3612039,Prickly Pear Island--lagoons,2026-09-10 08:15,62,32
L767576,VG,VG-,,18.7367363,-64.3552494,Red Pond,2026-06-25 14:13,71,43
L630135,VG,VG-,,18.40598,-64.65679,Sage Mountain NP,2026-06-27 04:17,71,63
L617641,VG,VG-,,18.3706547,-64.5269966,Salt Island,2025-06-23 12:22,31,13
L617645,VG,VG-,,18.3318269,-64.6288669,The Indians,2026-06-28 09:55,22,38
L617665,VG,VG-,,18.444927,-64.543047,Tortola--Beef Island Airport,2026-07-08 12:37,71,57
L629936,VG,VG-,,18.4458227,-64.4361448,Virgin Gorda--Spanish Town,2026-06-23 08:37,49,36
L629939,VG,VG-,,18.4324182,-64.4435316,Virigin Gorda--The Baths,2026-06-20 08:08,53,70
L1334942,VG,VG-,,18.7053766,-64.297084,White Bay Pond,2024-06-19 16:00,46,11
