L3131131,VU,VU-TAE,,-19.456413,169.227206,Aéroport de Whitegrass,2026-07-14 08:06,53,280
L1831128,VU,VU-SAM,,-15.2233012,166.9124837,Big Bay NP,2022-11-06 06:00,42,2
L4285109,VU,VU-SEE,,-17.7614589,168.556602,Blue Lagoon,2026-08-10 15:16,33,18
L2812287,VU,VU-SEE,,-17.7334814,168.4144878,Emaotul Lake,2026-06-18 09:00,35,27
L6139375,VU,VU-SEE,,-17.799082,168.349667,Eratap Beach Resort,2026-07-04 07:03,34,23
L7951482,VU,VU-SEE,,-17.6758817,168.2592085,Evergreen Cascades Waterfall,2025-08-12 10:53,24,16
L6495540,VU,VU-SEE,,-17.5961111,168.245,"Havannah Harbour, Trees and Fishes Resort",2026-07-03 11:21,37,15
L3223778,VU,VU-SEE,,-17.7444767,168.309474,"Iririki Island, Vanuatu",2026-06-19 13:43,38,35
L1335164,VU,VU-MAP,,-16.2234206,167.9350705,Lake Lonwolwol,2026-08-09 19:30,36,27
L1335307,VU,VU-SAM,,-15.2230583,167.1479994,Loru,2026-09-18 14:40,51,111
L4295108,VU,VU-SAM,,-15.6651889,167.1802425,Malo Island,2010-01-31 00:00,2,0
L8188488,VU,VU-SAM,,-15.3766273,167.1757854,Montevulu Blue Hole,2026-09-20 08:00,37,38
L1934134,VU,VU-TAE,,-20.25,169.772222,Mystery Island,2026-07-10 07:54,28,45
L4295107,VU,VU-SAM,,-15.4806477,167.2561169,Palikulo Point,2026-09-20 09:35,36,21
L2317384,VU,VU-SEE,,-17.7813818,168.2621384,Pango Point,2026-07-15 07:19,40,43
L7957633,VU,VU-SEE,,-17.7636901,168.2799657,Pango Pt remnant Vanuatu scrubfowl habitat,2026-09-01 16:53,29,21
L2964996,VU,VU-SAM,,-15.3476535,167.1757364,Pelon Road,2026-08-21 07:55,39,9
L3499870,VU,VU-SEE,,-17.7377733,168.3127463,Port Vila waterfront,2026-09-18 10:41,41,121
L4285103,VU,VU-SEE,,-17.799239,168.455236,Rentapao River,2026-08-16 15:40,50,71
L4335545,VU,VU-SAM,,-15.46737,166.79869,Santo Peak,2017-07-27 00:00,42,18
L3320578,VU,VU-SAM,,-15.5061229,167.2202396,Santo-Pekoa International Airport,2026-09-20 14:14,34,28
L2867600,VU,VU-SEE,,-17.6823407,168.2387924,Summit Gardens,2026-09-21 08:59,40,54
L2207335,VU,VU-SEE,,-17.7831799,168.3847046,Teuma Prawn Farm,2025-08-10 05:50,56,42
L2963530,VU,VU-SAM,,-15.3570965,167.1915722,Turtle Bay Resort,2026-09-20 12:00,26,29
L2373175,VU,VU-MAP,,-16.0898565,167.4589004,"Uripiv Island, Vanuatu",2019-05-09 13:55,19,3
L5980558,VU,VU-SAM,,-15.538588,167.180536,Vanuatu-Aore island,2026-03-06 11:00,33,10
L1335317,VU,VU-SAM,,-15.2051753,166.9392598,Vatthe,2025-09-26 09:39,51,14
