L3891884,YE,YE-MW,,15.4633,43.895,Al Ahjar,2008-12-04 14:10,32,4
L3903220,YE,YE-HU,,15.10505,42.871783,Al Arj Wetland,2009-11-27 10:55,127,3
L946291,YE,YE-MW,,15.4795723,43.5369301,Al Mahwit Forest,2008-01-20 06:00,73,8
L8156616,YE,YE-AD,,12.8290158,44.9314046,Al husoh protected area,2025-07-04 06:44,136,11
L3903586,YE,YE-MW,,15.4901,43.5193,Al-Rayadi Cliffs,2009-05-09 16:20,18,3
L43624726,YE,YE-HD,,12.3447895,54.021703,Aomak Beach,2025-02-22 08:00,2,1
L49783559,YE,YE-TA,,13.2068526,44.1207531,At Turbah,1999-10-07 07:00,24,2
L3892009,YE,YE-HD,,12.6083437,53.8588858,Deham,2024-10-30 10:32,42,11
L38543812,YE,YE-HD,,12.7012526,53.5118994,Detwah Lagoon Campsite,2024-12-01 06:21,13,3
L7573376,YE,YE-HD,,12.5122938,53.6965156,Diksam Plateau--top,2022-05-31 08:00,21,6
L3892049,YE,YE-HD,,12.521233,53.966417,Dixem Plateau,2025-02-23 06:30,55,29
L7636638,YE,YE-HD,,12.5846173,54.0309978,Hajhir Mountains,2022-03-20 07:00,8,1
L3903451,YE,YE-SN,,15.002336,44.164319,Hammam Jaref,2009-12-22 10:15,60,5
L3903200,YE,YE-HU,,14.868944,42.952639,Hudaida Mangrove,2009-11-27 08:05,105,12
L3892066,YE,YE-HD,,12.696433,54.097883,Hulaf Coast,2024-11-01 06:18,41,17
L3891872,YE,YE-MW,,15.4995062,43.9001226,Jabal Kaukaban,2008-12-04 12:25,33,2
L3903482,YE,YE-TA,,13.516406,44.052624,Jabel Saber,2020-06-05 01:21,26,4
L3903568,YE,YE-MW,,15.5,43.9,Kawkaban,2009-05-09 07:29,66,17
L3892098,YE,YE-HD,,12.636,54.207633,Khor Quryah,2026-03-22 08:42,55,17
L3891933,YE,YE-HD,,12.668121,54.0607703,Khor Sirhin,2024-10-29 17:20,43,13
L7573341,YE,YE-HD,,12.6386633,53.9386439,Mori Lagoon,2025-02-25 15:00,62,29
L3892167,YE,YE-HD,,12.687318,53.483119,Qalansiyah,2025-02-28 16:15,95,42
L946294,YE,YE-MR,,15.4300188,51.7238045,Qishn Beach
L3903230,YE,YE-HU,,15.302633,42.66865,Salif Port,2009-11-27 11:35,19,1
L28390729,YE,YE-HD,,12.6833388,54.1260925,Saqrh,2023-11-17 06:15,10,1
L38543770,YE,YE-HD,,12.5728907,53.3991912,Shoab Beach,2024-12-01 08:24,11,1
L10135099,YE,YE-HD,,12.6045799,54.1646452,Socotra,2025-02-22 08:00,117,20
L7573368,YE,YE-HD,,12.6295342,53.9054382,Socotra Airport,2026-03-17 13:50,13,11
L3891798,YE,YE-SN,,15.450233,44.061583,Thula Road,2012-02-05 07:00,37,4
L3903599,YE,YE-TA,,13.4446,44.1666,Wadi Al Ahjur,2009-05-10 07:50,41,4
L3892113,YE,YE-HD,,12.618183,53.948533,Wadi Ayhaft National Park,2026-03-24 10:38,40,42
L3903428,YE,YE-SN,,15.07455,43.738817,Wadi Dhabab,2012-07-10 06:00,90,7
L3903540,YE,YE-TA,,13.5238,43.9418,Wadi Dhabab,2019-11-08 14:40,51,6
L3903557,YE,YE-IB,,13.8345,44.1147,Wadi Dhi Sufal,2009-05-08 14:34,41,2
L3891980,YE,YE-HD,,12.648517,54.031433,Wadi Dihazafaq,2024-02-08 09:36,36,9
L3903194,YE,YE-SN,,15.227283,44.1754,Wadi Hamel,2009-11-26 10:07,60,8
L3892142,YE,YE-HD,,12.664283,54.050167,Wadi Shoq,2024-10-31 16:23,24,10
L7573352,YE,YE-HD,,12.6590558,54.0371776,Wadi Sirhan,2025-03-02 11:15,112,50
